ISO-10303-21;
HEADER;
/* Generated by software containing ST-Developer
 * from STEP Tools, Inc. (www.steptools.com) 
 */

FILE_DESCRIPTION(
/* description */ (''),
/* implementation_level */ '2;1');

FILE_NAME(
/* name */ 'P:\\E-Switch Secure\\3D_MODELS_STP_FORMAT\\TL1015AFxxxQG.s
tp',
/* time_stamp */ '2022-07-18T17:13:29-05:00',
/* author */ ('mwilliams'),
/* organization */ (''),
/* preprocessor_version */ 'ST-DEVELOPER v18',
/* originating_system */ 'Autodesk Inventor 2020',
/* authorisation */ '');

FILE_SCHEMA (('AUTOMOTIVE_DESIGN { 1 0 10303 214 3 1 1 }'));
ENDSEC;

DATA;
#10=MECHANICAL_DESIGN_GEOMETRIC_PRESENTATION_REPRESENTATION('',(#4206,#4207,
#4208,#4209,#4210,#4211,#4212,#4213,#4214,#4215,#4216,#4217,#4218,#4219,
#4220,#4221,#4222,#4223,#4224,#4225,#4226,#4227,#4228,#4229,#4230,#4231,
#4232,#4233,#4234,#4235,#4236,#4237,#4238,#4239,#4240,#4241,#4242,#4243,
#4244,#4245,#4246,#4247,#4248,#4249,#4250,#4251,#4252,#4253,#4254,#4255,
#4256,#4257,#4258,#4259,#4260,#4261,#4262,#4263,#4264,#4265,#4266,#4267,
#4268,#4269,#4270,#4271,#4272,#4273,#4274,#4275,#4276,#4277,#4278,#4279,
#4280,#4281,#4282,#4283,#4284,#4285,#4286,#4287,#4288,#4289,#4290,#4291,
#4292,#4293,#4294,#4295,#4296,#4297,#4298,#4299,#4300,#4301,#4302,#4303,
#4304,#4305,#4306,#4307,#4308,#4309,#4310,#4311,#4312,#4313,#4314,#4315,
#4316,#4317,#4318,#4319,#4320,#4321,#4322,#4323,#4324,#4325,#4326,#4327,
#4328,#4329,#4330,#4331,#4332,#4333,#4334,#4335,#4336,#4337,#4338,#4339,
#4340,#4341,#4342,#4343,#4344,#4345,#4346,#4347,#4348,#4349,#4350,#4351,
#4352,#4353,#4354,#4355,#4356,#4357,#4358,#4359,#4360,#4361,#4362,#4363,
#4364,#4365,#4366,#4367,#4368,#4369,#4370,#4371,#4372,#4373,#4374,#4375,
#4376,#4377,#4378,#4379,#4380,#4381,#4382,#4383,#4384,#4385,#4386,#4387,
#4388,#4389,#4390,#4391,#4392,#4393,#4394,#4395,#4396,#4397,#4398,#4399,
#4400,#4401,#4402,#4403,#4404,#4405,#4406,#4407,#4408,#4409,#4410,#4411,
#4412,#4413,#4414,#4415,#4416,#4417,#4418,#4419,#4420,#4421,#4422,#4423,
#4424,#4425,#4426,#4427,#4428,#4429,#4430,#4431,#4432,#4433,#4434,#4435,
#4436,#4437,#4438,#4439,#4440,#4441,#4442,#4443,#4444,#4445,#4446,#4447,
#4448,#4449,#4450),#8397);
#11=SHAPE_REPRESENTATION_RELATIONSHIP('SRR','None',#8407,#12);
#12=ADVANCED_BREP_SHAPE_REPRESENTATION('',(#112,#113,#114,#115,#116),#8396);
#13=TOROIDAL_SURFACE('',#5009,0.0354330708661417,0.00393700787401575);
#14=ELLIPSE('',#4819,0.0056805475633459,0.00551181102362205);
#15=ELLIPSE('',#4823,0.0056805475633459,0.00551181102362205);
#16=ELLIPSE('',#4852,0.00551194297688297,0.00551181102362205);
#17=ELLIPSE('',#4855,0.0056805475633459,0.00551181102362205);
#18=ELLIPSE('',#4858,0.00551194297688297,0.00551181102362205);
#19=ELLIPSE('',#4860,0.00569050108239315,0.00551181102362205);
#20=ELLIPSE('',#4863,0.00569050108239315,0.00551181102362205);
#21=ELLIPSE('',#4866,0.00551194297688297,0.00551181102362205);
#22=ELLIPSE('',#4868,0.00551194297688297,0.00551181102362205);
#23=ELLIPSE('',#4871,0.00551194297688297,0.00551181102362205);
#24=ELLIPSE('',#4874,0.00569050108239315,0.00551181102362205);
#25=ELLIPSE('',#4875,0.00551194297688297,0.00551181102362205);
#26=ELLIPSE('',#4880,0.0056805475633459,0.00551181102362205);
#27=ELLIPSE('',#4883,0.00569050108239315,0.00551181102362205);
#28=ELLIPSE('',#4886,0.00551194297688297,0.00551181102362205);
#29=ELLIPSE('',#4888,0.00551194297688297,0.00551181102362205);
#30=B_SPLINE_CURVE_WITH_KNOTS('',3,(#6628,#6629,#6630,#6631,#6632,#6633),
 .UNSPECIFIED.,.F.,.F.,(4,2,4),(0.,0.00279345141029844,0.00562493140551936),
 .UNSPECIFIED.);
#31=B_SPLINE_CURVE_WITH_KNOTS('',3,(#6635,#6636,#6637,#6638,#6639,#6640,
#6641),.UNSPECIFIED.,.F.,.F.,(4,1,1,1,4),(0.014396679749523,0.0346537564999122,
0.0481584743335049,0.0549108332503013,0.0616631921670977),.UNSPECIFIED.);
#32=B_SPLINE_CURVE_WITH_KNOTS('',3,(#6662,#6663,#6664,#6665),
 .UNSPECIFIED.,.F.,.F.,(4,4),(0.,0.00103554046664171),.UNSPECIFIED.);
#33=B_SPLINE_CURVE_WITH_KNOTS('',3,(#6684,#6685,#6686,#6687),
 .UNSPECIFIED.,.F.,.F.,(4,4),(0.000577963501848357,0.0159907209516176),
 .UNSPECIFIED.);
#34=B_SPLINE_CURVE_WITH_KNOTS('',3,(#6690,#6691,#6692,#6693),
 .UNSPECIFIED.,.F.,.F.,(4,4),(-0.0159907209516176,-2.85773041960656E-5),
 .UNSPECIFIED.);
#35=B_SPLINE_CURVE_WITH_KNOTS('',3,(#6713,#6714,#6715,#6716,#6717,#6718,
#6719,#6720),.UNSPECIFIED.,.F.,.F.,(4,2,2,4),(-0.0422231997897137,-0.0387012137007365,
-0.0329729455186885,-0.0305506112164921),.UNSPECIFIED.);
#36=B_SPLINE_CURVE_WITH_KNOTS('',3,(#6722,#6723,#6724,#6725,#6726,#6727),
 .UNSPECIFIED.,.F.,.F.,(4,2,4),(-0.000278667124397374,0.,0.0498815278187897),
 .UNSPECIFIED.);
#37=B_SPLINE_CURVE_WITH_KNOTS('',3,(#6730,#6731,#6732,#6733,#6734,#6735),
 .UNSPECIFIED.,.F.,.F.,(4,2,4),(-0.00580725428718023,0.,0.000314928551400437),
 .UNSPECIFIED.);
#38=B_SPLINE_CURVE_WITH_KNOTS('',3,(#6770,#6771,#6772,#6773,#6774,#6775),
 .UNSPECIFIED.,.F.,.F.,(4,2,4),(0.,0.00282961350555596,0.00562492762713127),
 .UNSPECIFIED.);
#39=B_SPLINE_CURVE_WITH_KNOTS('',3,(#6780,#6781,#6782,#6783,#6784,#6785,
#6786,#6787),.UNSPECIFIED.,.F.,.F.,(4,1,1,1,1,4),(0.000328015975054545,
0.00539228518172493,0.0104565543883953,0.0205850928017361,0.0256493620084065,
0.0475945285706448),.UNSPECIFIED.);
#40=B_SPLINE_CURVE_WITH_KNOTS('',3,(#6806,#6807,#6808,#6809),
 .UNSPECIFIED.,.F.,.F.,(4,4),(-3.79484353407946E-6,0.00103174562310637),
 .UNSPECIFIED.);
#41=B_SPLINE_CURVE_WITH_KNOTS('',3,(#6835,#6836,#6837,#6838,#6839,#6840,
#6841,#6842,#6843,#6844,#6845,#6846,#6847),.UNSPECIFIED.,.F.,.F.,(4,3,3,
3,4),(0.,0.00160416959145492,0.00635644934209134,0.00965882419447188,0.0111382184572032),
 .UNSPECIFIED.);
#42=B_SPLINE_CURVE_WITH_KNOTS('',3,(#6849,#6850,#6851,#6852),
 .UNSPECIFIED.,.F.,.F.,(4,4),(0.0606528168619496,0.0766950107267294),
 .UNSPECIFIED.);
#43=B_SPLINE_CURVE_WITH_KNOTS('',3,(#6854,#6855,#6856,#6857,#6858,#6859,
#6860,#6861,#6862,#6863,#6864,#6865,#6866,#6867,#6868,#6869),
 .UNSPECIFIED.,.F.,.F.,(4,3,3,3,3,4),(0.0123989653118231,0.0139686886158627,
0.0158108788971563,0.0208831531510963,0.024131203636889,0.0268766859316957),
 .UNSPECIFIED.);
#44=B_SPLINE_CURVE_WITH_KNOTS('',3,(#6870,#6871,#6872,#6873,#6874,#6875),
 .UNSPECIFIED.,.F.,.F.,(4,2,4),(-0.0886952224619972,0.,0.000278667124397374),
 .UNSPECIFIED.);
#45=B_SPLINE_CURVE_WITH_KNOTS('',3,(#6902,#6903,#6904,#6905,#6906,#6907,
#6908,#6909,#6910,#6911,#6912,#6913,#6914),.UNSPECIFIED.,.F.,.F.,(4,3,3,
3,4),(0.0129061829253419,0.0141667351154061,0.0155390404267366,0.0189288886001775,
0.0240256065394188),.UNSPECIFIED.);
#46=B_SPLINE_CURVE_WITH_KNOTS('',3,(#6916,#6917,#6918,#6919,#6920,#6921),
 .UNSPECIFIED.,.F.,.F.,(4,2,4),(0.00984515468183538,0.0597266191149501,
0.0600053496116507),.UNSPECIFIED.);
#47=B_SPLINE_CURVE_WITH_KNOTS('',3,(#6923,#6924,#6925,#6926,#6927,#6928),
 .UNSPECIFIED.,.F.,.F.,(4,2,4),(-0.0600053496116507,-0.0597266191149501,
0.0289685399580346),.UNSPECIFIED.);
#48=B_SPLINE_CURVE_WITH_KNOTS('',3,(#6930,#6931,#6932,#6933,#6934,#6935,
#6936,#6937,#6938,#6939,#6940,#6941,#6942),.UNSPECIFIED.,.F.,.F.,(4,3,3,
3,4),(0.,0.00266590230941104,0.00778070386445907,0.0126150550222394,0.0144813387401248),
 .UNSPECIFIED.);
#49=B_SPLINE_CURVE_WITH_KNOTS('',3,(#6943,#6944,#6945,#6946),
 .UNSPECIFIED.,.F.,.F.,(4,4),(0.075008578034114,0.0909255366967679),
 .UNSPECIFIED.);
#50=B_SPLINE_CURVE_WITH_KNOTS('',3,(#6976,#6977,#6978,#6979,#6980,#6981,
#6982,#6983,#6984,#6985),.UNSPECIFIED.,.F.,.F.,(4,3,3,4),(-0.0599229855546784,
-0.0565800330064951,-0.0506972424138554,-0.0482494090480428),
 .UNSPECIFIED.);
#51=B_SPLINE_CURVE_WITH_KNOTS('',3,(#6989,#6990,#6991,#6992,#6993,#6994),
 .UNSPECIFIED.,.F.,.F.,(4,2,4),(-0.0584355008991178,-0.0581654257028592,
-0.0138822499353922),.UNSPECIFIED.);
#52=B_SPLINE_CURVE_WITH_KNOTS('',3,(#6996,#6997,#6998,#6999,#7000,#7001),
 .UNSPECIFIED.,.F.,.F.,(4,2,4),(-0.0177420270722079,0.,0.000274588522767025),
 .UNSPECIFIED.);
#53=B_SPLINE_CURVE_WITH_KNOTS('',3,(#7003,#7004,#7005,#7006,#7007,#7008),
 .UNSPECIFIED.,.F.,.F.,(4,2,4),(-0.0106133599832779,-0.0102917963615296,
-0.00449009555009963),.UNSPECIFIED.);
#54=B_SPLINE_CURVE_WITH_KNOTS('',3,(#7036,#7037,#7038,#7039,#7040,#7041,
#7042,#7043,#7044,#7045,#7046,#7047,#7048),.UNSPECIFIED.,.F.,.F.,(4,3,3,
3,4),(0.,0.00160416959099317,0.00635644934118902,0.00965882419433812,0.0111382184572896),
 .UNSPECIFIED.);
#55=B_SPLINE_CURVE_WITH_KNOTS('',3,(#7050,#7051,#7052,#7053),
 .UNSPECIFIED.,.F.,.F.,(4,4),(0.0606528168598888,0.0766950107247607),
 .UNSPECIFIED.);
#56=B_SPLINE_CURVE_WITH_KNOTS('',3,(#7055,#7056,#7057,#7058,#7059,#7060,
#7061,#7062,#7063,#7064,#7065,#7066,#7067,#7068,#7069,#7070),
 .UNSPECIFIED.,.F.,.F.,(4,3,3,3,3,4),(0.012398965311823,0.0139686886161382,
0.0158108788977943,0.0208831531528835,0.0241312036376075,0.0268766859317055),
 .UNSPECIFIED.);
#57=B_SPLINE_CURVE_WITH_KNOTS('',3,(#7072,#7073,#7074,#7075,#7076,#7077),
 .UNSPECIFIED.,.F.,.F.,(4,2,4),(-0.0886951590729851,0.,0.000278730496702712),
 .UNSPECIFIED.);
#58=B_SPLINE_CURVE_WITH_KNOTS('',3,(#7078,#7079,#7080,#7081,#7082,#7083),
 .UNSPECIFIED.,.F.,.F.,(4,2,4),(-0.000278730496702712,0.,0.0498814644332755),
 .UNSPECIFIED.);
#59=B_SPLINE_CURVE_WITH_KNOTS('',3,(#7110,#7111,#7112,#7113,#7114,#7115,
#7116,#7117,#7118,#7119,#7120,#7121,#7122),.UNSPECIFIED.,.F.,.F.,(4,3,3,
3,4),(0.0129061829253352,0.0141667351154652,0.0155390404270641,0.0189288886015831,
0.0240256065382887),.UNSPECIFIED.);
#60=B_SPLINE_CURVE_WITH_KNOTS('',3,(#7124,#7125,#7126,#7127,#7128,#7129),
 .UNSPECIFIED.,.F.,.F.,(4,2,4),(0.00984515468526352,0.0597266825039589,
0.0600053496283584),.UNSPECIFIED.);
#61=B_SPLINE_CURVE_WITH_KNOTS('',3,(#7131,#7132,#7133,#7134,#7135,#7136),
 .UNSPECIFIED.,.F.,.F.,(4,2,4),(-0.0600053496283584,-0.0597266825039589,
0.028968539958037),.UNSPECIFIED.);
#62=B_SPLINE_CURVE_WITH_KNOTS('',3,(#7138,#7139,#7140,#7141,#7142,#7143,
#7144,#7145,#7146,#7147,#7148,#7149,#7150),.UNSPECIFIED.,.F.,.F.,(4,3,3,
3,4),(0.,0.00266590230909956,0.00778070386420932,0.0126150550223306,0.014481338740128),
 .UNSPECIFIED.);
#63=B_SPLINE_CURVE_WITH_KNOTS('',3,(#7151,#7152,#7153,#7154),
 .UNSPECIFIED.,.F.,.F.,(4,4),(0.0750085780339997,0.0909255366965583),
 .UNSPECIFIED.);
#64=B_SPLINE_CURVE_WITH_KNOTS('',3,(#7184,#7185,#7186,#7187),
 .UNSPECIFIED.,.F.,.F.,(4,4),(0.0414110357646727,0.0568237932144423),
 .UNSPECIFIED.);
#65=B_SPLINE_CURVE_WITH_KNOTS('',3,(#7189,#7190,#7191,#7192,#7193,#7194),
 .UNSPECIFIED.,.F.,.F.,(4,2,4),(-0.010614996546907,-0.0103000679955044,
-0.00449281370832366),.UNSPECIFIED.);
#66=B_SPLINE_CURVE_WITH_KNOTS('',3,(#7197,#7198,#7199,#7200,#7201,#7202,
#7203,#7204,#7205,#7206),.UNSPECIFIED.,.F.,.F.,(4,3,3,4),(-0.0599229855546784,
-0.0565800330064951,-0.0506972424138554,-0.0482494090480428),
 .UNSPECIFIED.);
#67=B_SPLINE_CURVE_WITH_KNOTS('',3,(#7233,#7234,#7235,#7236,#7237,#7238),
 .UNSPECIFIED.,.F.,.F.,(4,2,4),(0.,0.00369758264793495,0.00744401707099689),
 .UNSPECIFIED.);
#68=B_SPLINE_CURVE_WITH_KNOTS('',3,(#7239,#7240,#7241,#7242,#7243,#7244),
 .UNSPECIFIED.,.F.,.F.,(4,2,4),(0.0132809931019693,0.0581654257028592,0.0584355008991178),
 .UNSPECIFIED.);
#69=B_SPLINE_CURVE_WITH_KNOTS('',3,(#7271,#7272,#7273,#7274,#7275,#7276),
 .UNSPECIFIED.,.F.,.F.,(4,2,4),(-0.000274588522767025,0.,0.0177420270722079),
 .UNSPECIFIED.);
#70=B_SPLINE_CURVE_WITH_KNOTS('',3,(#7368,#7369,#7370,#7371,#7372,#7373),
 .UNSPECIFIED.,.F.,.F.,(4,2,4),(0.,0.00374628786709804,0.00744401904469627),
 .UNSPECIFIED.);
#71=B_SPLINE_CURVE_WITH_KNOTS('',3,(#7375,#7376,#7377,#7378,#7379,#7380),
 .UNSPECIFIED.,.F.,.F.,(4,2,4),(-0.0442831765540759,0.,0.000270075196258521),
 .UNSPECIFIED.);
#72=B_SPLINE_CURVE_WITH_KNOTS('',3,(#7381,#7382,#7383,#7384,#7385,#7386),
 .UNSPECIFIED.,.F.,.F.,(4,2,4),(-0.000270075196258521,0.,0.0448844326008899),
 .UNSPECIFIED.);
#73=B_SPLINE_CURVE_WITH_KNOTS('',3,(#7414,#7415,#7416,#7417,#7418,#7419),
 .UNSPECIFIED.,.F.,.F.,(4,2,4),(0.0414110299267152,0.059153056998923,0.05942764552169),
 .UNSPECIFIED.);
#74=B_SPLINE_CURVE_WITH_KNOTS('',3,(#7420,#7421,#7422,#7423,#7424,#7425),
 .UNSPECIFIED.,.F.,.F.,(4,2,4),(-0.05942764552169,-0.059153056998923,-0.0414110299267152),
 .UNSPECIFIED.);
#75=B_SPLINE_CURVE_WITH_KNOTS('',3,(#7451,#7452,#7453,#7454,#7455,#7456),
 .UNSPECIFIED.,.F.,.F.,(4,2,4),(-0.00580170081143116,0.,0.000321563621749948),
 .UNSPECIFIED.);
#76=B_SPLINE_CURVE_WITH_KNOTS('',3,(#7477,#7478,#7479,#7480,#7481,#7482,
#7483,#7484),.UNSPECIFIED.,.F.,.F.,(4,2,2,4),(-0.0422231997897138,-0.0387012137007365,
-0.0329729455186885,-0.0305506112164921),.UNSPECIFIED.);
#77=B_SPLINE_CURVE_WITH_KNOTS('',3,(#7518,#7519,#7520,#7521),
 .UNSPECIFIED.,.F.,.F.,(4,4),(-0.057373179412094,-0.0414110357646727),
 .UNSPECIFIED.);
#78=B_SPLINE_CURVE_WITH_KNOTS('',3,(#7564,#7565,#7566,#7567,#7568,#7569,
#7570,#7571,#7572,#7573,#7574,#7575,#7576,#7577,#7578,#7579),
 .UNSPECIFIED.,.F.,.F.,(4,3,3,3,3,4),(-0.0538185454801498,-0.0507239670776781,
-0.0447936544777489,-0.0389163039871171,-0.0331542865636667,-0.0308697941369241),
 .UNSPECIFIED.);
#79=B_SPLINE_CURVE_WITH_KNOTS('',3,(#7590,#7591,#7592,#7593,#7594,#7595,
#7596,#7597,#7598,#7599,#7600,#7601,#7602,#7603,#7604,#7605),
 .UNSPECIFIED.,.F.,.F.,(4,3,3,3,3,4),(-0.0597324981682833,-0.0563012223062499,
-0.050515788332149,-0.0446206643513703,-0.0386942664502349,-0.0367852950101478),
 .UNSPECIFIED.);
#80=B_SPLINE_CURVE_WITH_KNOTS('',3,(#7613,#7614,#7615,#7616,#7617,#7618,
#7619,#7620,#7621,#7622,#7623,#7624,#7625,#7626,#7627,#7628),
 .UNSPECIFIED.,.F.,.F.,(4,3,3,3,3,4),(-0.0597324981682833,-0.0563012223062499,
-0.050515788332149,-0.0446206643513703,-0.0386942664502349,-0.0367852950101478),
 .UNSPECIFIED.);
#81=B_SPLINE_CURVE_WITH_KNOTS('',3,(#7637,#7638,#7639,#7640,#7641,#7642,
#7643,#7644,#7645,#7646,#7647,#7648,#7649,#7650,#7651,#7652),
 .UNSPECIFIED.,.F.,.F.,(4,3,3,3,3,4),(-0.0538185454801498,-0.0507239670776781,
-0.0447936544777489,-0.0389163039871171,-0.0331542865636667,-0.0308697941369241),
 .UNSPECIFIED.);
#82=B_SPLINE_CURVE_WITH_KNOTS('',3,(#7951,#7952,#7953,#7954,#7955,#7956,
#7957,#7958,#7959,#7960,#7961,#7962,#7963,#7964),.UNSPECIFIED.,.F.,.F.,
(4,2,2,2,2,2,4),(-0.0242828825155919,-0.022053708913521,-0.0184238588618484,
-0.0147940088101758,-0.0103568604634963,-0.00517843023174816,0.),
 .UNSPECIFIED.);
#83=B_SPLINE_CURVE_WITH_KNOTS('',3,(#7967,#7968,#7969,#7970,#7971,#7972,
#7973,#7974,#7975,#7976,#7977,#7978,#7979,#7980),.UNSPECIFIED.,.F.,.F.,
(4,2,2,2,2,2,4),(0.,0.00517843023174814,0.0103568604634963,0.0147940088101758,
0.0184238588618484,0.022053708913521,0.024282936084524),.UNSPECIFIED.);
#84=B_SPLINE_CURVE_WITH_KNOTS('',3,(#8050,#8051,#8052,#8053,#8054,#8055,
#8056,#8057,#8058,#8059,#8060,#8061,#8062,#8063),.UNSPECIFIED.,.F.,.F.,
(4,2,2,2,2,2,4),(-0.0242828825155918,-0.022053708913521,-0.0184238588618484,
-0.0147940088101758,-0.0103568604634963,-0.00517843023174816,0.),
 .UNSPECIFIED.);
#85=B_SPLINE_CURVE_WITH_KNOTS('',3,(#8064,#8065,#8066,#8067,#8068,#8069,
#8070,#8071,#8072,#8073,#8074,#8075,#8076,#8077),.UNSPECIFIED.,.F.,.F.,
(4,2,2,2,2,2,4),(0.,0.00517843023174814,0.0103568604634963,0.0147940088101758,
0.0184238588618484,0.022053708913521,0.024282936084524),.UNSPECIFIED.);
#86=B_SPLINE_SURFACE_WITH_KNOTS('',3,3,((#6598,#6599,#6600,#6601,#6602,
#6603,#6604),(#6605,#6606,#6607,#6608,#6609,#6610,#6611),(#6612,#6613,#6614,
#6615,#6616,#6617,#6618),(#6619,#6620,#6621,#6622,#6623,#6624,#6625)),
 .UNSPECIFIED.,.F.,.F.,.F.,(4,4),(4,1,1,1,4),(0.,1.),(0.014396679749523,
0.0346537564999122,0.0481584743335049,0.0549108332503013,0.0616631921670977),
 .UNSPECIFIED.);
#87=B_SPLINE_SURFACE_WITH_KNOTS('',3,3,((#6645,#6646,#6647,#6648),(#6649,
#6650,#6651,#6652),(#6653,#6654,#6655,#6656),(#6657,#6658,#6659,#6660)),
 .UNSPECIFIED.,.F.,.F.,.F.,(4,4),(4,4),(0.,1.),(0.,0.00103554046664171),
 .UNSPECIFIED.);
#88=B_SPLINE_SURFACE_WITH_KNOTS('',3,3,((#6667,#6668,#6669,#6670),(#6671,
#6672,#6673,#6674),(#6675,#6676,#6677,#6678),(#6679,#6680,#6681,#6682)),
 .UNSPECIFIED.,.F.,.F.,.F.,(4,4),(4,4),(0.,1.),(2.85773041960656E-5,0.0159907209516176),
 .UNSPECIFIED.);
#89=B_SPLINE_SURFACE_WITH_KNOTS('',3,3,((#6694,#6695,#6696,#6697),(#6698,
#6699,#6700,#6701),(#6702,#6703,#6704,#6705),(#6706,#6707,#6708,#6709)),
 .UNSPECIFIED.,.F.,.F.,.F.,(4,4),(4,4),(0.,1.09538927523033),(0.0438564640965844,
1.),.UNSPECIFIED.);
#90=B_SPLINE_SURFACE_WITH_KNOTS('',3,3,((#6736,#6737,#6738,#6739,#6740,
#6741,#6742,#6743),(#6744,#6745,#6746,#6747,#6748,#6749,#6750,#6751),(#6752,
#6753,#6754,#6755,#6756,#6757,#6758,#6759),(#6760,#6761,#6762,#6763,#6764,
#6765,#6766,#6767)),.UNSPECIFIED.,.F.,.F.,.F.,(4,4),(4,1,1,1,1,4),(0.,1.),
(0.000328015975054545,0.00539228518172493,0.0104565543883953,0.0205850928017361,
0.0256493620084065,0.0475945285706448),.UNSPECIFIED.);
#91=B_SPLINE_SURFACE_WITH_KNOTS('',3,3,((#6788,#6789,#6790,#6791),(#6792,
#6793,#6794,#6795),(#6796,#6797,#6798,#6799),(#6800,#6801,#6802,#6803)),
 .UNSPECIFIED.,.F.,.F.,.F.,(4,4),(4,4),(0.,1.),(-3.79484353407946E-6,0.00103174562310637),
 .UNSPECIFIED.);
#92=B_SPLINE_SURFACE_WITH_KNOTS('',3,3,((#6810,#6811,#6812,#6813,#6814,
#6815),(#6816,#6817,#6818,#6819,#6820,#6821),(#6822,#6823,#6824,#6825,#6826,
#6827),(#6828,#6829,#6830,#6831,#6832,#6833)),.UNSPECIFIED.,.F.,.F.,.F.,
(4,4),(4,2,4),(0.,1.),(-0.0886952224619972,0.,0.000278667124397374),
 .UNSPECIFIED.);
#93=B_SPLINE_SURFACE_WITH_KNOTS('',3,3,((#6876,#6877,#6878,#6879,#6880,
#6881),(#6882,#6883,#6884,#6885,#6886,#6887),(#6888,#6889,#6890,#6891,#6892,
#6893),(#6894,#6895,#6896,#6897,#6898,#6899)),.UNSPECIFIED.,.F.,.F.,.F.,
(4,4),(4,2,4),(0.,1.),(-0.0289685399580346,0.0597266191149501,0.0600053496116507),
 .UNSPECIFIED.);
#94=B_SPLINE_SURFACE_WITH_KNOTS('',3,3,((#6959,#6960,#6961,#6962),(#6963,
#6964,#6965,#6966),(#6967,#6968,#6969,#6970),(#6971,#6972,#6973,#6974)),
 .UNSPECIFIED.,.F.,.F.,.F.,(4,4),(4,4),(0.,1.09538927523032),(0.,1.),
 .UNSPECIFIED.);
#95=B_SPLINE_SURFACE_WITH_KNOTS('',3,3,((#7010,#7011,#7012,#7013,#7014,
#7015),(#7016,#7017,#7018,#7019,#7020,#7021),(#7022,#7023,#7024,#7025,#7026,
#7027),(#7028,#7029,#7030,#7031,#7032,#7033)),.UNSPECIFIED.,.F.,.F.,.F.,
(4,4),(4,2,4),(0.,1.),(-0.0886951590729851,0.,0.000278730496702712),
 .UNSPECIFIED.);
#96=B_SPLINE_SURFACE_WITH_KNOTS('',3,3,((#7084,#7085,#7086,#7087,#7088,
#7089),(#7090,#7091,#7092,#7093,#7094,#7095),(#7096,#7097,#7098,#7099,#7100,
#7101),(#7102,#7103,#7104,#7105,#7106,#7107)),.UNSPECIFIED.,.F.,.F.,.F.,
(4,4),(4,2,4),(0.,1.),(-0.028968539958037,0.0597266825039589,0.0600053496283584),
 .UNSPECIFIED.);
#97=B_SPLINE_SURFACE_WITH_KNOTS('',3,3,((#7167,#7168,#7169,#7170),(#7171,
#7172,#7173,#7174),(#7175,#7176,#7177,#7178),(#7179,#7180,#7181,#7182)),
 .UNSPECIFIED.,.F.,.F.,.F.,(4,4),(4,4),(0.,1.09538927523032),(0.0438564640965818,
1.),.UNSPECIFIED.);
#98=B_SPLINE_SURFACE_WITH_KNOTS('',3,3,((#7208,#7209,#7210,#7211,#7212,
#7213),(#7214,#7215,#7216,#7217,#7218,#7219),(#7220,#7221,#7222,#7223,#7224,
#7225),(#7226,#7227,#7228,#7229,#7230,#7231)),.UNSPECIFIED.,.F.,.F.,.F.,
(4,4),(4,2,4),(0.,1.),(-0.0584355008991178,-0.0581654257028592,-0.0132809927310986),
 .UNSPECIFIED.);
#99=B_SPLINE_SURFACE_WITH_KNOTS('',3,3,((#7245,#7246,#7247,#7248,#7249,
#7250),(#7251,#7252,#7253,#7254,#7255,#7256),(#7257,#7258,#7259,#7260,#7261,
#7262),(#7263,#7264,#7265,#7266,#7267,#7268)),.UNSPECIFIED.,.F.,.F.,.F.,
(4,4),(4,2,4),(0.,1.),(-0.0177420270722079,0.,0.000274588522767025),
 .UNSPECIFIED.);
#100=B_SPLINE_SURFACE_WITH_KNOTS('',3,3,((#7277,#7278,#7279,#7280,#7281,
#7282),(#7283,#7284,#7285,#7286,#7287,#7288),(#7289,#7290,#7291,#7292,#7293,
#7294),(#7295,#7296,#7297,#7298,#7299,#7300)),.UNSPECIFIED.,.F.,.F.,.F.,
(4,4),(4,2,4),(0.,1.),(0.00449009555009963,0.0102917963615296,0.0106133599832779),
 .UNSPECIFIED.);
#101=B_SPLINE_SURFACE_WITH_KNOTS('',3,3,((#7317,#7318,#7319,#7320,#7321,
#7322),(#7323,#7324,#7325,#7326,#7327,#7328),(#7329,#7330,#7331,#7332,#7333,
#7334),(#7335,#7336,#7337,#7338,#7339,#7340)),.UNSPECIFIED.,.F.,.F.,.F.,
(4,4),(4,2,4),(0.,1.),(-0.000314928551400437,0.,0.00580725428718023),
 .UNSPECIFIED.);
#102=B_SPLINE_SURFACE_WITH_KNOTS('',3,3,((#7342,#7343,#7344,#7345,#7346,
#7347),(#7348,#7349,#7350,#7351,#7352,#7353),(#7354,#7355,#7356,#7357,#7358,
#7359),(#7360,#7361,#7362,#7363,#7364,#7365)),.UNSPECIFIED.,.F.,.F.,.F.,
(4,4),(4,2,4),(0.,1.),(-0.0448844329717607,0.,0.000270075196258521),
 .UNSPECIFIED.);
#103=B_SPLINE_SURFACE_WITH_KNOTS('',3,3,((#7387,#7388,#7389,#7390,#7391,
#7392),(#7393,#7394,#7395,#7396,#7397,#7398),(#7399,#7400,#7401,#7402,#7403,
#7404),(#7405,#7406,#7407,#7408,#7409,#7410)),.UNSPECIFIED.,.F.,.F.,.F.,
(4,4),(4,2,4),(0.,1.),(-0.05942764552169,-0.059153056998923,-0.0414110299267152),
 .UNSPECIFIED.);
#104=B_SPLINE_SURFACE_WITH_KNOTS('',3,3,((#7426,#7427,#7428,#7429,#7430,
#7431),(#7432,#7433,#7434,#7435,#7436,#7437),(#7438,#7439,#7440,#7441,#7442,
#7443),(#7444,#7445,#7446,#7447,#7448,#7449)),.UNSPECIFIED.,.F.,.F.,.F.,
(4,4),(4,2,4),(0.,1.),(-0.000321563621749948,0.,0.00580170081143116),
 .UNSPECIFIED.);
#105=B_SPLINE_SURFACE_WITH_KNOTS('',3,3,((#7458,#7459,#7460,#7461),(#7462,
#7463,#7464,#7465),(#7466,#7467,#7468,#7469),(#7470,#7471,#7472,#7473)),
 .UNSPECIFIED.,.F.,.F.,.F.,(4,4),(4,4),(0.,1.09538927523033),(0.,1.),
 .UNSPECIFIED.);
#106=B_SPLINE_SURFACE_WITH_KNOTS('',3,3,((#7501,#7502,#7503,#7504),(#7505,
#7506,#7507,#7508),(#7509,#7510,#7511,#7512),(#7513,#7514,#7515,#7516)),
 .UNSPECIFIED.,.F.,.F.,.F.,(4,4),(4,4),(0.,1.),(0.0414110357646727,0.057373179412094),
 .UNSPECIFIED.);
#107=B_SPLINE_SURFACE_WITH_KNOTS('',3,3,((#7523,#7524,#7525,#7526,#7527,
#7528),(#7529,#7530,#7531,#7532,#7533,#7534),(#7535,#7536,#7537,#7538,#7539,
#7540),(#7541,#7542,#7543,#7544,#7545,#7546)),.UNSPECIFIED.,.F.,.F.,.F.,
(4,4),(4,2,4),(0.,1.),(0.00449281370832366,0.0103000679955044,0.010614996546907),
 .UNSPECIFIED.);
#108=B_SPLINE_SURFACE_WITH_KNOTS('',3,3,((#7833,#7834,#7835,#7836),(#7837,
#7838,#7839,#7840),(#7841,#7842,#7843,#7844),(#7845,#7846,#7847,#7848)),
 .UNSPECIFIED.,.F.,.F.,.F.,(4,4),(4,4),(-0.311111111111112,1.),(0.,1.),
 .UNSPECIFIED.);
#109=B_SPLINE_SURFACE_WITH_KNOTS('',3,3,((#7859,#7860,#7861,#7862),(#7863,
#7864,#7865,#7866),(#7867,#7868,#7869,#7870),(#7871,#7872,#7873,#7874)),
 .UNSPECIFIED.,.F.,.F.,.F.,(4,4),(4,4),(-0.311111111111118,1.),(0.,1.),
 .UNSPECIFIED.);
#110=B_SPLINE_SURFACE_WITH_KNOTS('',3,3,((#7898,#7899,#7900,#7901),(#7902,
#7903,#7904,#7905),(#7906,#7907,#7908,#7909),(#7910,#7911,#7912,#7913)),
 .UNSPECIFIED.,.F.,.F.,.F.,(4,4),(4,4),(-0.311111111111118,1.),(0.,1.),
 .UNSPECIFIED.);
#111=B_SPLINE_SURFACE_WITH_KNOTS('',3,3,((#7917,#7918,#7919,#7920),(#7921,
#7922,#7923,#7924),(#7925,#7926,#7927,#7928),(#7929,#7930,#7931,#7932)),
 .UNSPECIFIED.,.F.,.F.,.F.,(4,4),(4,4),(-0.311111111111112,1.),(0.,1.),
 .UNSPECIFIED.);
#112=MANIFOLD_SOLID_BREP('Solid1',#4691);
#113=MANIFOLD_SOLID_BREP('Solid2',#4692);
#114=MANIFOLD_SOLID_BREP('Solid3',#4693);
#115=MANIFOLD_SOLID_BREP('Solid4',#4694);
#116=MANIFOLD_SOLID_BREP('Solid5',#4695);
#117=FACE_BOUND('',#530,.T.);
#118=FACE_BOUND('',#531,.T.);
#119=FACE_BOUND('',#532,.T.);
#120=FACE_BOUND('',#557,.T.);
#121=FACE_BOUND('',#601,.T.);
#122=FACE_BOUND('',#690,.T.);
#123=FACE_BOUND('',#731,.T.);
#124=FACE_BOUND('',#736,.T.);
#125=PLANE('',#4718);
#126=PLANE('',#4722);
#127=PLANE('',#4726);
#128=PLANE('',#4730);
#129=PLANE('',#4731);
#130=PLANE('',#4737);
#131=PLANE('',#4740);
#132=PLANE('',#4743);
#133=PLANE('',#4744);
#134=PLANE('',#4745);
#135=PLANE('',#4746);
#136=PLANE('',#4747);
#137=PLANE('',#4748);
#138=PLANE('',#4749);
#139=PLANE('',#4750);
#140=PLANE('',#4752);
#141=PLANE('',#4753);
#142=PLANE('',#4754);
#143=PLANE('',#4760);
#144=PLANE('',#4761);
#145=PLANE('',#4762);
#146=PLANE('',#4763);
#147=PLANE('',#4764);
#148=PLANE('',#4765);
#149=PLANE('',#4766);
#150=PLANE('',#4768);
#151=PLANE('',#4769);
#152=PLANE('',#4772);
#153=PLANE('',#4773);
#154=PLANE('',#4774);
#155=PLANE('',#4775);
#156=PLANE('',#4776);
#157=PLANE('',#4777);
#158=PLANE('',#4779);
#159=PLANE('',#4780);
#160=PLANE('',#4781);
#161=PLANE('',#4782);
#162=PLANE('',#4783);
#163=PLANE('',#4784);
#164=PLANE('',#4785);
#165=PLANE('',#4786);
#166=PLANE('',#4787);
#167=PLANE('',#4788);
#168=PLANE('',#4789);
#169=PLANE('',#4790);
#170=PLANE('',#4791);
#171=PLANE('',#4792);
#172=PLANE('',#4793);
#173=PLANE('',#4794);
#174=PLANE('',#4795);
#175=PLANE('',#4796);
#176=PLANE('',#4797);
#177=PLANE('',#4798);
#178=PLANE('',#4799);
#179=PLANE('',#4800);
#180=PLANE('',#4801);
#181=PLANE('',#4802);
#182=PLANE('',#4803);
#183=PLANE('',#4804);
#184=PLANE('',#4805);
#185=PLANE('',#4806);
#186=PLANE('',#4807);
#187=PLANE('',#4808);
#188=PLANE('',#4809);
#189=PLANE('',#4810);
#190=PLANE('',#4811);
#191=PLANE('',#4813);
#192=PLANE('',#4818);
#193=PLANE('',#4822);
#194=PLANE('',#4828);
#195=PLANE('',#4834);
#196=PLANE('',#4839);
#197=PLANE('',#4843);
#198=PLANE('',#4845);
#199=PLANE('',#4847);
#200=PLANE('',#4849);
#201=PLANE('',#4853);
#202=PLANE('',#4856);
#203=PLANE('',#4861);
#204=PLANE('',#4864);
#205=PLANE('',#4872);
#206=PLANE('',#4873);
#207=PLANE('',#4878);
#208=PLANE('',#4881);
#209=PLANE('',#4884);
#210=PLANE('',#4889);
#211=PLANE('',#4890);
#212=PLANE('',#4897);
#213=PLANE('',#4898);
#214=PLANE('',#4901);
#215=PLANE('',#4902);
#216=PLANE('',#4903);
#217=PLANE('',#4906);
#218=PLANE('',#4907);
#219=PLANE('',#4908);
#220=PLANE('',#4909);
#221=PLANE('',#4910);
#222=PLANE('',#4911);
#223=PLANE('',#4912);
#224=PLANE('',#4913);
#225=PLANE('',#4914);
#226=PLANE('',#4915);
#227=PLANE('',#4916);
#228=PLANE('',#4922);
#229=PLANE('',#4926);
#230=PLANE('',#4935);
#231=PLANE('',#4944);
#232=PLANE('',#4947);
#233=PLANE('',#4953);
#234=PLANE('',#4958);
#235=PLANE('',#4961);
#236=PLANE('',#4966);
#237=PLANE('',#4967);
#238=PLANE('',#4968);
#239=PLANE('',#4969);
#240=PLANE('',#4970);
#241=PLANE('',#4971);
#242=PLANE('',#4972);
#243=PLANE('',#4973);
#244=PLANE('',#4974);
#245=PLANE('',#4975);
#246=PLANE('',#4976);
#247=PLANE('',#4977);
#248=PLANE('',#4978);
#249=PLANE('',#4979);
#250=PLANE('',#4980);
#251=PLANE('',#4981);
#252=PLANE('',#4982);
#253=PLANE('',#4983);
#254=PLANE('',#4984);
#255=PLANE('',#4985);
#256=PLANE('',#4988);
#257=PLANE('',#4989);
#258=PLANE('',#4990);
#259=PLANE('',#4996);
#260=PLANE('',#4999);
#261=PLANE('',#5002);
#262=PLANE('',#5005);
#263=PLANE('',#5008);
#264=PLANE('',#5014);
#265=PLANE('',#5015);
#266=PLANE('',#5016);
#267=PLANE('',#5019);
#268=PLANE('',#5020);
#269=PLANE('',#5023);
#270=PLANE('',#5025);
#271=PLANE('',#5026);
#272=PLANE('',#5027);
#273=PLANE('',#5029);
#274=PLANE('',#5030);
#275=PLANE('',#5033);
#276=PLANE('',#5034);
#277=PLANE('',#5037);
#278=PLANE('',#5039);
#279=PLANE('',#5040);
#280=PLANE('',#5041);
#281=FACE_OUTER_BOUND('',#521,.T.);
#282=FACE_OUTER_BOUND('',#522,.T.);
#283=FACE_OUTER_BOUND('',#523,.T.);
#284=FACE_OUTER_BOUND('',#524,.T.);
#285=FACE_OUTER_BOUND('',#525,.T.);
#286=FACE_OUTER_BOUND('',#526,.T.);
#287=FACE_OUTER_BOUND('',#527,.T.);
#288=FACE_OUTER_BOUND('',#528,.T.);
#289=FACE_OUTER_BOUND('',#529,.T.);
#290=FACE_OUTER_BOUND('',#533,.T.);
#291=FACE_OUTER_BOUND('',#534,.T.);
#292=FACE_OUTER_BOUND('',#535,.T.);
#293=FACE_OUTER_BOUND('',#536,.T.);
#294=FACE_OUTER_BOUND('',#537,.T.);
#295=FACE_OUTER_BOUND('',#538,.T.);
#296=FACE_OUTER_BOUND('',#539,.T.);
#297=FACE_OUTER_BOUND('',#540,.T.);
#298=FACE_OUTER_BOUND('',#541,.T.);
#299=FACE_OUTER_BOUND('',#542,.T.);
#300=FACE_OUTER_BOUND('',#543,.T.);
#301=FACE_OUTER_BOUND('',#544,.T.);
#302=FACE_OUTER_BOUND('',#545,.T.);
#303=FACE_OUTER_BOUND('',#546,.T.);
#304=FACE_OUTER_BOUND('',#547,.T.);
#305=FACE_OUTER_BOUND('',#548,.T.);
#306=FACE_OUTER_BOUND('',#549,.T.);
#307=FACE_OUTER_BOUND('',#550,.T.);
#308=FACE_OUTER_BOUND('',#551,.T.);
#309=FACE_OUTER_BOUND('',#552,.T.);
#310=FACE_OUTER_BOUND('',#553,.T.);
#311=FACE_OUTER_BOUND('',#554,.T.);
#312=FACE_OUTER_BOUND('',#555,.T.);
#313=FACE_OUTER_BOUND('',#556,.T.);
#314=FACE_OUTER_BOUND('',#558,.T.);
#315=FACE_OUTER_BOUND('',#559,.T.);
#316=FACE_OUTER_BOUND('',#560,.T.);
#317=FACE_OUTER_BOUND('',#561,.T.);
#318=FACE_OUTER_BOUND('',#562,.T.);
#319=FACE_OUTER_BOUND('',#563,.T.);
#320=FACE_OUTER_BOUND('',#564,.T.);
#321=FACE_OUTER_BOUND('',#565,.T.);
#322=FACE_OUTER_BOUND('',#566,.T.);
#323=FACE_OUTER_BOUND('',#567,.T.);
#324=FACE_OUTER_BOUND('',#568,.T.);
#325=FACE_OUTER_BOUND('',#569,.T.);
#326=FACE_OUTER_BOUND('',#570,.T.);
#327=FACE_OUTER_BOUND('',#571,.T.);
#328=FACE_OUTER_BOUND('',#572,.T.);
#329=FACE_OUTER_BOUND('',#573,.T.);
#330=FACE_OUTER_BOUND('',#574,.T.);
#331=FACE_OUTER_BOUND('',#575,.T.);
#332=FACE_OUTER_BOUND('',#576,.T.);
#333=FACE_OUTER_BOUND('',#577,.T.);
#334=FACE_OUTER_BOUND('',#578,.T.);
#335=FACE_OUTER_BOUND('',#579,.T.);
#336=FACE_OUTER_BOUND('',#580,.T.);
#337=FACE_OUTER_BOUND('',#581,.T.);
#338=FACE_OUTER_BOUND('',#582,.T.);
#339=FACE_OUTER_BOUND('',#583,.T.);
#340=FACE_OUTER_BOUND('',#584,.T.);
#341=FACE_OUTER_BOUND('',#585,.T.);
#342=FACE_OUTER_BOUND('',#586,.T.);
#343=FACE_OUTER_BOUND('',#587,.T.);
#344=FACE_OUTER_BOUND('',#588,.T.);
#345=FACE_OUTER_BOUND('',#589,.T.);
#346=FACE_OUTER_BOUND('',#590,.T.);
#347=FACE_OUTER_BOUND('',#591,.T.);
#348=FACE_OUTER_BOUND('',#592,.T.);
#349=FACE_OUTER_BOUND('',#593,.T.);
#350=FACE_OUTER_BOUND('',#594,.T.);
#351=FACE_OUTER_BOUND('',#595,.T.);
#352=FACE_OUTER_BOUND('',#596,.T.);
#353=FACE_OUTER_BOUND('',#597,.T.);
#354=FACE_OUTER_BOUND('',#598,.T.);
#355=FACE_OUTER_BOUND('',#599,.T.);
#356=FACE_OUTER_BOUND('',#600,.T.);
#357=FACE_OUTER_BOUND('',#602,.T.);
#358=FACE_OUTER_BOUND('',#603,.T.);
#359=FACE_OUTER_BOUND('',#604,.T.);
#360=FACE_OUTER_BOUND('',#605,.T.);
#361=FACE_OUTER_BOUND('',#606,.T.);
#362=FACE_OUTER_BOUND('',#607,.T.);
#363=FACE_OUTER_BOUND('',#608,.T.);
#364=FACE_OUTER_BOUND('',#609,.T.);
#365=FACE_OUTER_BOUND('',#610,.T.);
#366=FACE_OUTER_BOUND('',#611,.T.);
#367=FACE_OUTER_BOUND('',#612,.T.);
#368=FACE_OUTER_BOUND('',#613,.T.);
#369=FACE_OUTER_BOUND('',#614,.T.);
#370=FACE_OUTER_BOUND('',#615,.T.);
#371=FACE_OUTER_BOUND('',#616,.T.);
#372=FACE_OUTER_BOUND('',#617,.T.);
#373=FACE_OUTER_BOUND('',#618,.T.);
#374=FACE_OUTER_BOUND('',#619,.T.);
#375=FACE_OUTER_BOUND('',#620,.T.);
#376=FACE_OUTER_BOUND('',#621,.T.);
#377=FACE_OUTER_BOUND('',#622,.T.);
#378=FACE_OUTER_BOUND('',#623,.T.);
#379=FACE_OUTER_BOUND('',#624,.T.);
#380=FACE_OUTER_BOUND('',#625,.T.);
#381=FACE_OUTER_BOUND('',#626,.T.);
#382=FACE_OUTER_BOUND('',#627,.T.);
#383=FACE_OUTER_BOUND('',#628,.T.);
#384=FACE_OUTER_BOUND('',#629,.T.);
#385=FACE_OUTER_BOUND('',#630,.T.);
#386=FACE_OUTER_BOUND('',#631,.T.);
#387=FACE_OUTER_BOUND('',#632,.T.);
#388=FACE_OUTER_BOUND('',#633,.T.);
#389=FACE_OUTER_BOUND('',#634,.T.);
#390=FACE_OUTER_BOUND('',#635,.T.);
#391=FACE_OUTER_BOUND('',#636,.T.);
#392=FACE_OUTER_BOUND('',#637,.T.);
#393=FACE_OUTER_BOUND('',#638,.T.);
#394=FACE_OUTER_BOUND('',#639,.T.);
#395=FACE_OUTER_BOUND('',#640,.T.);
#396=FACE_OUTER_BOUND('',#641,.T.);
#397=FACE_OUTER_BOUND('',#642,.T.);
#398=FACE_OUTER_BOUND('',#643,.T.);
#399=FACE_OUTER_BOUND('',#644,.T.);
#400=FACE_OUTER_BOUND('',#645,.T.);
#401=FACE_OUTER_BOUND('',#646,.T.);
#402=FACE_OUTER_BOUND('',#647,.T.);
#403=FACE_OUTER_BOUND('',#648,.T.);
#404=FACE_OUTER_BOUND('',#649,.T.);
#405=FACE_OUTER_BOUND('',#650,.T.);
#406=FACE_OUTER_BOUND('',#651,.T.);
#407=FACE_OUTER_BOUND('',#652,.T.);
#408=FACE_OUTER_BOUND('',#653,.T.);
#409=FACE_OUTER_BOUND('',#654,.T.);
#410=FACE_OUTER_BOUND('',#655,.T.);
#411=FACE_OUTER_BOUND('',#656,.T.);
#412=FACE_OUTER_BOUND('',#657,.T.);
#413=FACE_OUTER_BOUND('',#658,.T.);
#414=FACE_OUTER_BOUND('',#659,.T.);
#415=FACE_OUTER_BOUND('',#660,.T.);
#416=FACE_OUTER_BOUND('',#661,.T.);
#417=FACE_OUTER_BOUND('',#662,.T.);
#418=FACE_OUTER_BOUND('',#663,.T.);
#419=FACE_OUTER_BOUND('',#664,.T.);
#420=FACE_OUTER_BOUND('',#665,.T.);
#421=FACE_OUTER_BOUND('',#666,.T.);
#422=FACE_OUTER_BOUND('',#667,.T.);
#423=FACE_OUTER_BOUND('',#668,.T.);
#424=FACE_OUTER_BOUND('',#669,.T.);
#425=FACE_OUTER_BOUND('',#670,.T.);
#426=FACE_OUTER_BOUND('',#671,.T.);
#427=FACE_OUTER_BOUND('',#672,.T.);
#428=FACE_OUTER_BOUND('',#673,.T.);
#429=FACE_OUTER_BOUND('',#674,.T.);
#430=FACE_OUTER_BOUND('',#675,.T.);
#431=FACE_OUTER_BOUND('',#676,.T.);
#432=FACE_OUTER_BOUND('',#677,.T.);
#433=FACE_OUTER_BOUND('',#678,.T.);
#434=FACE_OUTER_BOUND('',#679,.T.);
#435=FACE_OUTER_BOUND('',#680,.T.);
#436=FACE_OUTER_BOUND('',#681,.T.);
#437=FACE_OUTER_BOUND('',#682,.T.);
#438=FACE_OUTER_BOUND('',#683,.T.);
#439=FACE_OUTER_BOUND('',#684,.T.);
#440=FACE_OUTER_BOUND('',#685,.T.);
#441=FACE_OUTER_BOUND('',#686,.T.);
#442=FACE_OUTER_BOUND('',#687,.T.);
#443=FACE_OUTER_BOUND('',#688,.T.);
#444=FACE_OUTER_BOUND('',#689,.T.);
#445=FACE_OUTER_BOUND('',#691,.T.);
#446=FACE_OUTER_BOUND('',#692,.T.);
#447=FACE_OUTER_BOUND('',#693,.T.);
#448=FACE_OUTER_BOUND('',#694,.T.);
#449=FACE_OUTER_BOUND('',#695,.T.);
#450=FACE_OUTER_BOUND('',#696,.T.);
#451=FACE_OUTER_BOUND('',#697,.T.);
#452=FACE_OUTER_BOUND('',#698,.T.);
#453=FACE_OUTER_BOUND('',#699,.T.);
#454=FACE_OUTER_BOUND('',#700,.T.);
#455=FACE_OUTER_BOUND('',#701,.T.);
#456=FACE_OUTER_BOUND('',#702,.T.);
#457=FACE_OUTER_BOUND('',#703,.T.);
#458=FACE_OUTER_BOUND('',#704,.T.);
#459=FACE_OUTER_BOUND('',#705,.T.);
#460=FACE_OUTER_BOUND('',#706,.T.);
#461=FACE_OUTER_BOUND('',#707,.T.);
#462=FACE_OUTER_BOUND('',#708,.T.);
#463=FACE_OUTER_BOUND('',#709,.T.);
#464=FACE_OUTER_BOUND('',#710,.T.);
#465=FACE_OUTER_BOUND('',#711,.T.);
#466=FACE_OUTER_BOUND('',#712,.T.);
#467=FACE_OUTER_BOUND('',#713,.T.);
#468=FACE_OUTER_BOUND('',#714,.T.);
#469=FACE_OUTER_BOUND('',#715,.T.);
#470=FACE_OUTER_BOUND('',#716,.T.);
#471=FACE_OUTER_BOUND('',#717,.T.);
#472=FACE_OUTER_BOUND('',#718,.T.);
#473=FACE_OUTER_BOUND('',#719,.T.);
#474=FACE_OUTER_BOUND('',#720,.T.);
#475=FACE_OUTER_BOUND('',#721,.T.);
#476=FACE_OUTER_BOUND('',#722,.T.);
#477=FACE_OUTER_BOUND('',#723,.T.);
#478=FACE_OUTER_BOUND('',#724,.T.);
#479=FACE_OUTER_BOUND('',#725,.T.);
#480=FACE_OUTER_BOUND('',#726,.T.);
#481=FACE_OUTER_BOUND('',#727,.T.);
#482=FACE_OUTER_BOUND('',#728,.T.);
#483=FACE_OUTER_BOUND('',#729,.T.);
#484=FACE_OUTER_BOUND('',#730,.T.);
#485=FACE_OUTER_BOUND('',#732,.T.);
#486=FACE_OUTER_BOUND('',#733,.T.);
#487=FACE_OUTER_BOUND('',#734,.T.);
#488=FACE_OUTER_BOUND('',#735,.T.);
#489=FACE_OUTER_BOUND('',#737,.T.);
#490=FACE_OUTER_BOUND('',#738,.T.);
#491=FACE_OUTER_BOUND('',#739,.T.);
#492=FACE_OUTER_BOUND('',#740,.T.);
#493=FACE_OUTER_BOUND('',#741,.T.);
#494=FACE_OUTER_BOUND('',#742,.T.);
#495=FACE_OUTER_BOUND('',#743,.T.);
#496=FACE_OUTER_BOUND('',#744,.T.);
#497=FACE_OUTER_BOUND('',#745,.T.);
#498=FACE_OUTER_BOUND('',#746,.T.);
#499=FACE_OUTER_BOUND('',#747,.T.);
#500=FACE_OUTER_BOUND('',#748,.T.);
#501=FACE_OUTER_BOUND('',#749,.T.);
#502=FACE_OUTER_BOUND('',#750,.T.);
#503=FACE_OUTER_BOUND('',#751,.T.);
#504=FACE_OUTER_BOUND('',#752,.T.);
#505=FACE_OUTER_BOUND('',#753,.T.);
#506=FACE_OUTER_BOUND('',#754,.T.);
#507=FACE_OUTER_BOUND('',#755,.T.);
#508=FACE_OUTER_BOUND('',#756,.T.);
#509=FACE_OUTER_BOUND('',#757,.T.);
#510=FACE_OUTER_BOUND('',#758,.T.);
#511=FACE_OUTER_BOUND('',#759,.T.);
#512=FACE_OUTER_BOUND('',#760,.T.);
#513=FACE_OUTER_BOUND('',#761,.T.);
#514=FACE_OUTER_BOUND('',#762,.T.);
#515=FACE_OUTER_BOUND('',#763,.T.);
#516=FACE_OUTER_BOUND('',#764,.T.);
#517=FACE_OUTER_BOUND('',#765,.T.);
#518=FACE_OUTER_BOUND('',#766,.T.);
#519=FACE_OUTER_BOUND('',#767,.T.);
#520=FACE_OUTER_BOUND('',#768,.T.);
#521=EDGE_LOOP('',(#2867,#2868,#2869,#2870));
#522=EDGE_LOOP('',(#2871,#2872,#2873,#2874));
#523=EDGE_LOOP('',(#2875,#2876,#2877,#2878));
#524=EDGE_LOOP('',(#2879,#2880,#2881,#2882));
#525=EDGE_LOOP('',(#2883,#2884,#2885,#2886));
#526=EDGE_LOOP('',(#2887,#2888,#2889,#2890));
#527=EDGE_LOOP('',(#2891,#2892,#2893,#2894));
#528=EDGE_LOOP('',(#2895,#2896,#2897,#2898));
#529=EDGE_LOOP('',(#2899,#2900,#2901,#2902,#2903,#2904,#2905,#2906));
#530=EDGE_LOOP('',(#2907));
#531=EDGE_LOOP('',(#2908));
#532=EDGE_LOOP('',(#2909));
#533=EDGE_LOOP('',(#2910,#2911,#2912,#2913));
#534=EDGE_LOOP('',(#2914));
#535=EDGE_LOOP('',(#2915,#2916,#2917,#2918));
#536=EDGE_LOOP('',(#2919));
#537=EDGE_LOOP('',(#2920,#2921,#2922,#2923));
#538=EDGE_LOOP('',(#2924));
#539=EDGE_LOOP('',(#2925,#2926,#2927,#2928));
#540=EDGE_LOOP('',(#2929,#2930,#2931,#2932));
#541=EDGE_LOOP('',(#2933,#2934,#2935,#2936));
#542=EDGE_LOOP('',(#2937,#2938,#2939,#2940,#2941,#2942,#2943,#2944));
#543=EDGE_LOOP('',(#2945,#2946,#2947,#2948,#2949));
#544=EDGE_LOOP('',(#2950,#2951,#2952,#2953,#2954));
#545=EDGE_LOOP('',(#2955,#2956,#2957,#2958,#2959,#2960));
#546=EDGE_LOOP('',(#2961,#2962,#2963,#2964));
#547=EDGE_LOOP('',(#2965,#2966,#2967,#2968));
#548=EDGE_LOOP('',(#2969,#2970,#2971,#2972));
#549=EDGE_LOOP('',(#2973,#2974,#2975,#2976));
#550=EDGE_LOOP('',(#2977,#2978,#2979,#2980));
#551=EDGE_LOOP('',(#2981,#2982,#2983,#2984));
#552=EDGE_LOOP('',(#2985,#2986,#2987,#2988));
#553=EDGE_LOOP('',(#2989,#2990,#2991,#2992,#2993,#2994,#2995,#2996,#2997,
#2998,#2999,#3000,#3001,#3002,#3003,#3004));
#554=EDGE_LOOP('',(#3005,#3006,#3007,#3008));
#555=EDGE_LOOP('',(#3009,#3010,#3011,#3012,#3013,#3014));
#556=EDGE_LOOP('',(#3015,#3016,#3017,#3018,#3019,#3020,#3021,#3022,#3023,
#3024,#3025,#3026,#3027,#3028,#3029,#3030,#3031,#3032,#3033,#3034));
#557=EDGE_LOOP('',(#3035,#3036,#3037,#3038,#3039,#3040,#3041,#3042));
#558=EDGE_LOOP('',(#3043,#3044,#3045,#3046,#3047,#3048));
#559=EDGE_LOOP('',(#3049,#3050,#3051,#3052));
#560=EDGE_LOOP('',(#3053,#3054,#3055,#3056,#3057,#3058,#3059,#3060,#3061,
#3062,#3063,#3064,#3065,#3066,#3067,#3068));
#561=EDGE_LOOP('',(#3069,#3070,#3071,#3072));
#562=EDGE_LOOP('',(#3073,#3074,#3075,#3076,#3077,#3078,#3079,#3080));
#563=EDGE_LOOP('',(#3081,#3082,#3083,#3084,#3085));
#564=EDGE_LOOP('',(#3086,#3087,#3088,#3089));
#565=EDGE_LOOP('',(#3090,#3091,#3092,#3093));
#566=EDGE_LOOP('',(#3094,#3095,#3096,#3097));
#567=EDGE_LOOP('',(#3098,#3099,#3100,#3101,#3102,#3103));
#568=EDGE_LOOP('',(#3104,#3105,#3106,#3107));
#569=EDGE_LOOP('',(#3108,#3109,#3110,#3111));
#570=EDGE_LOOP('',(#3112,#3113,#3114,#3115));
#571=EDGE_LOOP('',(#3116,#3117,#3118,#3119));
#572=EDGE_LOOP('',(#3120,#3121,#3122,#3123));
#573=EDGE_LOOP('',(#3124,#3125,#3126,#3127));
#574=EDGE_LOOP('',(#3128,#3129,#3130,#3131));
#575=EDGE_LOOP('',(#3132,#3133,#3134,#3135));
#576=EDGE_LOOP('',(#3136,#3137,#3138,#3139));
#577=EDGE_LOOP('',(#3140,#3141,#3142,#3143));
#578=EDGE_LOOP('',(#3144,#3145,#3146,#3147));
#579=EDGE_LOOP('',(#3148,#3149,#3150,#3151));
#580=EDGE_LOOP('',(#3152,#3153,#3154,#3155));
#581=EDGE_LOOP('',(#3156,#3157,#3158,#3159));
#582=EDGE_LOOP('',(#3160,#3161,#3162,#3163));
#583=EDGE_LOOP('',(#3164,#3165,#3166,#3167));
#584=EDGE_LOOP('',(#3168,#3169,#3170,#3171));
#585=EDGE_LOOP('',(#3172,#3173,#3174,#3175));
#586=EDGE_LOOP('',(#3176,#3177,#3178,#3179));
#587=EDGE_LOOP('',(#3180,#3181,#3182,#3183));
#588=EDGE_LOOP('',(#3184,#3185,#3186,#3187));
#589=EDGE_LOOP('',(#3188,#3189,#3190,#3191,#3192,#3193,#3194,#3195,#3196,
#3197,#3198,#3199));
#590=EDGE_LOOP('',(#3200,#3201,#3202,#3203));
#591=EDGE_LOOP('',(#3204,#3205,#3206,#3207));
#592=EDGE_LOOP('',(#3208,#3209,#3210,#3211));
#593=EDGE_LOOP('',(#3212,#3213,#3214,#3215));
#594=EDGE_LOOP('',(#3216,#3217,#3218,#3219));
#595=EDGE_LOOP('',(#3220,#3221,#3222,#3223));
#596=EDGE_LOOP('',(#3224,#3225,#3226,#3227));
#597=EDGE_LOOP('',(#3228,#3229,#3230,#3231));
#598=EDGE_LOOP('',(#3232,#3233,#3234,#3235));
#599=EDGE_LOOP('',(#3236,#3237,#3238,#3239,#3240));
#600=EDGE_LOOP('',(#3241,#3242,#3243,#3244,#3245,#3246,#3247,#3248,#3249,
#3250,#3251,#3252,#3253,#3254,#3255,#3256,#3257,#3258,#3259,#3260,#3261,
#3262,#3263,#3264));
#601=EDGE_LOOP('',(#3265,#3266,#3267,#3268,#3269,#3270,#3271,#3272,#3273,
#3274,#3275,#3276));
#602=EDGE_LOOP('',(#3277,#3278,#3279,#3280));
#603=EDGE_LOOP('',(#3281,#3282,#3283,#3284));
#604=EDGE_LOOP('',(#3285,#3286,#3287,#3288));
#605=EDGE_LOOP('',(#3289,#3290,#3291));
#606=EDGE_LOOP('',(#3292,#3293,#3294,#3295));
#607=EDGE_LOOP('',(#3296,#3297,#3298,#3299,#3300,#3301,#3302));
#608=EDGE_LOOP('',(#3303,#3304,#3305,#3306));
#609=EDGE_LOOP('',(#3307,#3308,#3309));
#610=EDGE_LOOP('',(#3310,#3311,#3312,#3313,#3314));
#611=EDGE_LOOP('',(#3315,#3316,#3317,#3318,#3319));
#612=EDGE_LOOP('',(#3320,#3321,#3322,#3323,#3324,#3325,#3326));
#613=EDGE_LOOP('',(#3327,#3328,#3329,#3330,#3331,#3332,#3333));
#614=EDGE_LOOP('',(#3334,#3335,#3336,#3337,#3338));
#615=EDGE_LOOP('',(#3339,#3340,#3341,#3342,#3343));
#616=EDGE_LOOP('',(#3344,#3345,#3346,#3347,#3348,#3349,#3350));
#617=EDGE_LOOP('',(#3351,#3352,#3353,#3354,#3355,#3356,#3357));
#618=EDGE_LOOP('',(#3358,#3359,#3360));
#619=EDGE_LOOP('',(#3361,#3362,#3363));
#620=EDGE_LOOP('',(#3364,#3365,#3366));
#621=EDGE_LOOP('',(#3367,#3368,#3369,#3370,#3371,#3372,#3373,#3374,#3375,
#3376,#3377,#3378,#3379));
#622=EDGE_LOOP('',(#3380,#3381,#3382));
#623=EDGE_LOOP('',(#3383,#3384,#3385));
#624=EDGE_LOOP('',(#3386,#3387,#3388));
#625=EDGE_LOOP('',(#3389,#3390,#3391));
#626=EDGE_LOOP('',(#3392,#3393,#3394,#3395,#3396,#3397,#3398));
#627=EDGE_LOOP('',(#3399,#3400,#3401,#3402,#3403,#3404,#3405,#3406,#3407,
#3408));
#628=EDGE_LOOP('',(#3409,#3410,#3411,#3412));
#629=EDGE_LOOP('',(#3413,#3414,#3415));
#630=EDGE_LOOP('',(#3416,#3417,#3418,#3419,#3420,#3421,#3422,#3423,#3424,
#3425,#3426,#3427,#3428));
#631=EDGE_LOOP('',(#3429,#3430,#3431,#3432,#3433));
#632=EDGE_LOOP('',(#3434,#3435,#3436,#3437));
#633=EDGE_LOOP('',(#3438,#3439,#3440,#3441,#3442));
#634=EDGE_LOOP('',(#3443,#3444,#3445,#3446));
#635=EDGE_LOOP('',(#3447,#3448,#3449,#3450,#3451));
#636=EDGE_LOOP('',(#3452,#3453,#3454,#3455));
#637=EDGE_LOOP('',(#3456,#3457,#3458,#3459,#3460));
#638=EDGE_LOOP('',(#3461,#3462,#3463,#3464));
#639=EDGE_LOOP('',(#3465,#3466,#3467,#3468,#3469));
#640=EDGE_LOOP('',(#3470,#3471,#3472,#3473,#3474,#3475,#3476));
#641=EDGE_LOOP('',(#3477,#3478,#3479,#3480));
#642=EDGE_LOOP('',(#3481,#3482,#3483,#3484));
#643=EDGE_LOOP('',(#3485,#3486,#3487,#3488));
#644=EDGE_LOOP('',(#3489,#3490,#3491,#3492,#3493,#3494));
#645=EDGE_LOOP('',(#3495,#3496,#3497,#3498));
#646=EDGE_LOOP('',(#3499,#3500,#3501,#3502));
#647=EDGE_LOOP('',(#3503,#3504,#3505,#3506));
#648=EDGE_LOOP('',(#3507,#3508,#3509,#3510,#3511));
#649=EDGE_LOOP('',(#3512,#3513,#3514,#3515,#3516));
#650=EDGE_LOOP('',(#3517,#3518,#3519,#3520));
#651=EDGE_LOOP('',(#3521,#3522,#3523,#3524,#3525,#3526,#3527,#3528));
#652=EDGE_LOOP('',(#3529,#3530,#3531,#3532));
#653=EDGE_LOOP('',(#3533,#3534,#3535,#3536));
#654=EDGE_LOOP('',(#3537,#3538,#3539,#3540));
#655=EDGE_LOOP('',(#3541,#3542,#3543,#3544,#3545,#3546));
#656=EDGE_LOOP('',(#3547,#3548,#3549,#3550));
#657=EDGE_LOOP('',(#3551,#3552,#3553,#3554));
#658=EDGE_LOOP('',(#3555,#3556,#3557,#3558));
#659=EDGE_LOOP('',(#3559,#3560,#3561,#3562,#3563));
#660=EDGE_LOOP('',(#3564,#3565,#3566,#3567));
#661=EDGE_LOOP('',(#3568,#3569,#3570,#3571));
#662=EDGE_LOOP('',(#3572,#3573,#3574,#3575,#3576));
#663=EDGE_LOOP('',(#3577,#3578,#3579,#3580,#3581));
#664=EDGE_LOOP('',(#3582,#3583,#3584,#3585,#3586));
#665=EDGE_LOOP('',(#3587,#3588,#3589,#3590));
#666=EDGE_LOOP('',(#3591,#3592,#3593,#3594));
#667=EDGE_LOOP('',(#3595,#3596,#3597,#3598,#3599));
#668=EDGE_LOOP('',(#3600,#3601,#3602,#3603));
#669=EDGE_LOOP('',(#3604,#3605,#3606,#3607,#3608,#3609,#3610,#3611,#3612,
#3613,#3614,#3615,#3616));
#670=EDGE_LOOP('',(#3617,#3618,#3619,#3620,#3621,#3622,#3623,#3624,#3625,
#3626));
#671=EDGE_LOOP('',(#3627,#3628,#3629,#3630,#3631,#3632,#3633));
#672=EDGE_LOOP('',(#3634,#3635,#3636,#3637,#3638,#3639,#3640,#3641));
#673=EDGE_LOOP('',(#3642,#3643,#3644,#3645));
#674=EDGE_LOOP('',(#3646,#3647,#3648,#3649));
#675=EDGE_LOOP('',(#3650,#3651,#3652,#3653,#3654,#3655));
#676=EDGE_LOOP('',(#3656,#3657,#3658,#3659,#3660,#3661,#3662));
#677=EDGE_LOOP('',(#3663,#3664,#3665,#3666,#3667,#3668,#3669,#3670));
#678=EDGE_LOOP('',(#3671,#3672,#3673,#3674,#3675,#3676,#3677,#3678,#3679,
#3680,#3681,#3682,#3683));
#679=EDGE_LOOP('',(#3684,#3685,#3686,#3687));
#680=EDGE_LOOP('',(#3688,#3689,#3690,#3691,#3692,#3693));
#681=EDGE_LOOP('',(#3694,#3695,#3696,#3697,#3698,#3699));
#682=EDGE_LOOP('',(#3700,#3701,#3702,#3703,#3704,#3705,#3706,#3707));
#683=EDGE_LOOP('',(#3708,#3709,#3710,#3711,#3712,#3713));
#684=EDGE_LOOP('',(#3714,#3715,#3716,#3717,#3718,#3719,#3720));
#685=EDGE_LOOP('',(#3721,#3722,#3723,#3724,#3725,#3726,#3727,#3728,#3729,
#3730));
#686=EDGE_LOOP('',(#3731,#3732,#3733,#3734,#3735,#3736));
#687=EDGE_LOOP('',(#3737,#3738,#3739,#3740,#3741,#3742,#3743));
#688=EDGE_LOOP('',(#3744,#3745,#3746,#3747));
#689=EDGE_LOOP('',(#3748,#3749,#3750,#3751,#3752,#3753,#3754,#3755,#3756,
#3757,#3758,#3759,#3760,#3761,#3762,#3763,#3764,#3765,#3766,#3767,#3768,
#3769,#3770,#3771));
#690=EDGE_LOOP('',(#3772));
#691=EDGE_LOOP('',(#3773,#3774,#3775,#3776,#3777,#3778));
#692=EDGE_LOOP('',(#3779,#3780,#3781,#3782,#3783,#3784,#3785));
#693=EDGE_LOOP('',(#3786,#3787,#3788,#3789));
#694=EDGE_LOOP('',(#3790,#3791,#3792,#3793));
#695=EDGE_LOOP('',(#3794,#3795,#3796,#3797));
#696=EDGE_LOOP('',(#3798,#3799,#3800,#3801));
#697=EDGE_LOOP('',(#3802,#3803,#3804,#3805));
#698=EDGE_LOOP('',(#3806,#3807,#3808,#3809));
#699=EDGE_LOOP('',(#3810,#3811,#3812,#3813));
#700=EDGE_LOOP('',(#3814,#3815,#3816,#3817));
#701=EDGE_LOOP('',(#3818,#3819,#3820,#3821));
#702=EDGE_LOOP('',(#3822,#3823,#3824,#3825));
#703=EDGE_LOOP('',(#3826,#3827,#3828,#3829));
#704=EDGE_LOOP('',(#3830,#3831,#3832,#3833));
#705=EDGE_LOOP('',(#3834,#3835,#3836,#3837));
#706=EDGE_LOOP('',(#3838,#3839,#3840,#3841));
#707=EDGE_LOOP('',(#3842,#3843,#3844,#3845));
#708=EDGE_LOOP('',(#3846,#3847,#3848,#3849));
#709=EDGE_LOOP('',(#3850,#3851,#3852,#3853));
#710=EDGE_LOOP('',(#3854,#3855,#3856,#3857));
#711=EDGE_LOOP('',(#3858,#3859,#3860,#3861));
#712=EDGE_LOOP('',(#3862,#3863,#3864,#3865));
#713=EDGE_LOOP('',(#3866,#3867,#3868,#3869));
#714=EDGE_LOOP('',(#3870,#3871,#3872,#3873));
#715=EDGE_LOOP('',(#3874,#3875,#3876,#3877));
#716=EDGE_LOOP('',(#3878,#3879,#3880,#3881));
#717=EDGE_LOOP('',(#3882,#3883,#3884,#3885));
#718=EDGE_LOOP('',(#3886,#3887,#3888,#3889));
#719=EDGE_LOOP('',(#3890,#3891,#3892,#3893));
#720=EDGE_LOOP('',(#3894,#3895,#3896,#3897,#3898,#3899,#3900));
#721=EDGE_LOOP('',(#3901,#3902,#3903,#3904));
#722=EDGE_LOOP('',(#3905,#3906,#3907,#3908,#3909,#3910,#3911));
#723=EDGE_LOOP('',(#3912,#3913,#3914,#3915));
#724=EDGE_LOOP('',(#3916,#3917,#3918,#3919));
#725=EDGE_LOOP('',(#3920,#3921,#3922,#3923));
#726=EDGE_LOOP('',(#3924,#3925,#3926,#3927));
#727=EDGE_LOOP('',(#3928,#3929,#3930,#3931));
#728=EDGE_LOOP('',(#3932,#3933,#3934,#3935));
#729=EDGE_LOOP('',(#3936,#3937,#3938,#3939,#3940,#3941,#3942,#3943,#3944,
#3945));
#730=EDGE_LOOP('',(#3946,#3947,#3948,#3949,#3950,#3951,#3952,#3953,#3954,
#3955,#3956,#3957,#3958,#3959,#3960,#3961,#3962,#3963,#3964,#3965,#3966,
#3967,#3968,#3969,#3970,#3971,#3972,#3973,#3974,#3975,#3976,#3977,#3978,
#3979,#3980,#3981));
#731=EDGE_LOOP('',(#3982));
#732=EDGE_LOOP('',(#3983,#3984,#3985,#3986));
#733=EDGE_LOOP('',(#3987,#3988,#3989,#3990));
#734=EDGE_LOOP('',(#3991,#3992,#3993,#3994));
#735=EDGE_LOOP('',(#3995,#3996,#3997,#3998,#3999,#4000,#4001,#4002));
#736=EDGE_LOOP('',(#4003));
#737=EDGE_LOOP('',(#4004,#4005,#4006,#4007));
#738=EDGE_LOOP('',(#4008,#4009,#4010,#4011));
#739=EDGE_LOOP('',(#4012,#4013,#4014,#4015));
#740=EDGE_LOOP('',(#4016,#4017,#4018,#4019));
#741=EDGE_LOOP('',(#4020,#4021,#4022,#4023));
#742=EDGE_LOOP('',(#4024,#4025,#4026,#4027));
#743=EDGE_LOOP('',(#4028,#4029,#4030,#4031));
#744=EDGE_LOOP('',(#4032,#4033,#4034,#4035));
#745=EDGE_LOOP('',(#4036,#4037,#4038,#4039,#4040,#4041,#4042,#4043));
#746=EDGE_LOOP('',(#4044,#4045,#4046,#4047));
#747=EDGE_LOOP('',(#4048,#4049,#4050,#4051));
#748=EDGE_LOOP('',(#4052));
#749=EDGE_LOOP('',(#4053,#4054,#4055,#4056));
#750=EDGE_LOOP('',(#4057,#4058,#4059,#4060,#4061,#4062,#4063,#4064));
#751=EDGE_LOOP('',(#4065,#4066,#4067,#4068));
#752=EDGE_LOOP('',(#4069,#4070,#4071,#4072,#4073,#4074,#4075,#4076));
#753=EDGE_LOOP('',(#4077,#4078,#4079,#4080));
#754=EDGE_LOOP('',(#4081,#4082,#4083,#4084));
#755=EDGE_LOOP('',(#4085,#4086,#4087,#4088));
#756=EDGE_LOOP('',(#4089,#4090,#4091,#4092));
#757=EDGE_LOOP('',(#4093,#4094,#4095,#4096));
#758=EDGE_LOOP('',(#4097,#4098,#4099,#4100));
#759=EDGE_LOOP('',(#4101,#4102,#4103,#4104));
#760=EDGE_LOOP('',(#4105,#4106,#4107,#4108,#4109,#4110,#4111,#4112));
#761=EDGE_LOOP('',(#4113,#4114,#4115,#4116));
#762=EDGE_LOOP('',(#4117,#4118,#4119,#4120,#4121,#4122,#4123,#4124));
#763=EDGE_LOOP('',(#4125,#4126,#4127,#4128));
#764=EDGE_LOOP('',(#4129,#4130,#4131,#4132));
#765=EDGE_LOOP('',(#4133,#4134,#4135,#4136));
#766=EDGE_LOOP('',(#4137,#4138,#4139,#4140));
#767=EDGE_LOOP('',(#4141,#4142,#4143,#4144));
#768=EDGE_LOOP('',(#4145,#4146,#4147,#4148));
#769=LINE('',#6178,#1240);
#770=LINE('',#6181,#1241);
#771=LINE('',#6184,#1242);
#772=LINE('',#6186,#1243);
#773=LINE('',#6187,#1244);
#774=LINE('',#6192,#1245);
#775=LINE('',#6196,#1246);
#776=LINE('',#6198,#1247);
#777=LINE('',#6199,#1248);
#778=LINE('',#6204,#1249);
#779=LINE('',#6208,#1250);
#780=LINE('',#6210,#1251);
#781=LINE('',#6211,#1252);
#782=LINE('',#6216,#1253);
#783=LINE('',#6219,#1254);
#784=LINE('',#6220,#1255);
#785=LINE('',#6230,#1256);
#786=LINE('',#6235,#1257);
#787=LINE('',#6240,#1258);
#788=LINE('',#6246,#1259);
#789=LINE('',#6248,#1260);
#790=LINE('',#6250,#1261);
#791=LINE('',#6251,#1262);
#792=LINE('',#6255,#1263);
#793=LINE('',#6257,#1264);
#794=LINE('',#6259,#1265);
#795=LINE('',#6260,#1266);
#796=LINE('',#6264,#1267);
#797=LINE('',#6266,#1268);
#798=LINE('',#6268,#1269);
#799=LINE('',#6269,#1270);
#800=LINE('',#6272,#1271);
#801=LINE('',#6273,#1272);
#802=LINE('',#6275,#1273);
#803=LINE('',#6276,#1274);
#804=LINE('',#6277,#1275);
#805=LINE('',#6280,#1276);
#806=LINE('',#6282,#1277);
#807=LINE('',#6283,#1278);
#808=LINE('',#6286,#1279);
#809=LINE('',#6288,#1280);
#810=LINE('',#6289,#1281);
#811=LINE('',#6292,#1282);
#812=LINE('',#6296,#1283);
#813=LINE('',#6297,#1284);
#814=LINE('',#6300,#1285);
#815=LINE('',#6301,#1286);
#816=LINE('',#6304,#1287);
#817=LINE('',#6306,#1288);
#818=LINE('',#6307,#1289);
#819=LINE('',#6309,#1290);
#820=LINE('',#6315,#1291);
#821=LINE('',#6319,#1292);
#822=LINE('',#6323,#1293);
#823=LINE('',#6325,#1294);
#824=LINE('',#6327,#1295);
#825=LINE('',#6328,#1296);
#826=LINE('',#6331,#1297);
#827=LINE('',#6333,#1298);
#828=LINE('',#6334,#1299);
#829=LINE('',#6337,#1300);
#830=LINE('',#6339,#1301);
#831=LINE('',#6341,#1302);
#832=LINE('',#6343,#1303);
#833=LINE('',#6345,#1304);
#834=LINE('',#6347,#1305);
#835=LINE('',#6349,#1306);
#836=LINE('',#6351,#1307);
#837=LINE('',#6353,#1308);
#838=LINE('',#6355,#1309);
#839=LINE('',#6357,#1310);
#840=LINE('',#6359,#1311);
#841=LINE('',#6361,#1312);
#842=LINE('',#6362,#1313);
#843=LINE('',#6365,#1314);
#844=LINE('',#6367,#1315);
#845=LINE('',#6368,#1316);
#846=LINE('',#6370,#1317);
#847=LINE('',#6372,#1318);
#848=LINE('',#6374,#1319);
#849=LINE('',#6376,#1320);
#850=LINE('',#6377,#1321);
#851=LINE('',#6379,#1322);
#852=LINE('',#6381,#1323);
#853=LINE('',#6383,#1324);
#854=LINE('',#6385,#1325);
#855=LINE('',#6387,#1326);
#856=LINE('',#6389,#1327);
#857=LINE('',#6391,#1328);
#858=LINE('',#6393,#1329);
#859=LINE('',#6395,#1330);
#860=LINE('',#6396,#1331);
#861=LINE('',#6402,#1332);
#862=LINE('',#6404,#1333);
#863=LINE('',#6406,#1334);
#864=LINE('',#6408,#1335);
#865=LINE('',#6409,#1336);
#866=LINE('',#6411,#1337);
#867=LINE('',#6412,#1338);
#868=LINE('',#6415,#1339);
#869=LINE('',#6417,#1340);
#870=LINE('',#6419,#1341);
#871=LINE('',#6420,#1342);
#872=LINE('',#6422,#1343);
#873=LINE('',#6424,#1344);
#874=LINE('',#6426,#1345);
#875=LINE('',#6428,#1346);
#876=LINE('',#6429,#1347);
#877=LINE('',#6433,#1348);
#878=LINE('',#6436,#1349);
#879=LINE('',#6438,#1350);
#880=LINE('',#6440,#1351);
#881=LINE('',#6441,#1352);
#882=LINE('',#6443,#1353);
#883=LINE('',#6444,#1354);
#884=LINE('',#6447,#1355);
#885=LINE('',#6448,#1356);
#886=LINE('',#6451,#1357);
#887=LINE('',#6452,#1358);
#888=LINE('',#6455,#1359);
#889=LINE('',#6456,#1360);
#890=LINE('',#6459,#1361);
#891=LINE('',#6462,#1362);
#892=LINE('',#6466,#1363);
#893=LINE('',#6468,#1364);
#894=LINE('',#6470,#1365);
#895=LINE('',#6471,#1366);
#896=LINE('',#6473,#1367);
#897=LINE('',#6474,#1368);
#898=LINE('',#6476,#1369);
#899=LINE('',#6477,#1370);
#900=LINE('',#6481,#1371);
#901=LINE('',#6483,#1372);
#902=LINE('',#6484,#1373);
#903=LINE('',#6487,#1374);
#904=LINE('',#6489,#1375);
#905=LINE('',#6490,#1376);
#906=LINE('',#6492,#1377);
#907=LINE('',#6493,#1378);
#908=LINE('',#6498,#1379);
#909=LINE('',#6500,#1380);
#910=LINE('',#6502,#1381);
#911=LINE('',#6503,#1382);
#912=LINE('',#6506,#1383);
#913=LINE('',#6508,#1384);
#914=LINE('',#6509,#1385);
#915=LINE('',#6512,#1386);
#916=LINE('',#6514,#1387);
#917=LINE('',#6515,#1388);
#918=LINE('',#6518,#1389);
#919=LINE('',#6520,#1390);
#920=LINE('',#6521,#1391);
#921=LINE('',#6524,#1392);
#922=LINE('',#6526,#1393);
#923=LINE('',#6527,#1394);
#924=LINE('',#6530,#1395);
#925=LINE('',#6532,#1396);
#926=LINE('',#6533,#1397);
#927=LINE('',#6536,#1398);
#928=LINE('',#6538,#1399);
#929=LINE('',#6539,#1400);
#930=LINE('',#6542,#1401);
#931=LINE('',#6544,#1402);
#932=LINE('',#6545,#1403);
#933=LINE('',#6548,#1404);
#934=LINE('',#6550,#1405);
#935=LINE('',#6551,#1406);
#936=LINE('',#6554,#1407);
#937=LINE('',#6556,#1408);
#938=LINE('',#6557,#1409);
#939=LINE('',#6560,#1410);
#940=LINE('',#6562,#1411);
#941=LINE('',#6563,#1412);
#942=LINE('',#6565,#1413);
#943=LINE('',#6566,#1414);
#944=LINE('',#6571,#1415);
#945=LINE('',#6572,#1416);
#946=LINE('',#6573,#1417);
#947=LINE('',#6575,#1418);
#948=LINE('',#6577,#1419);
#949=LINE('',#6581,#1420);
#950=LINE('',#6582,#1421);
#951=LINE('',#6585,#1422);
#952=LINE('',#6586,#1423);
#953=LINE('',#6588,#1424);
#954=LINE('',#6591,#1425);
#955=LINE('',#6594,#1426);
#956=LINE('',#6644,#1427);
#957=LINE('',#6666,#1428);
#958=LINE('',#6711,#1429);
#959=LINE('',#6729,#1430);
#960=LINE('',#6777,#1431);
#961=LINE('',#6805,#1432);
#962=LINE('',#6949,#1433);
#963=LINE('',#6953,#1434);
#964=LINE('',#6957,#1435);
#965=LINE('',#6987,#1436);
#966=LINE('',#7009,#1437);
#967=LINE('',#7157,#1438);
#968=LINE('',#7161,#1439);
#969=LINE('',#7165,#1440);
#970=LINE('',#7195,#1441);
#971=LINE('',#7207,#1442);
#972=LINE('',#7304,#1443);
#973=LINE('',#7306,#1444);
#974=LINE('',#7307,#1445);
#975=LINE('',#7311,#1446);
#976=LINE('',#7313,#1447);
#977=LINE('',#7315,#1448);
#978=LINE('',#7474,#1449);
#979=LINE('',#7476,#1450);
#980=LINE('',#7487,#1451);
#981=LINE('',#7491,#1452);
#982=LINE('',#7493,#1453);
#983=LINE('',#7497,#1454);
#984=LINE('',#7499,#1455);
#985=LINE('',#7500,#1456);
#986=LINE('',#7552,#1457);
#987=LINE('',#7554,#1458);
#988=LINE('',#7556,#1459);
#989=LINE('',#7559,#1460);
#990=LINE('',#7560,#1461);
#991=LINE('',#7580,#1462);
#992=LINE('',#7581,#1463);
#993=LINE('',#7584,#1464);
#994=LINE('',#7585,#1465);
#995=LINE('',#7588,#1466);
#996=LINE('',#7606,#1467);
#997=LINE('',#7609,#1468);
#998=LINE('',#7610,#1469);
#999=LINE('',#7629,#1470);
#1000=LINE('',#7632,#1471);
#1001=LINE('',#7633,#1472);
#1002=LINE('',#7653,#1473);
#1003=LINE('',#7654,#1474);
#1004=LINE('',#7657,#1475);
#1005=LINE('',#7658,#1476);
#1006=LINE('',#7664,#1477);
#1007=LINE('',#7667,#1478);
#1008=LINE('',#7671,#1479);
#1009=LINE('',#7674,#1480);
#1010=LINE('',#7677,#1481);
#1011=LINE('',#7678,#1482);
#1012=LINE('',#7682,#1483);
#1013=LINE('',#7687,#1484);
#1014=LINE('',#7688,#1485);
#1015=LINE('',#7691,#1486);
#1016=LINE('',#7693,#1487);
#1017=LINE('',#7694,#1488);
#1018=LINE('',#7699,#1489);
#1019=LINE('',#7700,#1490);
#1020=LINE('',#7703,#1491);
#1021=LINE('',#7704,#1492);
#1022=LINE('',#7708,#1493);
#1023=LINE('',#7711,#1494);
#1024=LINE('',#7718,#1495);
#1025=LINE('',#7721,#1496);
#1026=LINE('',#7723,#1497);
#1027=LINE('',#7724,#1498);
#1028=LINE('',#7727,#1499);
#1029=LINE('',#7729,#1500);
#1030=LINE('',#7733,#1501);
#1031=LINE('',#7738,#1502);
#1032=LINE('',#7741,#1503);
#1033=LINE('',#7742,#1504);
#1034=LINE('',#7745,#1505);
#1035=LINE('',#7749,#1506);
#1036=LINE('',#7750,#1507);
#1037=LINE('',#7751,#1508);
#1038=LINE('',#7756,#1509);
#1039=LINE('',#7757,#1510);
#1040=LINE('',#7760,#1511);
#1041=LINE('',#7761,#1512);
#1042=LINE('',#7765,#1513);
#1043=LINE('',#7768,#1514);
#1044=LINE('',#7772,#1515);
#1045=LINE('',#7774,#1516);
#1046=LINE('',#7775,#1517);
#1047=LINE('',#7778,#1518);
#1048=LINE('',#7780,#1519);
#1049=LINE('',#7781,#1520);
#1050=LINE('',#7785,#1521);
#1051=LINE('',#7790,#1522);
#1052=LINE('',#7793,#1523);
#1053=LINE('',#7796,#1524);
#1054=LINE('',#7797,#1525);
#1055=LINE('',#7801,#1526);
#1056=LINE('',#7802,#1527);
#1057=LINE('',#7803,#1528);
#1058=LINE('',#7807,#1529);
#1059=LINE('',#7810,#1530);
#1060=LINE('',#7812,#1531);
#1061=LINE('',#7814,#1532);
#1062=LINE('',#7816,#1533);
#1063=LINE('',#7818,#1534);
#1064=LINE('',#7820,#1535);
#1065=LINE('',#7822,#1536);
#1066=LINE('',#7823,#1537);
#1067=LINE('',#7828,#1538);
#1068=LINE('',#7830,#1539);
#1069=LINE('',#7832,#1540);
#1070=LINE('',#7849,#1541);
#1071=LINE('',#7851,#1542);
#1072=LINE('',#7854,#1543);
#1073=LINE('',#7857,#1544);
#1074=LINE('',#7858,#1545);
#1075=LINE('',#7877,#1546);
#1076=LINE('',#7878,#1547);
#1077=LINE('',#7879,#1548);
#1078=LINE('',#7881,#1549);
#1079=LINE('',#7882,#1550);
#1080=LINE('',#7885,#1551);
#1081=LINE('',#7887,#1552);
#1082=LINE('',#7888,#1553);
#1083=LINE('',#7890,#1554);
#1084=LINE('',#7891,#1555);
#1085=LINE('',#7893,#1556);
#1086=LINE('',#7896,#1557);
#1087=LINE('',#7897,#1558);
#1088=LINE('',#7914,#1559);
#1089=LINE('',#7915,#1560);
#1090=LINE('',#7938,#1561);
#1091=LINE('',#7940,#1562);
#1092=LINE('',#7947,#1563);
#1093=LINE('',#7966,#1564);
#1094=LINE('',#7983,#1565);
#1095=LINE('',#7985,#1566);
#1096=LINE('',#7989,#1567);
#1097=LINE('',#7991,#1568);
#1098=LINE('',#7992,#1569);
#1099=LINE('',#7995,#1570);
#1100=LINE('',#7999,#1571);
#1101=LINE('',#8003,#1572);
#1102=LINE('',#8005,#1573);
#1103=LINE('',#8006,#1574);
#1104=LINE('',#8007,#1575);
#1105=LINE('',#8009,#1576);
#1106=LINE('',#8011,#1577);
#1107=LINE('',#8013,#1578);
#1108=LINE('',#8017,#1579);
#1109=LINE('',#8019,#1580);
#1110=LINE('',#8021,#1581);
#1111=LINE('',#8025,#1582);
#1112=LINE('',#8027,#1583);
#1113=LINE('',#8028,#1584);
#1114=LINE('',#8030,#1585);
#1115=LINE('',#8032,#1586);
#1116=LINE('',#8034,#1587);
#1117=LINE('',#8036,#1588);
#1118=LINE('',#8039,#1589);
#1119=LINE('',#8047,#1590);
#1120=LINE('',#8080,#1591);
#1121=LINE('',#8082,#1592);
#1122=LINE('',#8086,#1593);
#1123=LINE('',#8088,#1594);
#1124=LINE('',#8089,#1595);
#1125=LINE('',#8092,#1596);
#1126=LINE('',#8101,#1597);
#1127=LINE('',#8102,#1598);
#1128=LINE('',#8105,#1599);
#1129=LINE('',#8106,#1600);
#1130=LINE('',#8111,#1601);
#1131=LINE('',#8112,#1602);
#1132=LINE('',#8115,#1603);
#1133=LINE('',#8116,#1604);
#1134=LINE('',#8119,#1605);
#1135=LINE('',#8122,#1606);
#1136=LINE('',#8125,#1607);
#1137=LINE('',#8128,#1608);
#1138=LINE('',#8131,#1609);
#1139=LINE('',#8132,#1610);
#1140=LINE('',#8135,#1611);
#1141=LINE('',#8139,#1612);
#1142=LINE('',#8142,#1613);
#1143=LINE('',#8145,#1614);
#1144=LINE('',#8146,#1615);
#1145=LINE('',#8149,#1616);
#1146=LINE('',#8152,#1617);
#1147=LINE('',#8155,#1618);
#1148=LINE('',#8156,#1619);
#1149=LINE('',#8159,#1620);
#1150=LINE('',#8163,#1621);
#1151=LINE('',#8166,#1622);
#1152=LINE('',#8169,#1623);
#1153=LINE('',#8170,#1624);
#1154=LINE('',#8173,#1625);
#1155=LINE('',#8174,#1626);
#1156=LINE('',#8177,#1627);
#1157=LINE('',#8179,#1628);
#1158=LINE('',#8180,#1629);
#1159=LINE('',#8183,#1630);
#1160=LINE('',#8184,#1631);
#1161=LINE('',#8187,#1632);
#1162=LINE('',#8188,#1633);
#1163=LINE('',#8191,#1634);
#1164=LINE('',#8192,#1635);
#1165=LINE('',#8195,#1636);
#1166=LINE('',#8196,#1637);
#1167=LINE('',#8199,#1638);
#1168=LINE('',#8200,#1639);
#1169=LINE('',#8202,#1640);
#1170=LINE('',#8204,#1641);
#1171=LINE('',#8205,#1642);
#1172=LINE('',#8207,#1643);
#1173=LINE('',#8209,#1644);
#1174=LINE('',#8210,#1645);
#1175=LINE('',#8213,#1646);
#1176=LINE('',#8214,#1647);
#1177=LINE('',#8216,#1648);
#1178=LINE('',#8218,#1649);
#1179=LINE('',#8221,#1650);
#1180=LINE('',#8224,#1651);
#1181=LINE('',#8226,#1652);
#1182=LINE('',#8230,#1653);
#1183=LINE('',#8238,#1654);
#1184=LINE('',#8242,#1655);
#1185=LINE('',#8246,#1656);
#1186=LINE('',#8249,#1657);
#1187=LINE('',#8255,#1658);
#1188=LINE('',#8256,#1659);
#1189=LINE('',#8257,#1660);
#1190=LINE('',#8261,#1661);
#1191=LINE('',#8264,#1662);
#1192=LINE('',#8265,#1663);
#1193=LINE('',#8269,#1664);
#1194=LINE('',#8272,#1665);
#1195=LINE('',#8273,#1666);
#1196=LINE('',#8277,#1667);
#1197=LINE('',#8280,#1668);
#1198=LINE('',#8281,#1669);
#1199=LINE('',#8292,#1670);
#1200=LINE('',#8297,#1671);
#1201=LINE('',#8299,#1672);
#1202=LINE('',#8301,#1673);
#1203=LINE('',#8302,#1674);
#1204=LINE('',#8305,#1675);
#1205=LINE('',#8309,#1676);
#1206=LINE('',#8311,#1677);
#1207=LINE('',#8313,#1678);
#1208=LINE('',#8316,#1679);
#1209=LINE('',#8319,#1680);
#1210=LINE('',#8320,#1681);
#1211=LINE('',#8323,#1682);
#1212=LINE('',#8327,#1683);
#1213=LINE('',#8329,#1684);
#1214=LINE('',#8331,#1685);
#1215=LINE('',#8334,#1686);
#1216=LINE('',#8336,#1687);
#1217=LINE('',#8338,#1688);
#1218=LINE('',#8340,#1689);
#1219=LINE('',#8342,#1690);
#1220=LINE('',#8347,#1691);
#1221=LINE('',#8349,#1692);
#1222=LINE('',#8351,#1693);
#1223=LINE('',#8352,#1694);
#1224=LINE('',#8355,#1695);
#1225=LINE('',#8359,#1696);
#1226=LINE('',#8361,#1697);
#1227=LINE('',#8363,#1698);
#1228=LINE('',#8366,#1699);
#1229=LINE('',#8369,#1700);
#1230=LINE('',#8370,#1701);
#1231=LINE('',#8373,#1702);
#1232=LINE('',#8377,#1703);
#1233=LINE('',#8379,#1704);
#1234=LINE('',#8381,#1705);
#1235=LINE('',#8384,#1706);
#1236=LINE('',#8386,#1707);
#1237=LINE('',#8388,#1708);
#1238=LINE('',#8390,#1709);
#1239=LINE('',#8392,#1710);
#1240=VECTOR('',#5049,0.393700787401575);
#1241=VECTOR('',#5052,0.393700787401575);
#1242=VECTOR('',#5055,0.393700787401575);
#1243=VECTOR('',#5056,0.393700787401575);
#1244=VECTOR('',#5057,0.393700787401575);
#1245=VECTOR('',#5062,0.393700787401575);
#1246=VECTOR('',#5067,0.393700787401575);
#1247=VECTOR('',#5068,0.393700787401575);
#1248=VECTOR('',#5069,0.393700787401575);
#1249=VECTOR('',#5074,0.393700787401575);
#1250=VECTOR('',#5079,0.393700787401575);
#1251=VECTOR('',#5080,0.393700787401575);
#1252=VECTOR('',#5081,0.393700787401575);
#1253=VECTOR('',#5086,0.393700787401575);
#1254=VECTOR('',#5091,0.393700787401575);
#1255=VECTOR('',#5092,0.393700787401575);
#1256=VECTOR('',#5103,0.00787402447574411);
#1257=VECTOR('',#5110,0.0078740157480315);
#1258=VECTOR('',#5117,0.00794236834329626);
#1259=VECTOR('',#5124,0.393700787401575);
#1260=VECTOR('',#5125,0.393700787401575);
#1261=VECTOR('',#5126,0.393700787401575);
#1262=VECTOR('',#5127,0.393700787401575);
#1263=VECTOR('',#5130,0.393700787401575);
#1264=VECTOR('',#5131,0.393700787401575);
#1265=VECTOR('',#5132,0.393700787401575);
#1266=VECTOR('',#5133,0.393700787401575);
#1267=VECTOR('',#5136,0.393700787401575);
#1268=VECTOR('',#5137,0.393700787401575);
#1269=VECTOR('',#5138,0.393700787401575);
#1270=VECTOR('',#5139,0.393700787401575);
#1271=VECTOR('',#5142,0.393700787401575);
#1272=VECTOR('',#5143,0.393700787401575);
#1273=VECTOR('',#5144,0.393700787401575);
#1274=VECTOR('',#5145,0.393700787401575);
#1275=VECTOR('',#5146,0.393700787401575);
#1276=VECTOR('',#5149,0.393700787401575);
#1277=VECTOR('',#5150,0.393700787401575);
#1278=VECTOR('',#5151,0.393700787401575);
#1279=VECTOR('',#5154,0.393700787401575);
#1280=VECTOR('',#5155,0.393700787401575);
#1281=VECTOR('',#5156,0.393700787401575);
#1282=VECTOR('',#5159,0.393700787401575);
#1283=VECTOR('',#5162,0.393700787401575);
#1284=VECTOR('',#5163,0.393700787401575);
#1285=VECTOR('',#5166,0.393700787401575);
#1286=VECTOR('',#5167,0.393700787401575);
#1287=VECTOR('',#5170,0.393700787401575);
#1288=VECTOR('',#5171,0.393700787401575);
#1289=VECTOR('',#5172,0.393700787401575);
#1290=VECTOR('',#5175,0.393700787401575);
#1291=VECTOR('',#5182,0.393700787401575);
#1292=VECTOR('',#5187,0.393700787401575);
#1293=VECTOR('',#5190,0.393700787401575);
#1294=VECTOR('',#5191,0.393700787401575);
#1295=VECTOR('',#5192,0.393700787401575);
#1296=VECTOR('',#5193,0.393700787401575);
#1297=VECTOR('',#5196,0.393700787401575);
#1298=VECTOR('',#5197,0.393700787401575);
#1299=VECTOR('',#5198,0.393700787401575);
#1300=VECTOR('',#5201,0.393700787401575);
#1301=VECTOR('',#5202,0.393700787401575);
#1302=VECTOR('',#5203,0.393700787401575);
#1303=VECTOR('',#5204,0.393700787401575);
#1304=VECTOR('',#5205,0.393700787401575);
#1305=VECTOR('',#5206,0.393700787401575);
#1306=VECTOR('',#5207,0.393700787401575);
#1307=VECTOR('',#5208,0.393700787401575);
#1308=VECTOR('',#5209,0.393700787401575);
#1309=VECTOR('',#5210,0.393700787401575);
#1310=VECTOR('',#5211,0.393700787401575);
#1311=VECTOR('',#5212,0.393700787401575);
#1312=VECTOR('',#5213,0.393700787401575);
#1313=VECTOR('',#5214,0.393700787401575);
#1314=VECTOR('',#5217,0.393700787401575);
#1315=VECTOR('',#5218,0.393700787401575);
#1316=VECTOR('',#5219,0.393700787401575);
#1317=VECTOR('',#5222,0.393700787401575);
#1318=VECTOR('',#5225,0.393700787401575);
#1319=VECTOR('',#5226,0.393700787401575);
#1320=VECTOR('',#5227,0.393700787401575);
#1321=VECTOR('',#5228,0.393700787401575);
#1322=VECTOR('',#5229,0.393700787401575);
#1323=VECTOR('',#5230,0.393700787401575);
#1324=VECTOR('',#5231,0.393700787401575);
#1325=VECTOR('',#5232,0.393700787401575);
#1326=VECTOR('',#5233,0.393700787401575);
#1327=VECTOR('',#5234,0.393700787401575);
#1328=VECTOR('',#5235,0.393700787401575);
#1329=VECTOR('',#5236,0.393700787401575);
#1330=VECTOR('',#5237,0.393700787401575);
#1331=VECTOR('',#5238,0.393700787401575);
#1332=VECTOR('',#5243,0.393700787401575);
#1333=VECTOR('',#5244,0.393700787401575);
#1334=VECTOR('',#5245,0.393700787401575);
#1335=VECTOR('',#5246,0.393700787401575);
#1336=VECTOR('',#5247,0.393700787401575);
#1337=VECTOR('',#5250,0.393700787401575);
#1338=VECTOR('',#5251,0.393700787401575);
#1339=VECTOR('',#5254,0.393700787401575);
#1340=VECTOR('',#5255,0.393700787401575);
#1341=VECTOR('',#5256,0.393700787401575);
#1342=VECTOR('',#5257,0.393700787401575);
#1343=VECTOR('',#5258,0.393700787401575);
#1344=VECTOR('',#5259,0.393700787401575);
#1345=VECTOR('',#5260,0.393700787401575);
#1346=VECTOR('',#5261,0.393700787401575);
#1347=VECTOR('',#5262,0.393700787401575);
#1348=VECTOR('',#5267,0.393700787401575);
#1349=VECTOR('',#5270,0.393700787401575);
#1350=VECTOR('',#5271,0.393700787401575);
#1351=VECTOR('',#5272,0.393700787401575);
#1352=VECTOR('',#5273,0.393700787401575);
#1353=VECTOR('',#5274,0.393700787401575);
#1354=VECTOR('',#5275,0.393700787401575);
#1355=VECTOR('',#5278,0.393700787401575);
#1356=VECTOR('',#5279,0.393700787401575);
#1357=VECTOR('',#5282,0.393700787401575);
#1358=VECTOR('',#5283,0.393700787401575);
#1359=VECTOR('',#5286,0.393700787401575);
#1360=VECTOR('',#5287,0.393700787401575);
#1361=VECTOR('',#5292,0.393700787401575);
#1362=VECTOR('',#5297,0.393700787401575);
#1363=VECTOR('',#5300,0.393700787401575);
#1364=VECTOR('',#5301,0.393700787401575);
#1365=VECTOR('',#5302,0.393700787401575);
#1366=VECTOR('',#5303,0.393700787401575);
#1367=VECTOR('',#5306,0.393700787401575);
#1368=VECTOR('',#5307,0.393700787401575);
#1369=VECTOR('',#5310,0.393700787401575);
#1370=VECTOR('',#5311,0.393700787401575);
#1371=VECTOR('',#5316,0.393700787401575);
#1372=VECTOR('',#5317,0.393700787401575);
#1373=VECTOR('',#5318,0.393700787401575);
#1374=VECTOR('',#5321,0.393700787401575);
#1375=VECTOR('',#5322,0.393700787401575);
#1376=VECTOR('',#5323,0.393700787401575);
#1377=VECTOR('',#5326,0.393700787401575);
#1378=VECTOR('',#5327,0.393700787401575);
#1379=VECTOR('',#5332,0.393700787401575);
#1380=VECTOR('',#5333,0.393700787401575);
#1381=VECTOR('',#5334,0.393700787401575);
#1382=VECTOR('',#5335,0.393700787401575);
#1383=VECTOR('',#5338,0.393700787401575);
#1384=VECTOR('',#5339,0.393700787401575);
#1385=VECTOR('',#5340,0.393700787401575);
#1386=VECTOR('',#5343,0.393700787401575);
#1387=VECTOR('',#5344,0.393700787401575);
#1388=VECTOR('',#5345,0.393700787401575);
#1389=VECTOR('',#5348,0.393700787401575);
#1390=VECTOR('',#5349,0.393700787401575);
#1391=VECTOR('',#5350,0.393700787401575);
#1392=VECTOR('',#5353,0.393700787401575);
#1393=VECTOR('',#5354,0.393700787401575);
#1394=VECTOR('',#5355,0.393700787401575);
#1395=VECTOR('',#5358,0.393700787401575);
#1396=VECTOR('',#5359,0.393700787401575);
#1397=VECTOR('',#5360,0.393700787401575);
#1398=VECTOR('',#5363,0.393700787401575);
#1399=VECTOR('',#5364,0.393700787401575);
#1400=VECTOR('',#5365,0.393700787401575);
#1401=VECTOR('',#5368,0.393700787401575);
#1402=VECTOR('',#5369,0.393700787401575);
#1403=VECTOR('',#5370,0.393700787401575);
#1404=VECTOR('',#5373,0.393700787401575);
#1405=VECTOR('',#5374,0.393700787401575);
#1406=VECTOR('',#5375,0.393700787401575);
#1407=VECTOR('',#5378,0.393700787401575);
#1408=VECTOR('',#5379,0.393700787401575);
#1409=VECTOR('',#5380,0.393700787401575);
#1410=VECTOR('',#5383,0.393700787401575);
#1411=VECTOR('',#5384,0.393700787401575);
#1412=VECTOR('',#5385,0.393700787401575);
#1413=VECTOR('',#5388,0.393700787401575);
#1414=VECTOR('',#5389,0.393700787401575);
#1415=VECTOR('',#5394,0.393700787401575);
#1416=VECTOR('',#5395,0.393700787401575);
#1417=VECTOR('',#5396,0.393700787401575);
#1418=VECTOR('',#5399,0.393700787401575);
#1419=VECTOR('',#5402,0.393700787401575);
#1420=VECTOR('',#5407,0.393700787401575);
#1421=VECTOR('',#5408,0.393700787401575);
#1422=VECTOR('',#5411,0.393700787401575);
#1423=VECTOR('',#5412,0.393700787401575);
#1424=VECTOR('',#5415,0.393700787401575);
#1425=VECTOR('',#5420,0.393700787401575);
#1426=VECTOR('',#5425,0.393700787401575);
#1427=VECTOR('',#5434,0.393700787401575);
#1428=VECTOR('',#5435,0.393700787401575);
#1429=VECTOR('',#5438,0.393700787401575);
#1430=VECTOR('',#5439,0.0236220472440945);
#1431=VECTOR('',#5440,0.393700787401575);
#1432=VECTOR('',#5443,0.393700787401575);
#1433=VECTOR('',#5446,0.393700787401575);
#1434=VECTOR('',#5449,0.393700787401575);
#1435=VECTOR('',#5452,0.393700787401575);
#1436=VECTOR('',#5455,0.393700787401575);
#1437=VECTOR('',#5456,0.393700787401575);
#1438=VECTOR('',#5459,0.393700787401575);
#1439=VECTOR('',#5462,0.393700787401575);
#1440=VECTOR('',#5465,0.393700787401575);
#1441=VECTOR('',#5468,0.393700787401575);
#1442=VECTOR('',#5469,0.393700787401575);
#1443=VECTOR('',#5476,0.393700787401575);
#1444=VECTOR('',#5477,0.393700787401575);
#1445=VECTOR('',#5478,0.393700787401575);
#1446=VECTOR('',#5481,0.393700787401575);
#1447=VECTOR('',#5482,0.393700787401575);
#1448=VECTOR('',#5483,0.393700787401575);
#1449=VECTOR('',#5492,0.393700787401575);
#1450=VECTOR('',#5493,0.393700787401575);
#1451=VECTOR('',#5496,0.393700787401575);
#1452=VECTOR('',#5499,0.393700787401575);
#1453=VECTOR('',#5500,0.393700787401575);
#1454=VECTOR('',#5503,0.393700787401575);
#1455=VECTOR('',#5504,0.393700787401575);
#1456=VECTOR('',#5505,0.393700787401575);
#1457=VECTOR('',#5514,0.393700787401575);
#1458=VECTOR('',#5515,0.393700787401575);
#1459=VECTOR('',#5516,0.393700787401575);
#1460=VECTOR('',#5519,0.393700787401575);
#1461=VECTOR('',#5520,0.393700787401575);
#1462=VECTOR('',#5523,0.393700787401575);
#1463=VECTOR('',#5524,0.393700787401575);
#1464=VECTOR('',#5527,0.393700787401575);
#1465=VECTOR('',#5528,0.393700787401575);
#1466=VECTOR('',#5531,0.393700787401575);
#1467=VECTOR('',#5532,0.393700787401575);
#1468=VECTOR('',#5535,0.393700787401575);
#1469=VECTOR('',#5536,0.393700787401575);
#1470=VECTOR('',#5539,0.393700787401575);
#1471=VECTOR('',#5542,0.393700787401575);
#1472=VECTOR('',#5543,0.393700787401575);
#1473=VECTOR('',#5546,0.393700787401575);
#1474=VECTOR('',#5547,0.393700787401575);
#1475=VECTOR('',#5550,0.393700787401575);
#1476=VECTOR('',#5551,0.393700787401575);
#1477=VECTOR('',#5558,0.393700787401575);
#1478=VECTOR('',#5561,0.393700787401575);
#1479=VECTOR('',#5564,0.393700787401575);
#1480=VECTOR('',#5567,0.393700787401575);
#1481=VECTOR('',#5570,0.393700787401575);
#1482=VECTOR('',#5571,0.393700787401575);
#1483=VECTOR('',#5576,0.393700787401575);
#1484=VECTOR('',#5581,0.393700787401575);
#1485=VECTOR('',#5582,0.393700787401575);
#1486=VECTOR('',#5585,0.393700787401575);
#1487=VECTOR('',#5586,0.393700787401575);
#1488=VECTOR('',#5587,0.393700787401575);
#1489=VECTOR('',#5592,0.393700787401575);
#1490=VECTOR('',#5593,0.393700787401575);
#1491=VECTOR('',#5596,0.393700787401575);
#1492=VECTOR('',#5597,0.393700787401575);
#1493=VECTOR('',#5602,0.393700787401575);
#1494=VECTOR('',#5605,0.393700787401575);
#1495=VECTOR('',#5614,0.393700787401575);
#1496=VECTOR('',#5617,0.393700787401575);
#1497=VECTOR('',#5618,0.393700787401575);
#1498=VECTOR('',#5619,0.393700787401575);
#1499=VECTOR('',#5622,0.393700787401575);
#1500=VECTOR('',#5623,0.393700787401575);
#1501=VECTOR('',#5626,0.393700787401575);
#1502=VECTOR('',#5633,0.393700787401575);
#1503=VECTOR('',#5636,0.393700787401575);
#1504=VECTOR('',#5637,0.393700787401575);
#1505=VECTOR('',#5640,0.393700787401575);
#1506=VECTOR('',#5645,0.393700787401575);
#1507=VECTOR('',#5646,0.393700787401575);
#1508=VECTOR('',#5647,0.393700787401575);
#1509=VECTOR('',#5652,0.393700787401575);
#1510=VECTOR('',#5653,0.393700787401575);
#1511=VECTOR('',#5656,0.393700787401575);
#1512=VECTOR('',#5657,0.393700787401575);
#1513=VECTOR('',#5662,0.393700787401575);
#1514=VECTOR('',#5665,0.393700787401575);
#1515=VECTOR('',#5670,0.393700787401575);
#1516=VECTOR('',#5671,0.393700787401575);
#1517=VECTOR('',#5672,0.393700787401575);
#1518=VECTOR('',#5675,0.393700787401575);
#1519=VECTOR('',#5676,0.393700787401575);
#1520=VECTOR('',#5677,0.393700787401575);
#1521=VECTOR('',#5682,0.393700787401575);
#1522=VECTOR('',#5689,0.393700787401575);
#1523=VECTOR('',#5692,0.393700787401575);
#1524=VECTOR('',#5695,0.393700787401575);
#1525=VECTOR('',#5696,0.393700787401575);
#1526=VECTOR('',#5699,0.393700787401575);
#1527=VECTOR('',#5700,0.393700787401575);
#1528=VECTOR('',#5701,0.393700787401575);
#1529=VECTOR('',#5708,0.393700787401575);
#1530=VECTOR('',#5711,0.393700787401575);
#1531=VECTOR('',#5712,0.0236220472440945);
#1532=VECTOR('',#5713,0.393700787401575);
#1533=VECTOR('',#5714,0.393700787401575);
#1534=VECTOR('',#5715,0.393700787401575);
#1535=VECTOR('',#5716,0.393700787401575);
#1536=VECTOR('',#5717,0.393700787401575);
#1537=VECTOR('',#5718,0.393700787401575);
#1538=VECTOR('',#5723,0.393700787401575);
#1539=VECTOR('',#5724,0.393700787401575);
#1540=VECTOR('',#5727,0.393700787401575);
#1541=VECTOR('',#5728,0.393700787401575);
#1542=VECTOR('',#5731,0.393700787401575);
#1543=VECTOR('',#5736,0.393700787401575);
#1544=VECTOR('',#5739,0.393700787401575);
#1545=VECTOR('',#5740,0.393700787401575);
#1546=VECTOR('',#5741,0.393700787401575);
#1547=VECTOR('',#5742,0.393700787401575);
#1548=VECTOR('',#5743,0.393700787401575);
#1549=VECTOR('',#5744,0.393700787401575);
#1550=VECTOR('',#5745,0.0236220472440945);
#1551=VECTOR('',#5750,0.393700787401575);
#1552=VECTOR('',#5751,0.393700787401575);
#1553=VECTOR('',#5752,0.393700787401575);
#1554=VECTOR('',#5753,0.393700787401575);
#1555=VECTOR('',#5754,0.393700787401575);
#1556=VECTOR('',#5757,0.393700787401575);
#1557=VECTOR('',#5760,0.393700787401575);
#1558=VECTOR('',#5761,0.393700787401575);
#1559=VECTOR('',#5762,0.393700787401575);
#1560=VECTOR('',#5763,0.393700787401575);
#1561=VECTOR('',#5772,0.393700787401575);
#1562=VECTOR('',#5773,0.393700787401575);
#1563=VECTOR('',#5780,0.393700787401575);
#1564=VECTOR('',#5783,0.393700787401575);
#1565=VECTOR('',#5786,0.393700787401575);
#1566=VECTOR('',#5787,0.393700787401575);
#1567=VECTOR('',#5790,0.393700787401575);
#1568=VECTOR('',#5791,0.393700787401575);
#1569=VECTOR('',#5792,0.393700787401575);
#1570=VECTOR('',#5795,0.393700787401575);
#1571=VECTOR('',#5800,0.393700787401575);
#1572=VECTOR('',#5803,0.393700787401575);
#1573=VECTOR('',#5804,0.393700787401575);
#1574=VECTOR('',#5805,0.393700787401575);
#1575=VECTOR('',#5806,0.393700787401575);
#1576=VECTOR('',#5807,0.393700787401575);
#1577=VECTOR('',#5808,0.393700787401575);
#1578=VECTOR('',#5809,0.393700787401575);
#1579=VECTOR('',#5812,0.393700787401575);
#1580=VECTOR('',#5813,0.393700787401575);
#1581=VECTOR('',#5814,0.393700787401575);
#1582=VECTOR('',#5817,0.393700787401575);
#1583=VECTOR('',#5818,0.393700787401575);
#1584=VECTOR('',#5819,0.393700787401575);
#1585=VECTOR('',#5820,0.393700787401575);
#1586=VECTOR('',#5821,0.393700787401575);
#1587=VECTOR('',#5822,0.393700787401575);
#1588=VECTOR('',#5823,0.393700787401575);
#1589=VECTOR('',#5826,0.393700787401575);
#1590=VECTOR('',#5833,0.393700787401575);
#1591=VECTOR('',#5838,0.393700787401575);
#1592=VECTOR('',#5839,0.393700787401575);
#1593=VECTOR('',#5842,0.393700787401575);
#1594=VECTOR('',#5843,0.393700787401575);
#1595=VECTOR('',#5844,0.393700787401575);
#1596=VECTOR('',#5847,0.393700787401575);
#1597=VECTOR('',#5860,0.393700787401575);
#1598=VECTOR('',#5861,0.393700787401575);
#1599=VECTOR('',#5864,0.393700787401575);
#1600=VECTOR('',#5865,0.393700787401575);
#1601=VECTOR('',#5870,0.393700787401575);
#1602=VECTOR('',#5871,0.393700787401575);
#1603=VECTOR('',#5874,0.393700787401575);
#1604=VECTOR('',#5875,0.393700787401575);
#1605=VECTOR('',#5878,0.393700787401575);
#1606=VECTOR('',#5883,0.393700787401575);
#1607=VECTOR('',#5886,0.393700787401575);
#1608=VECTOR('',#5889,0.393700787401575);
#1609=VECTOR('',#5892,0.393700787401575);
#1610=VECTOR('',#5893,0.393700787401575);
#1611=VECTOR('',#5896,0.393700787401575);
#1612=VECTOR('',#5901,0.393700787401575);
#1613=VECTOR('',#5904,0.393700787401575);
#1614=VECTOR('',#5907,0.393700787401575);
#1615=VECTOR('',#5908,0.393700787401575);
#1616=VECTOR('',#5911,0.393700787401575);
#1617=VECTOR('',#5914,0.393700787401575);
#1618=VECTOR('',#5917,0.393700787401575);
#1619=VECTOR('',#5918,0.393700787401575);
#1620=VECTOR('',#5921,0.393700787401575);
#1621=VECTOR('',#5926,0.393700787401575);
#1622=VECTOR('',#5929,0.393700787401575);
#1623=VECTOR('',#5932,0.393700787401575);
#1624=VECTOR('',#5933,0.393700787401575);
#1625=VECTOR('',#5936,0.393700787401575);
#1626=VECTOR('',#5937,0.393700787401575);
#1627=VECTOR('',#5940,0.393700787401575);
#1628=VECTOR('',#5941,0.393700787401575);
#1629=VECTOR('',#5942,0.393700787401575);
#1630=VECTOR('',#5945,0.393700787401575);
#1631=VECTOR('',#5946,0.393700787401575);
#1632=VECTOR('',#5949,0.393700787401575);
#1633=VECTOR('',#5950,0.393700787401575);
#1634=VECTOR('',#5953,0.393700787401575);
#1635=VECTOR('',#5954,0.393700787401575);
#1636=VECTOR('',#5957,0.393700787401575);
#1637=VECTOR('',#5958,0.393700787401575);
#1638=VECTOR('',#5961,0.393700787401575);
#1639=VECTOR('',#5962,0.393700787401575);
#1640=VECTOR('',#5965,0.393700787401575);
#1641=VECTOR('',#5968,0.393700787401575);
#1642=VECTOR('',#5969,0.393700787401575);
#1643=VECTOR('',#5972,0.393700787401575);
#1644=VECTOR('',#5975,0.393700787401575);
#1645=VECTOR('',#5976,0.393700787401575);
#1646=VECTOR('',#5979,0.393700787401575);
#1647=VECTOR('',#5980,0.393700787401575);
#1648=VECTOR('',#5983,0.393700787401575);
#1649=VECTOR('',#5986,0.393700787401575);
#1650=VECTOR('',#5991,0.393700787401575);
#1651=VECTOR('',#5996,0.393700787401575);
#1652=VECTOR('',#5999,0.393700787401575);
#1653=VECTOR('',#6004,0.0413385826771654);
#1654=VECTOR('',#6013,0.393700787401575);
#1655=VECTOR('',#6016,0.393700787401575);
#1656=VECTOR('',#6019,0.393700787401575);
#1657=VECTOR('',#6022,0.393700787401575);
#1658=VECTOR('',#6027,0.393700787401575);
#1659=VECTOR('',#6028,0.393700787401575);
#1660=VECTOR('',#6029,0.393700787401575);
#1661=VECTOR('',#6034,0.393700787401575);
#1662=VECTOR('',#6037,0.393700787401575);
#1663=VECTOR('',#6038,0.393700787401575);
#1664=VECTOR('',#6043,0.393700787401575);
#1665=VECTOR('',#6046,0.393700787401575);
#1666=VECTOR('',#6047,0.393700787401575);
#1667=VECTOR('',#6052,0.393700787401575);
#1668=VECTOR('',#6055,0.393700787401575);
#1669=VECTOR('',#6056,0.393700787401575);
#1670=VECTOR('',#6073,0.0393700787401575);
#1671=VECTOR('',#6078,0.393700787401575);
#1672=VECTOR('',#6079,0.393700787401575);
#1673=VECTOR('',#6080,0.393700787401575);
#1674=VECTOR('',#6081,0.393700787401575);
#1675=VECTOR('',#6084,0.393700787401575);
#1676=VECTOR('',#6087,0.393700787401575);
#1677=VECTOR('',#6088,0.393700787401575);
#1678=VECTOR('',#6089,0.393700787401575);
#1679=VECTOR('',#6092,0.393700787401575);
#1680=VECTOR('',#6095,0.393700787401575);
#1681=VECTOR('',#6096,0.393700787401575);
#1682=VECTOR('',#6099,0.393700787401575);
#1683=VECTOR('',#6102,0.393700787401575);
#1684=VECTOR('',#6103,0.393700787401575);
#1685=VECTOR('',#6104,0.393700787401575);
#1686=VECTOR('',#6109,0.393700787401575);
#1687=VECTOR('',#6112,0.393700787401575);
#1688=VECTOR('',#6115,0.393700787401575);
#1689=VECTOR('',#6118,0.393700787401575);
#1690=VECTOR('',#6121,0.393700787401575);
#1691=VECTOR('',#6126,0.393700787401575);
#1692=VECTOR('',#6127,0.393700787401575);
#1693=VECTOR('',#6128,0.393700787401575);
#1694=VECTOR('',#6129,0.393700787401575);
#1695=VECTOR('',#6132,0.393700787401575);
#1696=VECTOR('',#6135,0.393700787401575);
#1697=VECTOR('',#6136,0.393700787401575);
#1698=VECTOR('',#6137,0.393700787401575);
#1699=VECTOR('',#6140,0.393700787401575);
#1700=VECTOR('',#6143,0.393700787401575);
#1701=VECTOR('',#6144,0.393700787401575);
#1702=VECTOR('',#6147,0.393700787401575);
#1703=VECTOR('',#6150,0.393700787401575);
#1704=VECTOR('',#6151,0.393700787401575);
#1705=VECTOR('',#6152,0.393700787401575);
#1706=VECTOR('',#6157,0.393700787401575);
#1707=VECTOR('',#6160,0.393700787401575);
#1708=VECTOR('',#6163,0.393700787401575);
#1709=VECTOR('',#6166,0.393700787401575);
#1710=VECTOR('',#6169,0.393700787401575);
#1711=CIRCLE('',#4716,0.00590551181102363);
#1712=CIRCLE('',#4717,0.00590551181102363);
#1713=CIRCLE('',#4720,0.00590551181102363);
#1714=CIRCLE('',#4721,0.00590551181102363);
#1715=CIRCLE('',#4724,0.00590551181102362);
#1716=CIRCLE('',#4725,0.00590551181102362);
#1717=CIRCLE('',#4728,0.0059055118110236);
#1718=CIRCLE('',#4729,0.0059055118110236);
#1719=CIRCLE('',#4732,0.0078740157480315);
#1720=CIRCLE('',#4733,0.00794236834329626);
#1721=CIRCLE('',#4734,0.00787402447574411);
#1722=CIRCLE('',#4736,0.00787402447574411);
#1723=CIRCLE('',#4739,0.0078740157480315);
#1724=CIRCLE('',#4742,0.00794236834329626);
#1725=CIRCLE('',#4751,0.00393700787401576);
#1726=CIRCLE('',#4756,0.00393700787401575);
#1727=CIRCLE('',#4757,0.00393700787401575);
#1728=CIRCLE('',#4759,0.00393700787401576);
#1729=CIRCLE('',#4767,0.00393700787401576);
#1730=CIRCLE('',#4771,0.00393700787401576);
#1731=CIRCLE('',#4778,0.00393700787401577);
#1732=CIRCLE('',#4812,0.00393700787401577);
#1733=CIRCLE('',#4815,0.015748031496063);
#1734=CIRCLE('',#4816,0.015748031496063);
#1735=CIRCLE('',#4817,0.015748031496063);
#1736=CIRCLE('',#4820,0.00551181102362205);
#1737=CIRCLE('',#4821,0.00551181102362205);
#1738=CIRCLE('',#4824,0.00551181102362205);
#1739=CIRCLE('',#4825,0.00551181102362205);
#1740=CIRCLE('',#4826,0.015748031496063);
#1741=CIRCLE('',#4827,0.00433070866141733);
#1742=CIRCLE('',#4829,0.00433070866141732);
#1743=CIRCLE('',#4830,0.00433070866141733);
#1744=CIRCLE('',#4831,0.00433070866141732);
#1745=CIRCLE('',#4832,0.015748031496063);
#1746=CIRCLE('',#4833,0.00433070866141733);
#1747=CIRCLE('',#4835,0.0078740157480315);
#1748=CIRCLE('',#4836,0.00393700787401575);
#1749=CIRCLE('',#4837,0.015748031496063);
#1750=CIRCLE('',#4838,0.00433070866141732);
#1751=CIRCLE('',#4840,0.00433070866141733);
#1752=CIRCLE('',#4841,0.00433070866141732);
#1753=CIRCLE('',#4851,0.00551181102362205);
#1754=CIRCLE('',#4854,0.00551181102362205);
#1755=CIRCLE('',#4870,0.00551181102362205);
#1756=CIRCLE('',#4877,0.00551181102362205);
#1757=CIRCLE('',#4892,0.00433070866141732);
#1758=CIRCLE('',#4894,0.00433070866141732);
#1759=CIRCLE('',#4896,0.00433070866141733);
#1760=CIRCLE('',#4900,0.00433070866141733);
#1761=CIRCLE('',#4904,0.0078740157480315);
#1762=CIRCLE('',#4905,0.00393700787401575);
#1763=CIRCLE('',#4917,0.00393700787401575);
#1764=CIRCLE('',#4918,0.0078740157480315);
#1765=CIRCLE('',#4920,0.0078740157480315);
#1766=CIRCLE('',#4921,0.0078740157480315);
#1767=CIRCLE('',#4923,0.00393700787401575);
#1768=CIRCLE('',#4925,0.00590551181102362);
#1769=CIRCLE('',#4927,0.00590551181102362);
#1770=CIRCLE('',#4928,0.00590551181102362);
#1771=CIRCLE('',#4929,0.00590551181102362);
#1772=CIRCLE('',#4930,0.00590551181102362);
#1773=CIRCLE('',#4931,0.0413385826771654);
#1774=CIRCLE('',#4933,0.0078740157480315);
#1775=CIRCLE('',#4934,0.0078740157480315);
#1776=CIRCLE('',#4936,0.00393700787401575);
#1777=CIRCLE('',#4938,0.00590551181102362);
#1778=CIRCLE('',#4940,0.0078740157480315);
#1779=CIRCLE('',#4943,0.00393700787401575);
#1780=CIRCLE('',#4946,0.00393700787401575);
#1781=CIRCLE('',#4949,0.00393700787401575);
#1782=CIRCLE('',#4952,0.00590551181102362);
#1783=CIRCLE('',#4955,0.00590551181102362);
#1784=CIRCLE('',#4957,0.00590551181102362);
#1785=CIRCLE('',#4960,0.00590551181102362);
#1786=CIRCLE('',#4963,0.00590551181102362);
#1787=CIRCLE('',#4965,0.00590551181102362);
#1788=CIRCLE('',#4986,0.0413385826771654);
#1789=CIRCLE('',#4991,0.0196850393700787);
#1790=CIRCLE('',#4992,0.0196850393700788);
#1791=CIRCLE('',#4993,0.0196850393700788);
#1792=CIRCLE('',#4994,0.0196850393700787);
#1793=CIRCLE('',#4995,0.0393700787401575);
#1794=CIRCLE('',#4998,0.0196850393700788);
#1795=CIRCLE('',#5001,0.0196850393700788);
#1796=CIRCLE('',#5004,0.0196850393700787);
#1797=CIRCLE('',#5007,0.0196850393700787);
#1798=CIRCLE('',#5010,0.0393700787401575);
#1799=CIRCLE('',#5011,0.00393700787401575);
#1800=CIRCLE('',#5012,0.0354330708661417);
#1801=CIRCLE('',#5017,0.00708661417322835);
#1802=CIRCLE('',#5018,0.0015748031496063);
#1803=CIRCLE('',#5021,0.0015748031496063);
#1804=CIRCLE('',#5022,0.00708661417322835);
#1805=CIRCLE('',#5031,0.00708661417322835);
#1806=CIRCLE('',#5032,0.0015748031496063);
#1807=CIRCLE('',#5035,0.0015748031496063);
#1808=CIRCLE('',#5036,0.00708661417322835);
#1809=VERTEX_POINT('',#6174);
#1810=VERTEX_POINT('',#6175);
#1811=VERTEX_POINT('',#6177);
#1812=VERTEX_POINT('',#6179);
#1813=VERTEX_POINT('',#6183);
#1814=VERTEX_POINT('',#6185);
#1815=VERTEX_POINT('',#6189);
#1816=VERTEX_POINT('',#6191);
#1817=VERTEX_POINT('',#6195);
#1818=VERTEX_POINT('',#6197);
#1819=VERTEX_POINT('',#6201);
#1820=VERTEX_POINT('',#6203);
#1821=VERTEX_POINT('',#6207);
#1822=VERTEX_POINT('',#6209);
#1823=VERTEX_POINT('',#6213);
#1824=VERTEX_POINT('',#6215);
#1825=VERTEX_POINT('',#6222);
#1826=VERTEX_POINT('',#6224);
#1827=VERTEX_POINT('',#6226);
#1828=VERTEX_POINT('',#6229);
#1829=VERTEX_POINT('',#6234);
#1830=VERTEX_POINT('',#6239);
#1831=VERTEX_POINT('',#6244);
#1832=VERTEX_POINT('',#6245);
#1833=VERTEX_POINT('',#6247);
#1834=VERTEX_POINT('',#6249);
#1835=VERTEX_POINT('',#6253);
#1836=VERTEX_POINT('',#6254);
#1837=VERTEX_POINT('',#6256);
#1838=VERTEX_POINT('',#6258);
#1839=VERTEX_POINT('',#6262);
#1840=VERTEX_POINT('',#6263);
#1841=VERTEX_POINT('',#6265);
#1842=VERTEX_POINT('',#6267);
#1843=VERTEX_POINT('',#6271);
#1844=VERTEX_POINT('',#6274);
#1845=VERTEX_POINT('',#6279);
#1846=VERTEX_POINT('',#6281);
#1847=VERTEX_POINT('',#6285);
#1848=VERTEX_POINT('',#6287);
#1849=VERTEX_POINT('',#6291);
#1850=VERTEX_POINT('',#6293);
#1851=VERTEX_POINT('',#6295);
#1852=VERTEX_POINT('',#6299);
#1853=VERTEX_POINT('',#6303);
#1854=VERTEX_POINT('',#6305);
#1855=VERTEX_POINT('',#6311);
#1856=VERTEX_POINT('',#6313);
#1857=VERTEX_POINT('',#6317);
#1858=VERTEX_POINT('',#6321);
#1859=VERTEX_POINT('',#6322);
#1860=VERTEX_POINT('',#6324);
#1861=VERTEX_POINT('',#6326);
#1862=VERTEX_POINT('',#6330);
#1863=VERTEX_POINT('',#6332);
#1864=VERTEX_POINT('',#6336);
#1865=VERTEX_POINT('',#6338);
#1866=VERTEX_POINT('',#6340);
#1867=VERTEX_POINT('',#6342);
#1868=VERTEX_POINT('',#6344);
#1869=VERTEX_POINT('',#6346);
#1870=VERTEX_POINT('',#6348);
#1871=VERTEX_POINT('',#6350);
#1872=VERTEX_POINT('',#6352);
#1873=VERTEX_POINT('',#6354);
#1874=VERTEX_POINT('',#6356);
#1875=VERTEX_POINT('',#6358);
#1876=VERTEX_POINT('',#6360);
#1877=VERTEX_POINT('',#6364);
#1878=VERTEX_POINT('',#6366);
#1879=VERTEX_POINT('',#6373);
#1880=VERTEX_POINT('',#6375);
#1881=VERTEX_POINT('',#6378);
#1882=VERTEX_POINT('',#6380);
#1883=VERTEX_POINT('',#6382);
#1884=VERTEX_POINT('',#6384);
#1885=VERTEX_POINT('',#6386);
#1886=VERTEX_POINT('',#6388);
#1887=VERTEX_POINT('',#6390);
#1888=VERTEX_POINT('',#6392);
#1889=VERTEX_POINT('',#6394);
#1890=VERTEX_POINT('',#6398);
#1891=VERTEX_POINT('',#6399);
#1892=VERTEX_POINT('',#6401);
#1893=VERTEX_POINT('',#6403);
#1894=VERTEX_POINT('',#6405);
#1895=VERTEX_POINT('',#6407);
#1896=VERTEX_POINT('',#6414);
#1897=VERTEX_POINT('',#6416);
#1898=VERTEX_POINT('',#6418);
#1899=VERTEX_POINT('',#6421);
#1900=VERTEX_POINT('',#6423);
#1901=VERTEX_POINT('',#6425);
#1902=VERTEX_POINT('',#6427);
#1903=VERTEX_POINT('',#6431);
#1904=VERTEX_POINT('',#6435);
#1905=VERTEX_POINT('',#6437);
#1906=VERTEX_POINT('',#6439);
#1907=VERTEX_POINT('',#6442);
#1908=VERTEX_POINT('',#6446);
#1909=VERTEX_POINT('',#6450);
#1910=VERTEX_POINT('',#6454);
#1911=VERTEX_POINT('',#6464);
#1912=VERTEX_POINT('',#6465);
#1913=VERTEX_POINT('',#6467);
#1914=VERTEX_POINT('',#6469);
#1915=VERTEX_POINT('',#6480);
#1916=VERTEX_POINT('',#6482);
#1917=VERTEX_POINT('',#6486);
#1918=VERTEX_POINT('',#6488);
#1919=VERTEX_POINT('',#6496);
#1920=VERTEX_POINT('',#6497);
#1921=VERTEX_POINT('',#6499);
#1922=VERTEX_POINT('',#6501);
#1923=VERTEX_POINT('',#6505);
#1924=VERTEX_POINT('',#6507);
#1925=VERTEX_POINT('',#6511);
#1926=VERTEX_POINT('',#6513);
#1927=VERTEX_POINT('',#6517);
#1928=VERTEX_POINT('',#6519);
#1929=VERTEX_POINT('',#6523);
#1930=VERTEX_POINT('',#6525);
#1931=VERTEX_POINT('',#6529);
#1932=VERTEX_POINT('',#6531);
#1933=VERTEX_POINT('',#6535);
#1934=VERTEX_POINT('',#6537);
#1935=VERTEX_POINT('',#6541);
#1936=VERTEX_POINT('',#6543);
#1937=VERTEX_POINT('',#6547);
#1938=VERTEX_POINT('',#6549);
#1939=VERTEX_POINT('',#6553);
#1940=VERTEX_POINT('',#6555);
#1941=VERTEX_POINT('',#6559);
#1942=VERTEX_POINT('',#6561);
#1943=VERTEX_POINT('',#6569);
#1944=VERTEX_POINT('',#6570);
#1945=VERTEX_POINT('',#6580);
#1946=VERTEX_POINT('',#6584);
#1947=VERTEX_POINT('',#6626);
#1948=VERTEX_POINT('',#6627);
#1949=VERTEX_POINT('',#6634);
#1950=VERTEX_POINT('',#6642);
#1951=VERTEX_POINT('',#6661);
#1952=VERTEX_POINT('',#6683);
#1953=VERTEX_POINT('',#6688);
#1954=VERTEX_POINT('',#6710);
#1955=VERTEX_POINT('',#6712);
#1956=VERTEX_POINT('',#6721);
#1957=VERTEX_POINT('',#6728);
#1958=VERTEX_POINT('',#6768);
#1959=VERTEX_POINT('',#6769);
#1960=VERTEX_POINT('',#6776);
#1961=VERTEX_POINT('',#6778);
#1962=VERTEX_POINT('',#6804);
#1963=VERTEX_POINT('',#6834);
#1964=VERTEX_POINT('',#6848);
#1965=VERTEX_POINT('',#6853);
#1966=VERTEX_POINT('',#6900);
#1967=VERTEX_POINT('',#6901);
#1968=VERTEX_POINT('',#6915);
#1969=VERTEX_POINT('',#6922);
#1970=VERTEX_POINT('',#6929);
#1971=VERTEX_POINT('',#6948);
#1972=VERTEX_POINT('',#6950);
#1973=VERTEX_POINT('',#6952);
#1974=VERTEX_POINT('',#6954);
#1975=VERTEX_POINT('',#6956);
#1976=VERTEX_POINT('',#6975);
#1977=VERTEX_POINT('',#6986);
#1978=VERTEX_POINT('',#6988);
#1979=VERTEX_POINT('',#6995);
#1980=VERTEX_POINT('',#7002);
#1981=VERTEX_POINT('',#7034);
#1982=VERTEX_POINT('',#7035);
#1983=VERTEX_POINT('',#7049);
#1984=VERTEX_POINT('',#7054);
#1985=VERTEX_POINT('',#7071);
#1986=VERTEX_POINT('',#7108);
#1987=VERTEX_POINT('',#7109);
#1988=VERTEX_POINT('',#7123);
#1989=VERTEX_POINT('',#7130);
#1990=VERTEX_POINT('',#7137);
#1991=VERTEX_POINT('',#7156);
#1992=VERTEX_POINT('',#7158);
#1993=VERTEX_POINT('',#7160);
#1994=VERTEX_POINT('',#7162);
#1995=VERTEX_POINT('',#7164);
#1996=VERTEX_POINT('',#7183);
#1997=VERTEX_POINT('',#7188);
#1998=VERTEX_POINT('',#7196);
#1999=VERTEX_POINT('',#7232);
#2000=VERTEX_POINT('',#7269);
#2001=VERTEX_POINT('',#7303);
#2002=VERTEX_POINT('',#7305);
#2003=VERTEX_POINT('',#7308);
#2004=VERTEX_POINT('',#7310);
#2005=VERTEX_POINT('',#7312);
#2006=VERTEX_POINT('',#7314);
#2007=VERTEX_POINT('',#7366);
#2008=VERTEX_POINT('',#7367);
#2009=VERTEX_POINT('',#7374);
#2010=VERTEX_POINT('',#7411);
#2011=VERTEX_POINT('',#7412);
#2012=VERTEX_POINT('',#7450);
#2013=VERTEX_POINT('',#7475);
#2014=VERTEX_POINT('',#7486);
#2015=VERTEX_POINT('',#7488);
#2016=VERTEX_POINT('',#7490);
#2017=VERTEX_POINT('',#7492);
#2018=VERTEX_POINT('',#7494);
#2019=VERTEX_POINT('',#7496);
#2020=VERTEX_POINT('',#7498);
#2021=VERTEX_POINT('',#7517);
#2022=VERTEX_POINT('',#7549);
#2023=VERTEX_POINT('',#7551);
#2024=VERTEX_POINT('',#7553);
#2025=VERTEX_POINT('',#7555);
#2026=VERTEX_POINT('',#7558);
#2027=VERTEX_POINT('',#7562);
#2028=VERTEX_POINT('',#7563);
#2029=VERTEX_POINT('',#7583);
#2030=VERTEX_POINT('',#7587);
#2031=VERTEX_POINT('',#7589);
#2032=VERTEX_POINT('',#7608);
#2033=VERTEX_POINT('',#7612);
#2034=VERTEX_POINT('',#7631);
#2035=VERTEX_POINT('',#7635);
#2036=VERTEX_POINT('',#7636);
#2037=VERTEX_POINT('',#7656);
#2038=VERTEX_POINT('',#7660);
#2039=VERTEX_POINT('',#7662);
#2040=VERTEX_POINT('',#7666);
#2041=VERTEX_POINT('',#7668);
#2042=VERTEX_POINT('',#7670);
#2043=VERTEX_POINT('',#7672);
#2044=VERTEX_POINT('',#7676);
#2045=VERTEX_POINT('',#7680);
#2046=VERTEX_POINT('',#7684);
#2047=VERTEX_POINT('',#7685);
#2048=VERTEX_POINT('',#7690);
#2049=VERTEX_POINT('',#7692);
#2050=VERTEX_POINT('',#7696);
#2051=VERTEX_POINT('',#7697);
#2052=VERTEX_POINT('',#7702);
#2053=VERTEX_POINT('',#7706);
#2054=VERTEX_POINT('',#7710);
#2055=VERTEX_POINT('',#7714);
#2056=VERTEX_POINT('',#7716);
#2057=VERTEX_POINT('',#7720);
#2058=VERTEX_POINT('',#7722);
#2059=VERTEX_POINT('',#7726);
#2060=VERTEX_POINT('',#7728);
#2061=VERTEX_POINT('',#7730);
#2062=VERTEX_POINT('',#7732);
#2063=VERTEX_POINT('',#7736);
#2064=VERTEX_POINT('',#7740);
#2065=VERTEX_POINT('',#7744);
#2066=VERTEX_POINT('',#7748);
#2067=VERTEX_POINT('',#7753);
#2068=VERTEX_POINT('',#7754);
#2069=VERTEX_POINT('',#7759);
#2070=VERTEX_POINT('',#7763);
#2071=VERTEX_POINT('',#7767);
#2072=VERTEX_POINT('',#7771);
#2073=VERTEX_POINT('',#7773);
#2074=VERTEX_POINT('',#7777);
#2075=VERTEX_POINT('',#7779);
#2076=VERTEX_POINT('',#7783);
#2077=VERTEX_POINT('',#7789);
#2078=VERTEX_POINT('',#7791);
#2079=VERTEX_POINT('',#7795);
#2080=VERTEX_POINT('',#7799);
#2081=VERTEX_POINT('',#7800);
#2082=VERTEX_POINT('',#7809);
#2083=VERTEX_POINT('',#7811);
#2084=VERTEX_POINT('',#7813);
#2085=VERTEX_POINT('',#7815);
#2086=VERTEX_POINT('',#7817);
#2087=VERTEX_POINT('',#7819);
#2088=VERTEX_POINT('',#7821);
#2089=VERTEX_POINT('',#7825);
#2090=VERTEX_POINT('',#7827);
#2091=VERTEX_POINT('',#7829);
#2092=VERTEX_POINT('',#7856);
#2093=VERTEX_POINT('',#7875);
#2094=VERTEX_POINT('',#7876);
#2095=VERTEX_POINT('',#7880);
#2096=VERTEX_POINT('',#7886);
#2097=VERTEX_POINT('',#7889);
#2098=VERTEX_POINT('',#7895);
#2099=VERTEX_POINT('',#7935);
#2100=VERTEX_POINT('',#7937);
#2101=VERTEX_POINT('',#7939);
#2102=VERTEX_POINT('',#7943);
#2103=VERTEX_POINT('',#7944);
#2104=VERTEX_POINT('',#7946);
#2105=VERTEX_POINT('',#7948);
#2106=VERTEX_POINT('',#7950);
#2107=VERTEX_POINT('',#7965);
#2108=VERTEX_POINT('',#7982);
#2109=VERTEX_POINT('',#7984);
#2110=VERTEX_POINT('',#7986);
#2111=VERTEX_POINT('',#7988);
#2112=VERTEX_POINT('',#7990);
#2113=VERTEX_POINT('',#7994);
#2114=VERTEX_POINT('',#7998);
#2115=VERTEX_POINT('',#8000);
#2116=VERTEX_POINT('',#8002);
#2117=VERTEX_POINT('',#8004);
#2118=VERTEX_POINT('',#8008);
#2119=VERTEX_POINT('',#8010);
#2120=VERTEX_POINT('',#8012);
#2121=VERTEX_POINT('',#8014);
#2122=VERTEX_POINT('',#8016);
#2123=VERTEX_POINT('',#8018);
#2124=VERTEX_POINT('',#8020);
#2125=VERTEX_POINT('',#8022);
#2126=VERTEX_POINT('',#8024);
#2127=VERTEX_POINT('',#8026);
#2128=VERTEX_POINT('',#8029);
#2129=VERTEX_POINT('',#8031);
#2130=VERTEX_POINT('',#8033);
#2131=VERTEX_POINT('',#8035);
#2132=VERTEX_POINT('',#8037);
#2133=VERTEX_POINT('',#8040);
#2134=VERTEX_POINT('',#8043);
#2135=VERTEX_POINT('',#8044);
#2136=VERTEX_POINT('',#8046);
#2137=VERTEX_POINT('',#8048);
#2138=VERTEX_POINT('',#8079);
#2139=VERTEX_POINT('',#8081);
#2140=VERTEX_POINT('',#8083);
#2141=VERTEX_POINT('',#8085);
#2142=VERTEX_POINT('',#8087);
#2143=VERTEX_POINT('',#8091);
#2144=VERTEX_POINT('',#8098);
#2145=VERTEX_POINT('',#8099);
#2146=VERTEX_POINT('',#8104);
#2147=VERTEX_POINT('',#8108);
#2148=VERTEX_POINT('',#8109);
#2149=VERTEX_POINT('',#8114);
#2150=VERTEX_POINT('',#8118);
#2151=VERTEX_POINT('',#8124);
#2152=VERTEX_POINT('',#8126);
#2153=VERTEX_POINT('',#8130);
#2154=VERTEX_POINT('',#8134);
#2155=VERTEX_POINT('',#8138);
#2156=VERTEX_POINT('',#8140);
#2157=VERTEX_POINT('',#8144);
#2158=VERTEX_POINT('',#8148);
#2159=VERTEX_POINT('',#8150);
#2160=VERTEX_POINT('',#8154);
#2161=VERTEX_POINT('',#8158);
#2162=VERTEX_POINT('',#8162);
#2163=VERTEX_POINT('',#8164);
#2164=VERTEX_POINT('',#8168);
#2165=VERTEX_POINT('',#8172);
#2166=VERTEX_POINT('',#8176);
#2167=VERTEX_POINT('',#8178);
#2168=VERTEX_POINT('',#8182);
#2169=VERTEX_POINT('',#8186);
#2170=VERTEX_POINT('',#8190);
#2171=VERTEX_POINT('',#8194);
#2172=VERTEX_POINT('',#8198);
#2173=VERTEX_POINT('',#8212);
#2174=VERTEX_POINT('',#8227);
#2175=VERTEX_POINT('',#8234);
#2176=VERTEX_POINT('',#8235);
#2177=VERTEX_POINT('',#8237);
#2178=VERTEX_POINT('',#8239);
#2179=VERTEX_POINT('',#8241);
#2180=VERTEX_POINT('',#8243);
#2181=VERTEX_POINT('',#8245);
#2182=VERTEX_POINT('',#8247);
#2183=VERTEX_POINT('',#8250);
#2184=VERTEX_POINT('',#8253);
#2185=VERTEX_POINT('',#8254);
#2186=VERTEX_POINT('',#8259);
#2187=VERTEX_POINT('',#8263);
#2188=VERTEX_POINT('',#8267);
#2189=VERTEX_POINT('',#8271);
#2190=VERTEX_POINT('',#8275);
#2191=VERTEX_POINT('',#8279);
#2192=VERTEX_POINT('',#8286);
#2193=VERTEX_POINT('',#8288);
#2194=VERTEX_POINT('',#8295);
#2195=VERTEX_POINT('',#8296);
#2196=VERTEX_POINT('',#8298);
#2197=VERTEX_POINT('',#8300);
#2198=VERTEX_POINT('',#8304);
#2199=VERTEX_POINT('',#8306);
#2200=VERTEX_POINT('',#8308);
#2201=VERTEX_POINT('',#8310);
#2202=VERTEX_POINT('',#8312);
#2203=VERTEX_POINT('',#8314);
#2204=VERTEX_POINT('',#8318);
#2205=VERTEX_POINT('',#8322);
#2206=VERTEX_POINT('',#8324);
#2207=VERTEX_POINT('',#8326);
#2208=VERTEX_POINT('',#8328);
#2209=VERTEX_POINT('',#8330);
#2210=VERTEX_POINT('',#8345);
#2211=VERTEX_POINT('',#8346);
#2212=VERTEX_POINT('',#8348);
#2213=VERTEX_POINT('',#8350);
#2214=VERTEX_POINT('',#8354);
#2215=VERTEX_POINT('',#8356);
#2216=VERTEX_POINT('',#8358);
#2217=VERTEX_POINT('',#8360);
#2218=VERTEX_POINT('',#8362);
#2219=VERTEX_POINT('',#8364);
#2220=VERTEX_POINT('',#8368);
#2221=VERTEX_POINT('',#8372);
#2222=VERTEX_POINT('',#8374);
#2223=VERTEX_POINT('',#8376);
#2224=VERTEX_POINT('',#8378);
#2225=VERTEX_POINT('',#8380);
#2226=EDGE_CURVE('',#1809,#1810,#1711,.T.);
#2227=EDGE_CURVE('',#1809,#1811,#769,.T.);
#2228=EDGE_CURVE('',#1811,#1812,#1712,.T.);
#2229=EDGE_CURVE('',#1810,#1812,#770,.T.);
#2230=EDGE_CURVE('',#1813,#1809,#771,.T.);
#2231=EDGE_CURVE('',#1813,#1814,#772,.T.);
#2232=EDGE_CURVE('',#1814,#1811,#773,.T.);
#2233=EDGE_CURVE('',#1815,#1813,#1713,.T.);
#2234=EDGE_CURVE('',#1815,#1816,#774,.T.);
#2235=EDGE_CURVE('',#1816,#1814,#1714,.T.);
#2236=EDGE_CURVE('',#1817,#1815,#775,.T.);
#2237=EDGE_CURVE('',#1817,#1818,#776,.T.);
#2238=EDGE_CURVE('',#1818,#1816,#777,.T.);
#2239=EDGE_CURVE('',#1819,#1817,#1715,.T.);
#2240=EDGE_CURVE('',#1819,#1820,#778,.T.);
#2241=EDGE_CURVE('',#1820,#1818,#1716,.T.);
#2242=EDGE_CURVE('',#1821,#1819,#779,.T.);
#2243=EDGE_CURVE('',#1821,#1822,#780,.T.);
#2244=EDGE_CURVE('',#1822,#1820,#781,.T.);
#2245=EDGE_CURVE('',#1823,#1821,#1717,.T.);
#2246=EDGE_CURVE('',#1823,#1824,#782,.T.);
#2247=EDGE_CURVE('',#1824,#1822,#1718,.T.);
#2248=EDGE_CURVE('',#1810,#1823,#783,.T.);
#2249=EDGE_CURVE('',#1812,#1824,#784,.T.);
#2250=EDGE_CURVE('',#1825,#1825,#1719,.T.);
#2251=EDGE_CURVE('',#1826,#1826,#1720,.T.);
#2252=EDGE_CURVE('',#1827,#1827,#1721,.T.);
#2253=EDGE_CURVE('',#1827,#1828,#785,.T.);
#2254=EDGE_CURVE('',#1828,#1828,#1722,.T.);
#2255=EDGE_CURVE('',#1825,#1829,#786,.T.);
#2256=EDGE_CURVE('',#1829,#1829,#1723,.T.);
#2257=EDGE_CURVE('',#1826,#1830,#787,.T.);
#2258=EDGE_CURVE('',#1830,#1830,#1724,.T.);
#2259=EDGE_CURVE('',#1831,#1832,#788,.T.);
#2260=EDGE_CURVE('',#1833,#1831,#789,.T.);
#2261=EDGE_CURVE('',#1834,#1833,#790,.T.);
#2262=EDGE_CURVE('',#1832,#1834,#791,.T.);
#2263=EDGE_CURVE('',#1835,#1836,#792,.T.);
#2264=EDGE_CURVE('',#1837,#1835,#793,.T.);
#2265=EDGE_CURVE('',#1838,#1837,#794,.T.);
#2266=EDGE_CURVE('',#1836,#1838,#795,.T.);
#2267=EDGE_CURVE('',#1839,#1840,#796,.T.);
#2268=EDGE_CURVE('',#1839,#1841,#797,.T.);
#2269=EDGE_CURVE('',#1842,#1841,#798,.T.);
#2270=EDGE_CURVE('',#1840,#1842,#799,.T.);
#2271=EDGE_CURVE('',#1836,#1843,#800,.T.);
#2272=EDGE_CURVE('',#1833,#1838,#801,.T.);
#2273=EDGE_CURVE('',#1844,#1831,#802,.T.);
#2274=EDGE_CURVE('',#1844,#1842,#803,.T.);
#2275=EDGE_CURVE('',#1841,#1843,#804,.T.);
#2276=EDGE_CURVE('',#1845,#1839,#805,.T.);
#2277=EDGE_CURVE('',#1846,#1845,#806,.T.);
#2278=EDGE_CURVE('',#1846,#1843,#807,.T.);
#2279=EDGE_CURVE('',#1847,#1844,#808,.T.);
#2280=EDGE_CURVE('',#1848,#1847,#809,.T.);
#2281=EDGE_CURVE('',#1840,#1848,#810,.T.);
#2282=EDGE_CURVE('',#1849,#1832,#811,.T.);
#2283=EDGE_CURVE('',#1850,#1849,#1725,.T.);
#2284=EDGE_CURVE('',#1851,#1850,#812,.T.);
#2285=EDGE_CURVE('',#1851,#1844,#813,.T.);
#2286=EDGE_CURVE('',#1834,#1852,#814,.T.);
#2287=EDGE_CURVE('',#1849,#1852,#815,.T.);
#2288=EDGE_CURVE('',#1835,#1853,#816,.T.);
#2289=EDGE_CURVE('',#1853,#1854,#817,.T.);
#2290=EDGE_CURVE('',#1854,#1837,#818,.T.);
#2291=EDGE_CURVE('',#1848,#1845,#819,.T.);
#2292=EDGE_CURVE('',#1855,#1854,#1726,.T.);
#2293=EDGE_CURVE('',#1853,#1856,#1727,.T.);
#2294=EDGE_CURVE('',#1856,#1855,#820,.T.);
#2295=EDGE_CURVE('',#1852,#1857,#1728,.T.);
#2296=EDGE_CURVE('',#1850,#1857,#821,.T.);
#2297=EDGE_CURVE('',#1858,#1859,#822,.T.);
#2298=EDGE_CURVE('',#1859,#1860,#823,.T.);
#2299=EDGE_CURVE('',#1860,#1861,#824,.T.);
#2300=EDGE_CURVE('',#1861,#1858,#825,.T.);
#2301=EDGE_CURVE('',#1859,#1862,#826,.T.);
#2302=EDGE_CURVE('',#1862,#1863,#827,.T.);
#2303=EDGE_CURVE('',#1863,#1860,#828,.T.);
#2304=EDGE_CURVE('',#1857,#1864,#829,.T.);
#2305=EDGE_CURVE('',#1864,#1865,#830,.T.);
#2306=EDGE_CURVE('',#1865,#1866,#831,.T.);
#2307=EDGE_CURVE('',#1866,#1867,#832,.T.);
#2308=EDGE_CURVE('',#1867,#1868,#833,.T.);
#2309=EDGE_CURVE('',#1869,#1868,#834,.T.);
#2310=EDGE_CURVE('',#1869,#1870,#835,.T.);
#2311=EDGE_CURVE('',#1870,#1871,#836,.T.);
#2312=EDGE_CURVE('',#1871,#1872,#837,.T.);
#2313=EDGE_CURVE('',#1872,#1873,#838,.T.);
#2314=EDGE_CURVE('',#1873,#1874,#839,.T.);
#2315=EDGE_CURVE('',#1874,#1875,#840,.T.);
#2316=EDGE_CURVE('',#1875,#1876,#841,.T.);
#2317=EDGE_CURVE('',#1876,#1851,#842,.T.);
#2318=EDGE_CURVE('',#1877,#1846,#843,.T.);
#2319=EDGE_CURVE('',#1878,#1877,#844,.T.);
#2320=EDGE_CURVE('',#1878,#1843,#845,.T.);
#2321=EDGE_CURVE('',#1856,#1878,#846,.T.);
#2322=EDGE_CURVE('',#1847,#1876,#847,.T.);
#2323=EDGE_CURVE('',#1875,#1879,#848,.T.);
#2324=EDGE_CURVE('',#1879,#1880,#849,.T.);
#2325=EDGE_CURVE('',#1880,#1872,#850,.T.);
#2326=EDGE_CURVE('',#1871,#1881,#851,.T.);
#2327=EDGE_CURVE('',#1881,#1882,#852,.T.);
#2328=EDGE_CURVE('',#1883,#1882,#853,.T.);
#2329=EDGE_CURVE('',#1883,#1884,#854,.T.);
#2330=EDGE_CURVE('',#1884,#1885,#855,.T.);
#2331=EDGE_CURVE('',#1886,#1885,#856,.T.);
#2332=EDGE_CURVE('',#1886,#1887,#857,.T.);
#2333=EDGE_CURVE('',#1887,#1888,#858,.T.);
#2334=EDGE_CURVE('',#1888,#1889,#859,.T.);
#2335=EDGE_CURVE('',#1877,#1889,#860,.T.);
#2336=EDGE_CURVE('',#1890,#1891,#1729,.T.);
#2337=EDGE_CURVE('',#1892,#1890,#861,.T.);
#2338=EDGE_CURVE('',#1892,#1893,#862,.T.);
#2339=EDGE_CURVE('',#1894,#1893,#863,.T.);
#2340=EDGE_CURVE('',#1895,#1894,#864,.T.);
#2341=EDGE_CURVE('',#1891,#1895,#865,.T.);
#2342=EDGE_CURVE('',#1884,#1893,#866,.T.);
#2343=EDGE_CURVE('',#1885,#1892,#867,.T.);
#2344=EDGE_CURVE('',#1896,#1855,#868,.T.);
#2345=EDGE_CURVE('',#1889,#1897,#869,.T.);
#2346=EDGE_CURVE('',#1897,#1898,#870,.T.);
#2347=EDGE_CURVE('',#1898,#1886,#871,.T.);
#2348=EDGE_CURVE('',#1890,#1899,#872,.T.);
#2349=EDGE_CURVE('',#1899,#1900,#873,.T.);
#2350=EDGE_CURVE('',#1900,#1901,#874,.T.);
#2351=EDGE_CURVE('',#1901,#1902,#875,.T.);
#2352=EDGE_CURVE('',#1902,#1896,#876,.T.);
#2353=EDGE_CURVE('',#1903,#1899,#1730,.T.);
#2354=EDGE_CURVE('',#1891,#1903,#877,.T.);
#2355=EDGE_CURVE('',#1904,#1893,#878,.T.);
#2356=EDGE_CURVE('',#1905,#1904,#879,.T.);
#2357=EDGE_CURVE('',#1906,#1905,#880,.T.);
#2358=EDGE_CURVE('',#1906,#1863,#881,.T.);
#2359=EDGE_CURVE('',#1907,#1862,#882,.T.);
#2360=EDGE_CURVE('',#1894,#1907,#883,.T.);
#2361=EDGE_CURVE('',#1908,#1883,#884,.T.);
#2362=EDGE_CURVE('',#1908,#1904,#885,.T.);
#2363=EDGE_CURVE('',#1882,#1909,#886,.T.);
#2364=EDGE_CURVE('',#1909,#1908,#887,.T.);
#2365=EDGE_CURVE('',#1910,#1903,#888,.T.);
#2366=EDGE_CURVE('',#1895,#1910,#889,.T.);
#2367=EDGE_CURVE('',#1870,#1906,#890,.T.);
#2368=EDGE_CURVE('',#1861,#1869,#1731,.T.);
#2369=EDGE_CURVE('',#1881,#1906,#891,.T.);
#2370=EDGE_CURVE('',#1911,#1912,#892,.T.);
#2371=EDGE_CURVE('',#1913,#1911,#893,.T.);
#2372=EDGE_CURVE('',#1914,#1913,#894,.T.);
#2373=EDGE_CURVE('',#1914,#1912,#895,.T.);
#2374=EDGE_CURVE('',#1912,#1866,#896,.T.);
#2375=EDGE_CURVE('',#1867,#1914,#897,.T.);
#2376=EDGE_CURVE('',#1865,#1911,#898,.T.);
#2377=EDGE_CURVE('',#1913,#1864,#899,.T.);
#2378=EDGE_CURVE('',#1901,#1915,#900,.T.);
#2379=EDGE_CURVE('',#1916,#1900,#901,.T.);
#2380=EDGE_CURVE('',#1916,#1915,#902,.T.);
#2381=EDGE_CURVE('',#1915,#1917,#903,.T.);
#2382=EDGE_CURVE('',#1918,#1916,#904,.T.);
#2383=EDGE_CURVE('',#1918,#1917,#905,.T.);
#2384=EDGE_CURVE('',#1917,#1902,#906,.T.);
#2385=EDGE_CURVE('',#1896,#1918,#907,.T.);
#2386=EDGE_CURVE('',#1919,#1920,#908,.T.);
#2387=EDGE_CURVE('',#1921,#1919,#909,.T.);
#2388=EDGE_CURVE('',#1922,#1921,#910,.T.);
#2389=EDGE_CURVE('',#1922,#1920,#911,.T.);
#2390=EDGE_CURVE('',#1920,#1923,#912,.T.);
#2391=EDGE_CURVE('',#1924,#1922,#913,.T.);
#2392=EDGE_CURVE('',#1924,#1923,#914,.T.);
#2393=EDGE_CURVE('',#1923,#1925,#915,.T.);
#2394=EDGE_CURVE('',#1926,#1924,#916,.T.);
#2395=EDGE_CURVE('',#1926,#1925,#917,.T.);
#2396=EDGE_CURVE('',#1925,#1927,#918,.T.);
#2397=EDGE_CURVE('',#1928,#1926,#919,.T.);
#2398=EDGE_CURVE('',#1928,#1927,#920,.T.);
#2399=EDGE_CURVE('',#1927,#1929,#921,.T.);
#2400=EDGE_CURVE('',#1930,#1928,#922,.T.);
#2401=EDGE_CURVE('',#1930,#1929,#923,.T.);
#2402=EDGE_CURVE('',#1929,#1931,#924,.T.);
#2403=EDGE_CURVE('',#1932,#1930,#925,.T.);
#2404=EDGE_CURVE('',#1932,#1931,#926,.T.);
#2405=EDGE_CURVE('',#1931,#1933,#927,.T.);
#2406=EDGE_CURVE('',#1934,#1932,#928,.T.);
#2407=EDGE_CURVE('',#1934,#1933,#929,.T.);
#2408=EDGE_CURVE('',#1933,#1935,#930,.T.);
#2409=EDGE_CURVE('',#1936,#1934,#931,.T.);
#2410=EDGE_CURVE('',#1936,#1935,#932,.T.);
#2411=EDGE_CURVE('',#1935,#1937,#933,.T.);
#2412=EDGE_CURVE('',#1938,#1936,#934,.T.);
#2413=EDGE_CURVE('',#1938,#1937,#935,.T.);
#2414=EDGE_CURVE('',#1937,#1939,#936,.T.);
#2415=EDGE_CURVE('',#1940,#1938,#937,.T.);
#2416=EDGE_CURVE('',#1940,#1939,#938,.T.);
#2417=EDGE_CURVE('',#1939,#1941,#939,.T.);
#2418=EDGE_CURVE('',#1942,#1940,#940,.T.);
#2419=EDGE_CURVE('',#1942,#1941,#941,.T.);
#2420=EDGE_CURVE('',#1941,#1919,#942,.T.);
#2421=EDGE_CURVE('',#1921,#1942,#943,.T.);
#2422=EDGE_CURVE('',#1943,#1944,#944,.T.);
#2423=EDGE_CURVE('',#1880,#1943,#945,.T.);
#2424=EDGE_CURVE('',#1879,#1944,#946,.T.);
#2425=EDGE_CURVE('',#1944,#1874,#947,.T.);
#2426=EDGE_CURVE('',#1873,#1943,#948,.T.);
#2427=EDGE_CURVE('',#1897,#1945,#949,.T.);
#2428=EDGE_CURVE('',#1888,#1945,#950,.T.);
#2429=EDGE_CURVE('',#1945,#1946,#951,.T.);
#2430=EDGE_CURVE('',#1887,#1946,#952,.T.);
#2431=EDGE_CURVE('',#1946,#1898,#953,.T.);
#2432=EDGE_CURVE('',#1909,#1905,#954,.T.);
#2433=EDGE_CURVE('',#1907,#1910,#955,.T.);
#2434=EDGE_CURVE('',#1868,#1858,#1732,.T.);
#2435=EDGE_CURVE('',#1947,#1948,#30,.F.);
#2436=EDGE_CURVE('',#1947,#1949,#31,.T.);
#2437=EDGE_CURVE('',#1949,#1950,#1733,.T.);
#2438=EDGE_CURVE('',#1948,#1950,#956,.T.);
#2439=EDGE_CURVE('',#1949,#1951,#32,.T.);
#2440=EDGE_CURVE('',#1950,#1951,#957,.T.);
#2441=EDGE_CURVE('',#1949,#1952,#33,.T.);
#2442=EDGE_CURVE('',#1952,#1953,#1734,.T.);
#2443=EDGE_CURVE('',#1953,#1951,#34,.T.);
#2444=EDGE_CURVE('',#1947,#1954,#958,.T.);
#2445=EDGE_CURVE('',#1954,#1955,#35,.F.);
#2446=EDGE_CURVE('',#1956,#1955,#36,.T.);
#2447=EDGE_CURVE('',#1957,#1956,#959,.T.);
#2448=EDGE_CURVE('',#1952,#1957,#37,.T.);
#2449=EDGE_CURVE('',#1958,#1959,#38,.T.);
#2450=EDGE_CURVE('',#1960,#1959,#960,.T.);
#2451=EDGE_CURVE('',#1960,#1961,#1735,.T.);
#2452=EDGE_CURVE('',#1961,#1958,#39,.T.);
#2453=EDGE_CURVE('',#1962,#1960,#961,.T.);
#2454=EDGE_CURVE('',#1962,#1961,#40,.T.);
#2455=EDGE_CURVE('',#1955,#1963,#41,.T.);
#2456=EDGE_CURVE('',#1963,#1964,#42,.T.);
#2457=EDGE_CURVE('',#1965,#1964,#43,.F.);
#2458=EDGE_CURVE('',#1965,#1956,#44,.T.);
#2459=EDGE_CURVE('',#1966,#1967,#45,.F.);
#2460=EDGE_CURVE('',#1966,#1968,#46,.T.);
#2461=EDGE_CURVE('',#1968,#1969,#47,.T.);
#2462=EDGE_CURVE('',#1969,#1970,#48,.T.);
#2463=EDGE_CURVE('',#1967,#1970,#49,.F.);
#2464=EDGE_CURVE('',#1971,#1968,#962,.T.);
#2465=EDGE_CURVE('',#1972,#1971,#14,.T.);
#2466=EDGE_CURVE('',#1973,#1972,#963,.T.);
#2467=EDGE_CURVE('',#1974,#1973,#1736,.T.);
#2468=EDGE_CURVE('',#1974,#1975,#964,.T.);
#2469=EDGE_CURVE('',#1969,#1975,#1737,.T.);
#2470=EDGE_CURVE('',#1976,#1966,#50,.T.);
#2471=EDGE_CURVE('',#1977,#1976,#965,.T.);
#2472=EDGE_CURVE('',#1978,#1977,#51,.T.);
#2473=EDGE_CURVE('',#1979,#1978,#52,.T.);
#2474=EDGE_CURVE('',#1980,#1979,#53,.T.);
#2475=EDGE_CURVE('',#1968,#1980,#966,.T.);
#2476=EDGE_CURVE('',#1981,#1982,#54,.T.);
#2477=EDGE_CURVE('',#1982,#1983,#55,.T.);
#2478=EDGE_CURVE('',#1984,#1983,#56,.F.);
#2479=EDGE_CURVE('',#1984,#1985,#57,.T.);
#2480=EDGE_CURVE('',#1985,#1981,#58,.T.);
#2481=EDGE_CURVE('',#1986,#1987,#59,.F.);
#2482=EDGE_CURVE('',#1986,#1988,#60,.T.);
#2483=EDGE_CURVE('',#1988,#1989,#61,.T.);
#2484=EDGE_CURVE('',#1989,#1990,#62,.T.);
#2485=EDGE_CURVE('',#1987,#1990,#63,.F.);
#2486=EDGE_CURVE('',#1991,#1988,#967,.T.);
#2487=EDGE_CURVE('',#1992,#1991,#15,.T.);
#2488=EDGE_CURVE('',#1993,#1992,#968,.T.);
#2489=EDGE_CURVE('',#1994,#1993,#1738,.T.);
#2490=EDGE_CURVE('',#1994,#1995,#969,.T.);
#2491=EDGE_CURVE('',#1989,#1995,#1739,.T.);
#2492=EDGE_CURVE('',#1996,#1961,#64,.T.);
#2493=EDGE_CURVE('',#1997,#1996,#65,.T.);
#2494=EDGE_CURVE('',#1988,#1997,#970,.T.);
#2495=EDGE_CURVE('',#1998,#1986,#66,.T.);
#2496=EDGE_CURVE('',#1958,#1998,#971,.T.);
#2497=EDGE_CURVE('',#1977,#1999,#67,.T.);
#2498=EDGE_CURVE('',#1999,#1978,#68,.T.);
#2499=EDGE_CURVE('',#2000,#1979,#1740,.T.);
#2500=EDGE_CURVE('',#1978,#2000,#69,.T.);
#2501=EDGE_CURVE('',#2000,#1980,#1741,.T.);
#2502=EDGE_CURVE('',#1999,#2001,#972,.T.);
#2503=EDGE_CURVE('',#2002,#2001,#973,.T.);
#2504=EDGE_CURVE('',#2002,#1948,#974,.T.);
#2505=EDGE_CURVE('',#1953,#2003,#1742,.T.);
#2506=EDGE_CURVE('',#2003,#2004,#975,.T.);
#2507=EDGE_CURVE('',#2004,#2005,#976,.T.);
#2508=EDGE_CURVE('',#2005,#2006,#977,.T.);
#2509=EDGE_CURVE('',#2006,#2000,#1743,.T.);
#2510=EDGE_CURVE('',#1957,#1953,#1744,.T.);
#2511=EDGE_CURVE('',#2007,#2008,#70,.T.);
#2512=EDGE_CURVE('',#2008,#2009,#71,.T.);
#2513=EDGE_CURVE('',#2009,#2007,#72,.T.);
#2514=EDGE_CURVE('',#2010,#2011,#1745,.T.);
#2515=EDGE_CURVE('',#2011,#2009,#73,.T.);
#2516=EDGE_CURVE('',#2009,#2010,#74,.T.);
#2517=EDGE_CURVE('',#2010,#2012,#75,.T.);
#2518=EDGE_CURVE('',#2012,#2011,#1746,.T.);
#2519=EDGE_CURVE('',#2012,#1985,#978,.T.);
#2520=EDGE_CURVE('',#2008,#2013,#979,.T.);
#2521=EDGE_CURVE('',#2013,#1981,#76,.F.);
#2522=EDGE_CURVE('',#2014,#2007,#980,.T.);
#2523=EDGE_CURVE('',#2015,#2014,#1747,.T.);
#2524=EDGE_CURVE('',#2016,#2015,#981,.T.);
#2525=EDGE_CURVE('',#2017,#2016,#982,.T.);
#2526=EDGE_CURVE('',#2017,#2018,#1748,.F.);
#2527=EDGE_CURVE('',#2018,#2019,#983,.T.);
#2528=EDGE_CURVE('',#2019,#2020,#984,.T.);
#2529=EDGE_CURVE('',#2013,#2020,#985,.T.);
#2530=EDGE_CURVE('',#1962,#2021,#77,.T.);
#2531=EDGE_CURVE('',#2021,#1996,#1749,.T.);
#2532=EDGE_CURVE('',#2021,#1997,#1750,.T.);
#2533=EDGE_CURVE('',#2011,#2022,#1751,.T.);
#2534=EDGE_CURVE('',#2022,#2023,#986,.T.);
#2535=EDGE_CURVE('',#2023,#2024,#987,.T.);
#2536=EDGE_CURVE('',#2024,#2025,#988,.T.);
#2537=EDGE_CURVE('',#2025,#2021,#1752,.T.);
#2538=EDGE_CURVE('',#1959,#2026,#989,.T.);
#2539=EDGE_CURVE('',#2014,#2026,#990,.T.);
#2540=EDGE_CURVE('',#2027,#2028,#78,.T.);
#2541=EDGE_CURVE('',#2028,#1998,#991,.T.);
#2542=EDGE_CURVE('',#1987,#2027,#992,.T.);
#2543=EDGE_CURVE('',#2029,#1990,#993,.T.);
#2544=EDGE_CURVE('',#2027,#2029,#994,.T.);
#2545=EDGE_CURVE('',#1954,#2030,#995,.T.);
#2546=EDGE_CURVE('',#2031,#2030,#79,.F.);
#2547=EDGE_CURVE('',#2031,#1963,#996,.F.);
#2548=EDGE_CURVE('',#2031,#2032,#997,.T.);
#2549=EDGE_CURVE('',#1964,#2032,#998,.F.);
#2550=EDGE_CURVE('',#2033,#2020,#80,.F.);
#2551=EDGE_CURVE('',#2033,#1982,#999,.F.);
#2552=EDGE_CURVE('',#2033,#2034,#1000,.T.);
#2553=EDGE_CURVE('',#1983,#2034,#1001,.F.);
#2554=EDGE_CURVE('',#2035,#2036,#81,.T.);
#2555=EDGE_CURVE('',#2036,#1976,#1002,.T.);
#2556=EDGE_CURVE('',#1967,#2035,#1003,.T.);
#2557=EDGE_CURVE('',#2037,#1970,#1004,.T.);
#2558=EDGE_CURVE('',#2035,#2037,#1005,.T.);
#2559=EDGE_CURVE('',#2038,#1965,#1753,.T.);
#2560=EDGE_CURVE('',#2032,#2039,#16,.T.);
#2561=EDGE_CURVE('',#2039,#2038,#1006,.T.);
#2562=EDGE_CURVE('',#2040,#2038,#1007,.T.);
#2563=EDGE_CURVE('',#2041,#2040,#1754,.T.);
#2564=EDGE_CURVE('',#2041,#2042,#1008,.T.);
#2565=EDGE_CURVE('',#2043,#2042,#17,.T.);
#2566=EDGE_CURVE('',#2043,#1956,#1009,.T.);
#2567=EDGE_CURVE('',#2044,#2039,#1010,.T.);
#2568=EDGE_CURVE('',#2040,#2044,#1011,.T.);
#2569=EDGE_CURVE('',#2044,#2045,#18,.T.);
#2570=EDGE_CURVE('',#2045,#2041,#1012,.T.);
#2571=EDGE_CURVE('',#2046,#2047,#19,.T.);
#2572=EDGE_CURVE('',#2047,#2043,#1013,.T.);
#2573=EDGE_CURVE('',#2042,#2046,#1014,.T.);
#2574=EDGE_CURVE('',#2047,#2048,#1015,.T.);
#2575=EDGE_CURVE('',#2048,#2049,#1016,.T.);
#2576=EDGE_CURVE('',#2049,#1957,#1017,.T.);
#2577=EDGE_CURVE('',#2050,#2051,#20,.T.);
#2578=EDGE_CURVE('',#2051,#1972,#1018,.T.);
#2579=EDGE_CURVE('',#1971,#2050,#1019,.T.);
#2580=EDGE_CURVE('',#2051,#2052,#1020,.T.);
#2581=EDGE_CURVE('',#1973,#2052,#1021,.T.);
#2582=EDGE_CURVE('',#2052,#2053,#21,.T.);
#2583=EDGE_CURVE('',#2053,#1974,#1022,.T.);
#2584=EDGE_CURVE('',#1975,#2054,#1023,.T.);
#2585=EDGE_CURVE('',#2054,#2037,#22,.T.);
#2586=EDGE_CURVE('',#2055,#1984,#1755,.T.);
#2587=EDGE_CURVE('',#2034,#2056,#23,.T.);
#2588=EDGE_CURVE('',#2056,#2055,#1024,.T.);
#2589=EDGE_CURVE('',#2057,#2056,#1025,.T.);
#2590=EDGE_CURVE('',#2058,#2057,#1026,.T.);
#2591=EDGE_CURVE('',#2058,#2055,#1027,.T.);
#2592=EDGE_CURVE('',#2059,#2033,#1028,.T.);
#2593=EDGE_CURVE('',#2060,#2059,#1029,.T.);
#2594=EDGE_CURVE('',#2061,#2060,#24,.T.);
#2595=EDGE_CURVE('',#2061,#2062,#1030,.T.);
#2596=EDGE_CURVE('',#2057,#2062,#25,.T.);
#2597=EDGE_CURVE('',#2063,#2058,#1756,.T.);
#2598=EDGE_CURVE('',#2062,#2063,#1031,.T.);
#2599=EDGE_CURVE('',#2064,#2061,#1032,.T.);
#2600=EDGE_CURVE('',#2063,#2064,#1033,.T.);
#2601=EDGE_CURVE('',#2060,#2065,#1034,.T.);
#2602=EDGE_CURVE('',#2065,#2064,#26,.T.);
#2603=EDGE_CURVE('',#2059,#2066,#1035,.T.);
#2604=EDGE_CURVE('',#2066,#2012,#1036,.T.);
#2605=EDGE_CURVE('',#2065,#1985,#1037,.T.);
#2606=EDGE_CURVE('',#2067,#2068,#27,.T.);
#2607=EDGE_CURVE('',#2068,#1992,#1038,.T.);
#2608=EDGE_CURVE('',#1991,#2067,#1039,.T.);
#2609=EDGE_CURVE('',#2068,#2069,#1040,.T.);
#2610=EDGE_CURVE('',#1993,#2069,#1041,.T.);
#2611=EDGE_CURVE('',#2069,#2070,#28,.T.);
#2612=EDGE_CURVE('',#2070,#1994,#1042,.T.);
#2613=EDGE_CURVE('',#1995,#2071,#1043,.T.);
#2614=EDGE_CURVE('',#2071,#2029,#29,.T.);
#2615=EDGE_CURVE('',#2072,#2024,#1044,.T.);
#2616=EDGE_CURVE('',#2073,#2072,#1045,.T.);
#2617=EDGE_CURVE('',#2025,#2073,#1046,.T.);
#2618=EDGE_CURVE('',#2074,#2003,#1047,.T.);
#2619=EDGE_CURVE('',#2075,#2074,#1048,.T.);
#2620=EDGE_CURVE('',#2004,#2075,#1049,.T.);
#2621=EDGE_CURVE('',#2076,#2073,#1757,.T.);
#2622=EDGE_CURVE('',#1997,#2076,#1050,.T.);
#2623=EDGE_CURVE('',#2074,#2049,#1758,.T.);
#2624=EDGE_CURVE('',#2006,#2077,#1051,.T.);
#2625=EDGE_CURVE('',#2078,#2077,#1759,.T.);
#2626=EDGE_CURVE('',#1980,#2078,#1052,.T.);
#2627=EDGE_CURVE('',#2079,#2005,#1053,.T.);
#2628=EDGE_CURVE('',#2077,#2079,#1054,.T.);
#2629=EDGE_CURVE('',#2080,#2081,#1055,.T.);
#2630=EDGE_CURVE('',#2023,#2080,#1056,.T.);
#2631=EDGE_CURVE('',#2081,#2022,#1057,.T.);
#2632=EDGE_CURVE('',#2081,#2066,#1760,.T.);
#2633=EDGE_CURVE('',#2079,#2075,#1058,.T.);
#2634=EDGE_CURVE('',#2049,#2082,#1059,.T.);
#2635=EDGE_CURVE('',#2082,#2083,#1060,.T.);
#2636=EDGE_CURVE('',#2083,#2084,#1061,.T.);
#2637=EDGE_CURVE('',#2085,#2084,#1062,.T.);
#2638=EDGE_CURVE('',#2086,#2085,#1063,.T.);
#2639=EDGE_CURVE('',#2086,#2087,#1064,.T.);
#2640=EDGE_CURVE('',#2087,#2088,#1065,.T.);
#2641=EDGE_CURVE('',#2088,#2078,#1066,.T.);
#2642=EDGE_CURVE('',#2089,#2002,#1761,.T.);
#2643=EDGE_CURVE('',#2090,#2089,#1067,.T.);
#2644=EDGE_CURVE('',#2091,#2090,#1068,.T.);
#2645=EDGE_CURVE('',#2091,#2085,#1762,.F.);
#2646=EDGE_CURVE('',#2084,#2030,#1069,.T.);
#2647=EDGE_CURVE('',#2048,#2031,#1070,.T.);
#2648=EDGE_CURVE('',#2046,#2045,#1071,.T.);
#2649=EDGE_CURVE('',#2070,#2071,#1072,.T.);
#2650=EDGE_CURVE('',#2076,#2092,#1073,.T.);
#2651=EDGE_CURVE('',#2067,#2092,#1074,.T.);
#2652=EDGE_CURVE('',#2093,#2094,#1075,.T.);
#2653=EDGE_CURVE('',#2093,#2028,#1076,.T.);
#2654=EDGE_CURVE('',#2092,#2027,#1077,.T.);
#2655=EDGE_CURVE('',#2095,#2076,#1078,.T.);
#2656=EDGE_CURVE('',#2094,#2095,#1079,.T.);
#2657=EDGE_CURVE('',#2072,#2080,#1080,.T.);
#2658=EDGE_CURVE('',#2066,#2096,#1081,.T.);
#2659=EDGE_CURVE('',#2096,#2019,#1082,.T.);
#2660=EDGE_CURVE('',#2097,#2018,#1083,.T.);
#2661=EDGE_CURVE('',#2097,#2093,#1084,.T.);
#2662=EDGE_CURVE('',#2053,#2054,#1085,.T.);
#2663=EDGE_CURVE('',#2078,#2098,#1086,.T.);
#2664=EDGE_CURVE('',#2050,#2098,#1087,.T.);
#2665=EDGE_CURVE('',#2087,#2036,#1088,.T.);
#2666=EDGE_CURVE('',#2098,#2035,#1089,.T.);
#2667=EDGE_CURVE('',#2099,#2097,#1763,.T.);
#2668=EDGE_CURVE('',#2100,#2099,#1090,.T.);
#2669=EDGE_CURVE('',#2100,#2101,#1091,.T.);
#2670=EDGE_CURVE('',#2026,#2101,#1764,.T.);
#2671=EDGE_CURVE('',#2102,#2103,#1765,.T.);
#2672=EDGE_CURVE('',#2103,#2104,#1092,.T.);
#2673=EDGE_CURVE('',#2104,#2105,#1766,.T.);
#2674=EDGE_CURVE('',#2105,#2106,#82,.T.);
#2675=EDGE_CURVE('',#2106,#2107,#1093,.T.);
#2676=EDGE_CURVE('',#2107,#2102,#83,.T.);
#2677=EDGE_CURVE('',#2108,#2102,#1094,.T.);
#2678=EDGE_CURVE('',#2109,#2108,#1095,.T.);
#2679=EDGE_CURVE('',#2110,#2109,#1767,.T.);
#2680=EDGE_CURVE('',#2110,#2111,#1096,.T.);
#2681=EDGE_CURVE('',#2111,#2112,#1097,.T.);
#2682=EDGE_CURVE('',#2103,#2112,#1098,.T.);
#2683=EDGE_CURVE('',#2107,#2113,#1099,.T.);
#2684=EDGE_CURVE('',#2108,#2113,#1768,.F.);
#2685=EDGE_CURVE('',#2106,#2114,#1100,.T.);
#2686=EDGE_CURVE('',#2115,#2114,#1769,.T.);
#2687=EDGE_CURVE('',#2115,#2116,#1101,.T.);
#2688=EDGE_CURVE('',#2117,#2116,#1102,.T.);
#2689=EDGE_CURVE('',#2117,#2015,#1103,.T.);
#2690=EDGE_CURVE('',#2101,#2015,#1104,.T.);
#2691=EDGE_CURVE('',#2101,#2118,#1105,.T.);
#2692=EDGE_CURVE('',#2119,#2118,#1106,.T.);
#2693=EDGE_CURVE('',#2119,#2120,#1107,.T.);
#2694=EDGE_CURVE('',#2121,#2120,#1770,.T.);
#2695=EDGE_CURVE('',#2121,#2122,#1108,.T.);
#2696=EDGE_CURVE('',#2123,#2122,#1109,.T.);
#2697=EDGE_CURVE('',#2123,#2124,#1110,.T.);
#2698=EDGE_CURVE('',#2125,#2124,#1771,.T.);
#2699=EDGE_CURVE('',#2125,#2126,#1111,.T.);
#2700=EDGE_CURVE('',#2127,#2126,#1112,.T.);
#2701=EDGE_CURVE('',#2127,#2089,#1113,.T.);
#2702=EDGE_CURVE('',#2128,#2089,#1114,.T.);
#2703=EDGE_CURVE('',#2128,#2129,#1115,.T.);
#2704=EDGE_CURVE('',#2130,#2129,#1116,.T.);
#2705=EDGE_CURVE('',#2130,#2131,#1117,.T.);
#2706=EDGE_CURVE('',#2132,#2131,#1772,.T.);
#2707=EDGE_CURVE('',#2132,#2107,#1118,.T.);
#2708=EDGE_CURVE('',#2133,#2133,#1773,.T.);
#2709=EDGE_CURVE('',#2134,#2135,#1774,.T.);
#2710=EDGE_CURVE('',#2135,#2136,#1119,.T.);
#2711=EDGE_CURVE('',#2136,#2137,#1775,.T.);
#2712=EDGE_CURVE('',#2137,#2123,#84,.T.);
#2713=EDGE_CURVE('',#2122,#2134,#85,.T.);
#2714=EDGE_CURVE('',#2138,#2134,#1120,.T.);
#2715=EDGE_CURVE('',#2139,#2138,#1121,.T.);
#2716=EDGE_CURVE('',#2140,#2139,#1776,.T.);
#2717=EDGE_CURVE('',#2140,#2141,#1122,.T.);
#2718=EDGE_CURVE('',#2141,#2142,#1123,.T.);
#2719=EDGE_CURVE('',#2135,#2142,#1124,.T.);
#2720=EDGE_CURVE('',#2122,#2143,#1125,.T.);
#2721=EDGE_CURVE('',#2138,#2143,#1777,.F.);
#2722=EDGE_CURVE('',#2001,#2128,#1778,.T.);
#2723=EDGE_CURVE('',#2144,#2145,#1779,.T.);
#2724=EDGE_CURVE('',#2145,#2140,#1126,.T.);
#2725=EDGE_CURVE('',#2139,#2144,#1127,.T.);
#2726=EDGE_CURVE('',#2145,#2146,#1128,.T.);
#2727=EDGE_CURVE('',#2146,#2141,#1129,.T.);
#2728=EDGE_CURVE('',#2147,#2148,#1780,.T.);
#2729=EDGE_CURVE('',#2148,#2110,#1130,.T.);
#2730=EDGE_CURVE('',#2109,#2147,#1131,.T.);
#2731=EDGE_CURVE('',#2148,#2149,#1132,.T.);
#2732=EDGE_CURVE('',#2149,#2111,#1133,.T.);
#2733=EDGE_CURVE('',#2091,#2150,#1134,.T.);
#2734=EDGE_CURVE('',#2150,#2086,#1781,.T.);
#2735=EDGE_CURVE('',#2017,#2099,#1135,.T.);
#2736=EDGE_CURVE('',#2124,#2151,#1136,.T.);
#2737=EDGE_CURVE('',#2151,#2152,#1782,.T.);
#2738=EDGE_CURVE('',#2152,#2125,#1137,.T.);
#2739=EDGE_CURVE('',#2153,#2123,#1138,.T.);
#2740=EDGE_CURVE('',#2151,#2153,#1139,.T.);
#2741=EDGE_CURVE('',#2137,#2154,#1140,.T.);
#2742=EDGE_CURVE('',#2154,#2153,#1783,.T.);
#2743=EDGE_CURVE('',#2120,#2155,#1141,.T.);
#2744=EDGE_CURVE('',#2155,#2156,#1784,.T.);
#2745=EDGE_CURVE('',#2156,#2121,#1142,.T.);
#2746=EDGE_CURVE('',#2157,#2119,#1143,.T.);
#2747=EDGE_CURVE('',#2155,#2157,#1144,.T.);
#2748=EDGE_CURVE('',#2114,#2158,#1145,.T.);
#2749=EDGE_CURVE('',#2158,#2159,#1785,.T.);
#2750=EDGE_CURVE('',#2159,#2115,#1146,.T.);
#2751=EDGE_CURVE('',#2160,#2106,#1147,.T.);
#2752=EDGE_CURVE('',#2158,#2160,#1148,.T.);
#2753=EDGE_CURVE('',#2105,#2161,#1149,.T.);
#2754=EDGE_CURVE('',#2161,#2160,#1786,.T.);
#2755=EDGE_CURVE('',#2131,#2162,#1150,.T.);
#2756=EDGE_CURVE('',#2162,#2163,#1787,.T.);
#2757=EDGE_CURVE('',#2163,#2132,#1151,.T.);
#2758=EDGE_CURVE('',#2164,#2130,#1152,.T.);
#2759=EDGE_CURVE('',#2162,#2164,#1153,.T.);
#2760=EDGE_CURVE('',#2165,#2127,#1154,.T.);
#2761=EDGE_CURVE('',#2090,#2165,#1155,.T.);
#2762=EDGE_CURVE('',#2166,#2128,#1156,.T.);
#2763=EDGE_CURVE('',#2167,#2166,#1157,.T.);
#2764=EDGE_CURVE('',#2129,#2167,#1158,.T.);
#2765=EDGE_CURVE('',#2168,#2117,#1159,.T.);
#2766=EDGE_CURVE('',#2016,#2168,#1160,.T.);
#2767=EDGE_CURVE('',#2169,#2100,#1161,.T.);
#2768=EDGE_CURVE('',#2118,#2169,#1162,.T.);
#2769=EDGE_CURVE('',#2116,#2170,#1163,.T.);
#2770=EDGE_CURVE('',#2168,#2170,#1164,.T.);
#2771=EDGE_CURVE('',#2171,#2146,#1165,.T.);
#2772=EDGE_CURVE('',#2142,#2171,#1166,.T.);
#2773=EDGE_CURVE('',#2172,#2149,#1167,.T.);
#2774=EDGE_CURVE('',#2112,#2172,#1168,.T.);
#2775=EDGE_CURVE('',#2170,#2159,#1169,.T.);
#2776=EDGE_CURVE('',#2172,#2104,#1170,.T.);
#2777=EDGE_CURVE('',#2161,#2147,#1171,.T.);
#2778=EDGE_CURVE('',#2113,#2163,#1172,.T.);
#2779=EDGE_CURVE('',#2171,#2136,#1173,.T.);
#2780=EDGE_CURVE('',#2154,#2144,#1174,.T.);
#2781=EDGE_CURVE('',#2173,#2152,#1175,.T.);
#2782=EDGE_CURVE('',#2126,#2173,#1176,.T.);
#2783=EDGE_CURVE('',#2143,#2156,#1177,.T.);
#2784=EDGE_CURVE('',#2164,#2167,#1178,.T.);
#2785=EDGE_CURVE('',#2157,#2169,#1179,.T.);
#2786=EDGE_CURVE('',#2166,#2150,#1180,.T.);
#2787=EDGE_CURVE('',#2165,#2173,#1181,.T.);
#2788=EDGE_CURVE('',#2174,#2174,#1788,.T.);
#2789=EDGE_CURVE('',#2174,#2133,#1182,.T.);
#2790=EDGE_CURVE('',#2175,#2176,#1789,.T.);
#2791=EDGE_CURVE('',#2177,#2175,#1183,.T.);
#2792=EDGE_CURVE('',#2178,#2177,#1790,.T.);
#2793=EDGE_CURVE('',#2179,#2178,#1184,.T.);
#2794=EDGE_CURVE('',#2180,#2179,#1791,.T.);
#2795=EDGE_CURVE('',#2181,#2180,#1185,.T.);
#2796=EDGE_CURVE('',#2182,#2181,#1792,.T.);
#2797=EDGE_CURVE('',#2176,#2182,#1186,.T.);
#2798=EDGE_CURVE('',#2183,#2183,#1793,.T.);
#2799=EDGE_CURVE('',#2184,#2185,#1187,.T.);
#2800=EDGE_CURVE('',#2177,#2185,#1188,.T.);
#2801=EDGE_CURVE('',#2175,#2184,#1189,.T.);
#2802=EDGE_CURVE('',#2185,#2186,#1794,.T.);
#2803=EDGE_CURVE('',#2178,#2186,#1190,.T.);
#2804=EDGE_CURVE('',#2186,#2187,#1191,.T.);
#2805=EDGE_CURVE('',#2179,#2187,#1192,.T.);
#2806=EDGE_CURVE('',#2187,#2188,#1795,.T.);
#2807=EDGE_CURVE('',#2180,#2188,#1193,.T.);
#2808=EDGE_CURVE('',#2188,#2189,#1194,.T.);
#2809=EDGE_CURVE('',#2181,#2189,#1195,.T.);
#2810=EDGE_CURVE('',#2189,#2190,#1796,.T.);
#2811=EDGE_CURVE('',#2182,#2190,#1196,.T.);
#2812=EDGE_CURVE('',#2190,#2191,#1197,.T.);
#2813=EDGE_CURVE('',#2176,#2191,#1198,.T.);
#2814=EDGE_CURVE('',#2191,#2184,#1797,.T.);
#2815=EDGE_CURVE('',#2192,#2192,#1798,.T.);
#2816=EDGE_CURVE('',#2192,#2193,#1799,.T.);
#2817=EDGE_CURVE('',#2193,#2193,#1800,.T.);
#2818=EDGE_CURVE('',#2192,#2183,#1199,.T.);
#2819=EDGE_CURVE('',#2194,#2195,#1200,.T.);
#2820=EDGE_CURVE('',#2196,#2194,#1201,.T.);
#2821=EDGE_CURVE('',#2197,#2196,#1202,.T.);
#2822=EDGE_CURVE('',#2195,#2197,#1203,.T.);
#2823=EDGE_CURVE('',#2198,#2196,#1204,.T.);
#2824=EDGE_CURVE('',#2199,#2198,#1801,.T.);
#2825=EDGE_CURVE('',#2200,#2199,#1205,.T.);
#2826=EDGE_CURVE('',#2201,#2200,#1206,.T.);
#2827=EDGE_CURVE('',#2202,#2201,#1207,.T.);
#2828=EDGE_CURVE('',#2203,#2202,#1802,.T.);
#2829=EDGE_CURVE('',#2197,#2203,#1208,.T.);
#2830=EDGE_CURVE('',#2194,#2204,#1209,.T.);
#2831=EDGE_CURVE('',#2204,#2198,#1210,.T.);
#2832=EDGE_CURVE('',#2205,#2195,#1211,.T.);
#2833=EDGE_CURVE('',#2206,#2205,#1803,.T.);
#2834=EDGE_CURVE('',#2207,#2206,#1212,.T.);
#2835=EDGE_CURVE('',#2208,#2207,#1213,.T.);
#2836=EDGE_CURVE('',#2209,#2208,#1214,.T.);
#2837=EDGE_CURVE('',#2204,#2209,#1804,.T.);
#2838=EDGE_CURVE('',#2205,#2203,#1215,.T.);
#2839=EDGE_CURVE('',#2206,#2202,#1216,.T.);
#2840=EDGE_CURVE('',#2207,#2201,#1217,.T.);
#2841=EDGE_CURVE('',#2208,#2200,#1218,.T.);
#2842=EDGE_CURVE('',#2209,#2199,#1219,.T.);
#2843=EDGE_CURVE('',#2210,#2211,#1220,.T.);
#2844=EDGE_CURVE('',#2212,#2210,#1221,.T.);
#2845=EDGE_CURVE('',#2213,#2212,#1222,.T.);
#2846=EDGE_CURVE('',#2211,#2213,#1223,.T.);
#2847=EDGE_CURVE('',#2214,#2212,#1224,.T.);
#2848=EDGE_CURVE('',#2215,#2214,#1805,.T.);
#2849=EDGE_CURVE('',#2216,#2215,#1225,.T.);
#2850=EDGE_CURVE('',#2217,#2216,#1226,.T.);
#2851=EDGE_CURVE('',#2218,#2217,#1227,.T.);
#2852=EDGE_CURVE('',#2219,#2218,#1806,.T.);
#2853=EDGE_CURVE('',#2213,#2219,#1228,.T.);
#2854=EDGE_CURVE('',#2210,#2220,#1229,.T.);
#2855=EDGE_CURVE('',#2220,#2214,#1230,.T.);
#2856=EDGE_CURVE('',#2221,#2211,#1231,.T.);
#2857=EDGE_CURVE('',#2222,#2221,#1807,.T.);
#2858=EDGE_CURVE('',#2223,#2222,#1232,.T.);
#2859=EDGE_CURVE('',#2224,#2223,#1233,.T.);
#2860=EDGE_CURVE('',#2225,#2224,#1234,.T.);
#2861=EDGE_CURVE('',#2220,#2225,#1808,.T.);
#2862=EDGE_CURVE('',#2221,#2219,#1235,.T.);
#2863=EDGE_CURVE('',#2222,#2218,#1236,.T.);
#2864=EDGE_CURVE('',#2223,#2217,#1237,.T.);
#2865=EDGE_CURVE('',#2224,#2216,#1238,.T.);
#2866=EDGE_CURVE('',#2225,#2215,#1239,.T.);
#2867=ORIENTED_EDGE('',*,*,#2226,.F.);
#2868=ORIENTED_EDGE('',*,*,#2227,.T.);
#2869=ORIENTED_EDGE('',*,*,#2228,.T.);
#2870=ORIENTED_EDGE('',*,*,#2229,.F.);
#2871=ORIENTED_EDGE('',*,*,#2230,.F.);
#2872=ORIENTED_EDGE('',*,*,#2231,.T.);
#2873=ORIENTED_EDGE('',*,*,#2232,.T.);
#2874=ORIENTED_EDGE('',*,*,#2227,.F.);
#2875=ORIENTED_EDGE('',*,*,#2233,.F.);
#2876=ORIENTED_EDGE('',*,*,#2234,.T.);
#2877=ORIENTED_EDGE('',*,*,#2235,.T.);
#2878=ORIENTED_EDGE('',*,*,#2231,.F.);
#2879=ORIENTED_EDGE('',*,*,#2236,.F.);
#2880=ORIENTED_EDGE('',*,*,#2237,.T.);
#2881=ORIENTED_EDGE('',*,*,#2238,.T.);
#2882=ORIENTED_EDGE('',*,*,#2234,.F.);
#2883=ORIENTED_EDGE('',*,*,#2239,.F.);
#2884=ORIENTED_EDGE('',*,*,#2240,.T.);
#2885=ORIENTED_EDGE('',*,*,#2241,.T.);
#2886=ORIENTED_EDGE('',*,*,#2237,.F.);
#2887=ORIENTED_EDGE('',*,*,#2242,.F.);
#2888=ORIENTED_EDGE('',*,*,#2243,.T.);
#2889=ORIENTED_EDGE('',*,*,#2244,.T.);
#2890=ORIENTED_EDGE('',*,*,#2240,.F.);
#2891=ORIENTED_EDGE('',*,*,#2245,.F.);
#2892=ORIENTED_EDGE('',*,*,#2246,.T.);
#2893=ORIENTED_EDGE('',*,*,#2247,.T.);
#2894=ORIENTED_EDGE('',*,*,#2243,.F.);
#2895=ORIENTED_EDGE('',*,*,#2248,.F.);
#2896=ORIENTED_EDGE('',*,*,#2229,.T.);
#2897=ORIENTED_EDGE('',*,*,#2249,.T.);
#2898=ORIENTED_EDGE('',*,*,#2246,.F.);
#2899=ORIENTED_EDGE('',*,*,#2249,.F.);
#2900=ORIENTED_EDGE('',*,*,#2228,.F.);
#2901=ORIENTED_EDGE('',*,*,#2232,.F.);
#2902=ORIENTED_EDGE('',*,*,#2235,.F.);
#2903=ORIENTED_EDGE('',*,*,#2238,.F.);
#2904=ORIENTED_EDGE('',*,*,#2241,.F.);
#2905=ORIENTED_EDGE('',*,*,#2244,.F.);
#2906=ORIENTED_EDGE('',*,*,#2247,.F.);
#2907=ORIENTED_EDGE('',*,*,#2250,.F.);
#2908=ORIENTED_EDGE('',*,*,#2251,.F.);
#2909=ORIENTED_EDGE('',*,*,#2252,.F.);
#2910=ORIENTED_EDGE('',*,*,#2252,.T.);
#2911=ORIENTED_EDGE('',*,*,#2253,.T.);
#2912=ORIENTED_EDGE('',*,*,#2254,.T.);
#2913=ORIENTED_EDGE('',*,*,#2253,.F.);
#2914=ORIENTED_EDGE('',*,*,#2254,.F.);
#2915=ORIENTED_EDGE('',*,*,#2250,.T.);
#2916=ORIENTED_EDGE('',*,*,#2255,.T.);
#2917=ORIENTED_EDGE('',*,*,#2256,.T.);
#2918=ORIENTED_EDGE('',*,*,#2255,.F.);
#2919=ORIENTED_EDGE('',*,*,#2256,.F.);
#2920=ORIENTED_EDGE('',*,*,#2251,.T.);
#2921=ORIENTED_EDGE('',*,*,#2257,.T.);
#2922=ORIENTED_EDGE('',*,*,#2258,.T.);
#2923=ORIENTED_EDGE('',*,*,#2257,.F.);
#2924=ORIENTED_EDGE('',*,*,#2258,.F.);
#2925=ORIENTED_EDGE('',*,*,#2259,.F.);
#2926=ORIENTED_EDGE('',*,*,#2260,.F.);
#2927=ORIENTED_EDGE('',*,*,#2261,.F.);
#2928=ORIENTED_EDGE('',*,*,#2262,.F.);
#2929=ORIENTED_EDGE('',*,*,#2263,.F.);
#2930=ORIENTED_EDGE('',*,*,#2264,.F.);
#2931=ORIENTED_EDGE('',*,*,#2265,.F.);
#2932=ORIENTED_EDGE('',*,*,#2266,.F.);
#2933=ORIENTED_EDGE('',*,*,#2267,.F.);
#2934=ORIENTED_EDGE('',*,*,#2268,.T.);
#2935=ORIENTED_EDGE('',*,*,#2269,.F.);
#2936=ORIENTED_EDGE('',*,*,#2270,.F.);
#2937=ORIENTED_EDGE('',*,*,#2271,.F.);
#2938=ORIENTED_EDGE('',*,*,#2266,.T.);
#2939=ORIENTED_EDGE('',*,*,#2272,.F.);
#2940=ORIENTED_EDGE('',*,*,#2260,.T.);
#2941=ORIENTED_EDGE('',*,*,#2273,.F.);
#2942=ORIENTED_EDGE('',*,*,#2274,.T.);
#2943=ORIENTED_EDGE('',*,*,#2269,.T.);
#2944=ORIENTED_EDGE('',*,*,#2275,.T.);
#2945=ORIENTED_EDGE('',*,*,#2276,.F.);
#2946=ORIENTED_EDGE('',*,*,#2277,.F.);
#2947=ORIENTED_EDGE('',*,*,#2278,.T.);
#2948=ORIENTED_EDGE('',*,*,#2275,.F.);
#2949=ORIENTED_EDGE('',*,*,#2268,.F.);
#2950=ORIENTED_EDGE('',*,*,#2279,.F.);
#2951=ORIENTED_EDGE('',*,*,#2280,.F.);
#2952=ORIENTED_EDGE('',*,*,#2281,.F.);
#2953=ORIENTED_EDGE('',*,*,#2270,.T.);
#2954=ORIENTED_EDGE('',*,*,#2274,.F.);
#2955=ORIENTED_EDGE('',*,*,#2273,.T.);
#2956=ORIENTED_EDGE('',*,*,#2259,.T.);
#2957=ORIENTED_EDGE('',*,*,#2282,.F.);
#2958=ORIENTED_EDGE('',*,*,#2283,.F.);
#2959=ORIENTED_EDGE('',*,*,#2284,.F.);
#2960=ORIENTED_EDGE('',*,*,#2285,.T.);
#2961=ORIENTED_EDGE('',*,*,#2262,.T.);
#2962=ORIENTED_EDGE('',*,*,#2286,.T.);
#2963=ORIENTED_EDGE('',*,*,#2287,.F.);
#2964=ORIENTED_EDGE('',*,*,#2282,.T.);
#2965=ORIENTED_EDGE('',*,*,#2264,.T.);
#2966=ORIENTED_EDGE('',*,*,#2288,.T.);
#2967=ORIENTED_EDGE('',*,*,#2289,.T.);
#2968=ORIENTED_EDGE('',*,*,#2290,.T.);
#2969=ORIENTED_EDGE('',*,*,#2276,.T.);
#2970=ORIENTED_EDGE('',*,*,#2267,.T.);
#2971=ORIENTED_EDGE('',*,*,#2281,.T.);
#2972=ORIENTED_EDGE('',*,*,#2291,.T.);
#2973=ORIENTED_EDGE('',*,*,#2292,.T.);
#2974=ORIENTED_EDGE('',*,*,#2289,.F.);
#2975=ORIENTED_EDGE('',*,*,#2293,.T.);
#2976=ORIENTED_EDGE('',*,*,#2294,.T.);
#2977=ORIENTED_EDGE('',*,*,#2295,.T.);
#2978=ORIENTED_EDGE('',*,*,#2296,.F.);
#2979=ORIENTED_EDGE('',*,*,#2283,.T.);
#2980=ORIENTED_EDGE('',*,*,#2287,.T.);
#2981=ORIENTED_EDGE('',*,*,#2297,.T.);
#2982=ORIENTED_EDGE('',*,*,#2298,.T.);
#2983=ORIENTED_EDGE('',*,*,#2299,.T.);
#2984=ORIENTED_EDGE('',*,*,#2300,.T.);
#2985=ORIENTED_EDGE('',*,*,#2301,.T.);
#2986=ORIENTED_EDGE('',*,*,#2302,.T.);
#2987=ORIENTED_EDGE('',*,*,#2303,.T.);
#2988=ORIENTED_EDGE('',*,*,#2298,.F.);
#2989=ORIENTED_EDGE('',*,*,#2304,.T.);
#2990=ORIENTED_EDGE('',*,*,#2305,.T.);
#2991=ORIENTED_EDGE('',*,*,#2306,.T.);
#2992=ORIENTED_EDGE('',*,*,#2307,.T.);
#2993=ORIENTED_EDGE('',*,*,#2308,.T.);
#2994=ORIENTED_EDGE('',*,*,#2309,.F.);
#2995=ORIENTED_EDGE('',*,*,#2310,.T.);
#2996=ORIENTED_EDGE('',*,*,#2311,.T.);
#2997=ORIENTED_EDGE('',*,*,#2312,.T.);
#2998=ORIENTED_EDGE('',*,*,#2313,.T.);
#2999=ORIENTED_EDGE('',*,*,#2314,.T.);
#3000=ORIENTED_EDGE('',*,*,#2315,.T.);
#3001=ORIENTED_EDGE('',*,*,#2316,.T.);
#3002=ORIENTED_EDGE('',*,*,#2317,.T.);
#3003=ORIENTED_EDGE('',*,*,#2284,.T.);
#3004=ORIENTED_EDGE('',*,*,#2296,.T.);
#3005=ORIENTED_EDGE('',*,*,#2318,.F.);
#3006=ORIENTED_EDGE('',*,*,#2319,.F.);
#3007=ORIENTED_EDGE('',*,*,#2320,.T.);
#3008=ORIENTED_EDGE('',*,*,#2278,.F.);
#3009=ORIENTED_EDGE('',*,*,#2271,.T.);
#3010=ORIENTED_EDGE('',*,*,#2320,.F.);
#3011=ORIENTED_EDGE('',*,*,#2321,.F.);
#3012=ORIENTED_EDGE('',*,*,#2293,.F.);
#3013=ORIENTED_EDGE('',*,*,#2288,.F.);
#3014=ORIENTED_EDGE('',*,*,#2263,.T.);
#3015=ORIENTED_EDGE('',*,*,#2318,.T.);
#3016=ORIENTED_EDGE('',*,*,#2277,.T.);
#3017=ORIENTED_EDGE('',*,*,#2291,.F.);
#3018=ORIENTED_EDGE('',*,*,#2280,.T.);
#3019=ORIENTED_EDGE('',*,*,#2322,.T.);
#3020=ORIENTED_EDGE('',*,*,#2316,.F.);
#3021=ORIENTED_EDGE('',*,*,#2323,.T.);
#3022=ORIENTED_EDGE('',*,*,#2324,.T.);
#3023=ORIENTED_EDGE('',*,*,#2325,.T.);
#3024=ORIENTED_EDGE('',*,*,#2312,.F.);
#3025=ORIENTED_EDGE('',*,*,#2326,.T.);
#3026=ORIENTED_EDGE('',*,*,#2327,.T.);
#3027=ORIENTED_EDGE('',*,*,#2328,.F.);
#3028=ORIENTED_EDGE('',*,*,#2329,.T.);
#3029=ORIENTED_EDGE('',*,*,#2330,.T.);
#3030=ORIENTED_EDGE('',*,*,#2331,.F.);
#3031=ORIENTED_EDGE('',*,*,#2332,.T.);
#3032=ORIENTED_EDGE('',*,*,#2333,.T.);
#3033=ORIENTED_EDGE('',*,*,#2334,.T.);
#3034=ORIENTED_EDGE('',*,*,#2335,.F.);
#3035=ORIENTED_EDGE('',*,*,#2226,.T.);
#3036=ORIENTED_EDGE('',*,*,#2248,.T.);
#3037=ORIENTED_EDGE('',*,*,#2245,.T.);
#3038=ORIENTED_EDGE('',*,*,#2242,.T.);
#3039=ORIENTED_EDGE('',*,*,#2239,.T.);
#3040=ORIENTED_EDGE('',*,*,#2236,.T.);
#3041=ORIENTED_EDGE('',*,*,#2233,.T.);
#3042=ORIENTED_EDGE('',*,*,#2230,.T.);
#3043=ORIENTED_EDGE('',*,*,#2336,.F.);
#3044=ORIENTED_EDGE('',*,*,#2337,.F.);
#3045=ORIENTED_EDGE('',*,*,#2338,.T.);
#3046=ORIENTED_EDGE('',*,*,#2339,.F.);
#3047=ORIENTED_EDGE('',*,*,#2340,.F.);
#3048=ORIENTED_EDGE('',*,*,#2341,.F.);
#3049=ORIENTED_EDGE('',*,*,#2330,.F.);
#3050=ORIENTED_EDGE('',*,*,#2342,.T.);
#3051=ORIENTED_EDGE('',*,*,#2338,.F.);
#3052=ORIENTED_EDGE('',*,*,#2343,.F.);
#3053=ORIENTED_EDGE('',*,*,#2344,.T.);
#3054=ORIENTED_EDGE('',*,*,#2294,.F.);
#3055=ORIENTED_EDGE('',*,*,#2321,.T.);
#3056=ORIENTED_EDGE('',*,*,#2319,.T.);
#3057=ORIENTED_EDGE('',*,*,#2335,.T.);
#3058=ORIENTED_EDGE('',*,*,#2345,.T.);
#3059=ORIENTED_EDGE('',*,*,#2346,.T.);
#3060=ORIENTED_EDGE('',*,*,#2347,.T.);
#3061=ORIENTED_EDGE('',*,*,#2331,.T.);
#3062=ORIENTED_EDGE('',*,*,#2343,.T.);
#3063=ORIENTED_EDGE('',*,*,#2337,.T.);
#3064=ORIENTED_EDGE('',*,*,#2348,.T.);
#3065=ORIENTED_EDGE('',*,*,#2349,.T.);
#3066=ORIENTED_EDGE('',*,*,#2350,.T.);
#3067=ORIENTED_EDGE('',*,*,#2351,.T.);
#3068=ORIENTED_EDGE('',*,*,#2352,.T.);
#3069=ORIENTED_EDGE('',*,*,#2353,.T.);
#3070=ORIENTED_EDGE('',*,*,#2348,.F.);
#3071=ORIENTED_EDGE('',*,*,#2336,.T.);
#3072=ORIENTED_EDGE('',*,*,#2354,.T.);
#3073=ORIENTED_EDGE('',*,*,#2339,.T.);
#3074=ORIENTED_EDGE('',*,*,#2355,.F.);
#3075=ORIENTED_EDGE('',*,*,#2356,.F.);
#3076=ORIENTED_EDGE('',*,*,#2357,.F.);
#3077=ORIENTED_EDGE('',*,*,#2358,.T.);
#3078=ORIENTED_EDGE('',*,*,#2302,.F.);
#3079=ORIENTED_EDGE('',*,*,#2359,.F.);
#3080=ORIENTED_EDGE('',*,*,#2360,.F.);
#3081=ORIENTED_EDGE('',*,*,#2361,.F.);
#3082=ORIENTED_EDGE('',*,*,#2362,.T.);
#3083=ORIENTED_EDGE('',*,*,#2355,.T.);
#3084=ORIENTED_EDGE('',*,*,#2342,.F.);
#3085=ORIENTED_EDGE('',*,*,#2329,.F.);
#3086=ORIENTED_EDGE('',*,*,#2361,.T.);
#3087=ORIENTED_EDGE('',*,*,#2328,.T.);
#3088=ORIENTED_EDGE('',*,*,#2363,.T.);
#3089=ORIENTED_EDGE('',*,*,#2364,.T.);
#3090=ORIENTED_EDGE('',*,*,#2365,.T.);
#3091=ORIENTED_EDGE('',*,*,#2354,.F.);
#3092=ORIENTED_EDGE('',*,*,#2341,.T.);
#3093=ORIENTED_EDGE('',*,*,#2366,.T.);
#3094=ORIENTED_EDGE('',*,*,#2322,.F.);
#3095=ORIENTED_EDGE('',*,*,#2279,.T.);
#3096=ORIENTED_EDGE('',*,*,#2285,.F.);
#3097=ORIENTED_EDGE('',*,*,#2317,.F.);
#3098=ORIENTED_EDGE('',*,*,#2358,.F.);
#3099=ORIENTED_EDGE('',*,*,#2367,.F.);
#3100=ORIENTED_EDGE('',*,*,#2310,.F.);
#3101=ORIENTED_EDGE('',*,*,#2368,.F.);
#3102=ORIENTED_EDGE('',*,*,#2299,.F.);
#3103=ORIENTED_EDGE('',*,*,#2303,.F.);
#3104=ORIENTED_EDGE('',*,*,#2326,.F.);
#3105=ORIENTED_EDGE('',*,*,#2311,.F.);
#3106=ORIENTED_EDGE('',*,*,#2367,.T.);
#3107=ORIENTED_EDGE('',*,*,#2369,.F.);
#3108=ORIENTED_EDGE('',*,*,#2370,.F.);
#3109=ORIENTED_EDGE('',*,*,#2371,.F.);
#3110=ORIENTED_EDGE('',*,*,#2372,.F.);
#3111=ORIENTED_EDGE('',*,*,#2373,.T.);
#3112=ORIENTED_EDGE('',*,*,#2374,.F.);
#3113=ORIENTED_EDGE('',*,*,#2373,.F.);
#3114=ORIENTED_EDGE('',*,*,#2375,.F.);
#3115=ORIENTED_EDGE('',*,*,#2307,.F.);
#3116=ORIENTED_EDGE('',*,*,#2376,.F.);
#3117=ORIENTED_EDGE('',*,*,#2305,.F.);
#3118=ORIENTED_EDGE('',*,*,#2377,.F.);
#3119=ORIENTED_EDGE('',*,*,#2371,.T.);
#3120=ORIENTED_EDGE('',*,*,#2370,.T.);
#3121=ORIENTED_EDGE('',*,*,#2374,.T.);
#3122=ORIENTED_EDGE('',*,*,#2306,.F.);
#3123=ORIENTED_EDGE('',*,*,#2376,.T.);
#3124=ORIENTED_EDGE('',*,*,#2378,.F.);
#3125=ORIENTED_EDGE('',*,*,#2350,.F.);
#3126=ORIENTED_EDGE('',*,*,#2379,.F.);
#3127=ORIENTED_EDGE('',*,*,#2380,.T.);
#3128=ORIENTED_EDGE('',*,*,#2381,.F.);
#3129=ORIENTED_EDGE('',*,*,#2380,.F.);
#3130=ORIENTED_EDGE('',*,*,#2382,.F.);
#3131=ORIENTED_EDGE('',*,*,#2383,.T.);
#3132=ORIENTED_EDGE('',*,*,#2384,.F.);
#3133=ORIENTED_EDGE('',*,*,#2383,.F.);
#3134=ORIENTED_EDGE('',*,*,#2385,.F.);
#3135=ORIENTED_EDGE('',*,*,#2352,.F.);
#3136=ORIENTED_EDGE('',*,*,#2378,.T.);
#3137=ORIENTED_EDGE('',*,*,#2381,.T.);
#3138=ORIENTED_EDGE('',*,*,#2384,.T.);
#3139=ORIENTED_EDGE('',*,*,#2351,.F.);
#3140=ORIENTED_EDGE('',*,*,#2386,.F.);
#3141=ORIENTED_EDGE('',*,*,#2387,.F.);
#3142=ORIENTED_EDGE('',*,*,#2388,.F.);
#3143=ORIENTED_EDGE('',*,*,#2389,.T.);
#3144=ORIENTED_EDGE('',*,*,#2390,.F.);
#3145=ORIENTED_EDGE('',*,*,#2389,.F.);
#3146=ORIENTED_EDGE('',*,*,#2391,.F.);
#3147=ORIENTED_EDGE('',*,*,#2392,.T.);
#3148=ORIENTED_EDGE('',*,*,#2393,.F.);
#3149=ORIENTED_EDGE('',*,*,#2392,.F.);
#3150=ORIENTED_EDGE('',*,*,#2394,.F.);
#3151=ORIENTED_EDGE('',*,*,#2395,.T.);
#3152=ORIENTED_EDGE('',*,*,#2396,.F.);
#3153=ORIENTED_EDGE('',*,*,#2395,.F.);
#3154=ORIENTED_EDGE('',*,*,#2397,.F.);
#3155=ORIENTED_EDGE('',*,*,#2398,.T.);
#3156=ORIENTED_EDGE('',*,*,#2399,.F.);
#3157=ORIENTED_EDGE('',*,*,#2398,.F.);
#3158=ORIENTED_EDGE('',*,*,#2400,.F.);
#3159=ORIENTED_EDGE('',*,*,#2401,.T.);
#3160=ORIENTED_EDGE('',*,*,#2402,.F.);
#3161=ORIENTED_EDGE('',*,*,#2401,.F.);
#3162=ORIENTED_EDGE('',*,*,#2403,.F.);
#3163=ORIENTED_EDGE('',*,*,#2404,.T.);
#3164=ORIENTED_EDGE('',*,*,#2405,.F.);
#3165=ORIENTED_EDGE('',*,*,#2404,.F.);
#3166=ORIENTED_EDGE('',*,*,#2406,.F.);
#3167=ORIENTED_EDGE('',*,*,#2407,.T.);
#3168=ORIENTED_EDGE('',*,*,#2408,.F.);
#3169=ORIENTED_EDGE('',*,*,#2407,.F.);
#3170=ORIENTED_EDGE('',*,*,#2409,.F.);
#3171=ORIENTED_EDGE('',*,*,#2410,.T.);
#3172=ORIENTED_EDGE('',*,*,#2411,.F.);
#3173=ORIENTED_EDGE('',*,*,#2410,.F.);
#3174=ORIENTED_EDGE('',*,*,#2412,.F.);
#3175=ORIENTED_EDGE('',*,*,#2413,.T.);
#3176=ORIENTED_EDGE('',*,*,#2414,.F.);
#3177=ORIENTED_EDGE('',*,*,#2413,.F.);
#3178=ORIENTED_EDGE('',*,*,#2415,.F.);
#3179=ORIENTED_EDGE('',*,*,#2416,.T.);
#3180=ORIENTED_EDGE('',*,*,#2417,.F.);
#3181=ORIENTED_EDGE('',*,*,#2416,.F.);
#3182=ORIENTED_EDGE('',*,*,#2418,.F.);
#3183=ORIENTED_EDGE('',*,*,#2419,.T.);
#3184=ORIENTED_EDGE('',*,*,#2420,.F.);
#3185=ORIENTED_EDGE('',*,*,#2419,.F.);
#3186=ORIENTED_EDGE('',*,*,#2421,.F.);
#3187=ORIENTED_EDGE('',*,*,#2387,.T.);
#3188=ORIENTED_EDGE('',*,*,#2386,.T.);
#3189=ORIENTED_EDGE('',*,*,#2390,.T.);
#3190=ORIENTED_EDGE('',*,*,#2393,.T.);
#3191=ORIENTED_EDGE('',*,*,#2396,.T.);
#3192=ORIENTED_EDGE('',*,*,#2399,.T.);
#3193=ORIENTED_EDGE('',*,*,#2402,.T.);
#3194=ORIENTED_EDGE('',*,*,#2405,.T.);
#3195=ORIENTED_EDGE('',*,*,#2408,.T.);
#3196=ORIENTED_EDGE('',*,*,#2411,.T.);
#3197=ORIENTED_EDGE('',*,*,#2414,.T.);
#3198=ORIENTED_EDGE('',*,*,#2417,.T.);
#3199=ORIENTED_EDGE('',*,*,#2420,.T.);
#3200=ORIENTED_EDGE('',*,*,#2422,.F.);
#3201=ORIENTED_EDGE('',*,*,#2423,.F.);
#3202=ORIENTED_EDGE('',*,*,#2324,.F.);
#3203=ORIENTED_EDGE('',*,*,#2424,.T.);
#3204=ORIENTED_EDGE('',*,*,#2425,.F.);
#3205=ORIENTED_EDGE('',*,*,#2424,.F.);
#3206=ORIENTED_EDGE('',*,*,#2323,.F.);
#3207=ORIENTED_EDGE('',*,*,#2315,.F.);
#3208=ORIENTED_EDGE('',*,*,#2426,.F.);
#3209=ORIENTED_EDGE('',*,*,#2313,.F.);
#3210=ORIENTED_EDGE('',*,*,#2325,.F.);
#3211=ORIENTED_EDGE('',*,*,#2423,.T.);
#3212=ORIENTED_EDGE('',*,*,#2422,.T.);
#3213=ORIENTED_EDGE('',*,*,#2425,.T.);
#3214=ORIENTED_EDGE('',*,*,#2314,.F.);
#3215=ORIENTED_EDGE('',*,*,#2426,.T.);
#3216=ORIENTED_EDGE('',*,*,#2427,.F.);
#3217=ORIENTED_EDGE('',*,*,#2345,.F.);
#3218=ORIENTED_EDGE('',*,*,#2334,.F.);
#3219=ORIENTED_EDGE('',*,*,#2428,.T.);
#3220=ORIENTED_EDGE('',*,*,#2429,.F.);
#3221=ORIENTED_EDGE('',*,*,#2428,.F.);
#3222=ORIENTED_EDGE('',*,*,#2333,.F.);
#3223=ORIENTED_EDGE('',*,*,#2430,.T.);
#3224=ORIENTED_EDGE('',*,*,#2431,.F.);
#3225=ORIENTED_EDGE('',*,*,#2430,.F.);
#3226=ORIENTED_EDGE('',*,*,#2332,.F.);
#3227=ORIENTED_EDGE('',*,*,#2347,.F.);
#3228=ORIENTED_EDGE('',*,*,#2427,.T.);
#3229=ORIENTED_EDGE('',*,*,#2429,.T.);
#3230=ORIENTED_EDGE('',*,*,#2431,.T.);
#3231=ORIENTED_EDGE('',*,*,#2346,.F.);
#3232=ORIENTED_EDGE('',*,*,#2364,.F.);
#3233=ORIENTED_EDGE('',*,*,#2432,.T.);
#3234=ORIENTED_EDGE('',*,*,#2356,.T.);
#3235=ORIENTED_EDGE('',*,*,#2362,.F.);
#3236=ORIENTED_EDGE('',*,*,#2357,.T.);
#3237=ORIENTED_EDGE('',*,*,#2432,.F.);
#3238=ORIENTED_EDGE('',*,*,#2363,.F.);
#3239=ORIENTED_EDGE('',*,*,#2327,.F.);
#3240=ORIENTED_EDGE('',*,*,#2369,.T.);
#3241=ORIENTED_EDGE('',*,*,#2265,.T.);
#3242=ORIENTED_EDGE('',*,*,#2290,.F.);
#3243=ORIENTED_EDGE('',*,*,#2292,.F.);
#3244=ORIENTED_EDGE('',*,*,#2344,.F.);
#3245=ORIENTED_EDGE('',*,*,#2385,.T.);
#3246=ORIENTED_EDGE('',*,*,#2382,.T.);
#3247=ORIENTED_EDGE('',*,*,#2379,.T.);
#3248=ORIENTED_EDGE('',*,*,#2349,.F.);
#3249=ORIENTED_EDGE('',*,*,#2353,.F.);
#3250=ORIENTED_EDGE('',*,*,#2365,.F.);
#3251=ORIENTED_EDGE('',*,*,#2433,.F.);
#3252=ORIENTED_EDGE('',*,*,#2359,.T.);
#3253=ORIENTED_EDGE('',*,*,#2301,.F.);
#3254=ORIENTED_EDGE('',*,*,#2297,.F.);
#3255=ORIENTED_EDGE('',*,*,#2434,.F.);
#3256=ORIENTED_EDGE('',*,*,#2308,.F.);
#3257=ORIENTED_EDGE('',*,*,#2375,.T.);
#3258=ORIENTED_EDGE('',*,*,#2372,.T.);
#3259=ORIENTED_EDGE('',*,*,#2377,.T.);
#3260=ORIENTED_EDGE('',*,*,#2304,.F.);
#3261=ORIENTED_EDGE('',*,*,#2295,.F.);
#3262=ORIENTED_EDGE('',*,*,#2286,.F.);
#3263=ORIENTED_EDGE('',*,*,#2261,.T.);
#3264=ORIENTED_EDGE('',*,*,#2272,.T.);
#3265=ORIENTED_EDGE('',*,*,#2388,.T.);
#3266=ORIENTED_EDGE('',*,*,#2421,.T.);
#3267=ORIENTED_EDGE('',*,*,#2418,.T.);
#3268=ORIENTED_EDGE('',*,*,#2415,.T.);
#3269=ORIENTED_EDGE('',*,*,#2412,.T.);
#3270=ORIENTED_EDGE('',*,*,#2409,.T.);
#3271=ORIENTED_EDGE('',*,*,#2406,.T.);
#3272=ORIENTED_EDGE('',*,*,#2403,.T.);
#3273=ORIENTED_EDGE('',*,*,#2400,.T.);
#3274=ORIENTED_EDGE('',*,*,#2397,.T.);
#3275=ORIENTED_EDGE('',*,*,#2394,.T.);
#3276=ORIENTED_EDGE('',*,*,#2391,.T.);
#3277=ORIENTED_EDGE('',*,*,#2433,.T.);
#3278=ORIENTED_EDGE('',*,*,#2366,.F.);
#3279=ORIENTED_EDGE('',*,*,#2340,.T.);
#3280=ORIENTED_EDGE('',*,*,#2360,.T.);
#3281=ORIENTED_EDGE('',*,*,#2434,.T.);
#3282=ORIENTED_EDGE('',*,*,#2300,.F.);
#3283=ORIENTED_EDGE('',*,*,#2368,.T.);
#3284=ORIENTED_EDGE('',*,*,#2309,.T.);
#3285=ORIENTED_EDGE('',*,*,#2435,.F.);
#3286=ORIENTED_EDGE('',*,*,#2436,.T.);
#3287=ORIENTED_EDGE('',*,*,#2437,.T.);
#3288=ORIENTED_EDGE('',*,*,#2438,.F.);
#3289=ORIENTED_EDGE('',*,*,#2437,.F.);
#3290=ORIENTED_EDGE('',*,*,#2439,.T.);
#3291=ORIENTED_EDGE('',*,*,#2440,.F.);
#3292=ORIENTED_EDGE('',*,*,#2439,.F.);
#3293=ORIENTED_EDGE('',*,*,#2441,.T.);
#3294=ORIENTED_EDGE('',*,*,#2442,.T.);
#3295=ORIENTED_EDGE('',*,*,#2443,.T.);
#3296=ORIENTED_EDGE('',*,*,#2436,.F.);
#3297=ORIENTED_EDGE('',*,*,#2444,.T.);
#3298=ORIENTED_EDGE('',*,*,#2445,.T.);
#3299=ORIENTED_EDGE('',*,*,#2446,.F.);
#3300=ORIENTED_EDGE('',*,*,#2447,.F.);
#3301=ORIENTED_EDGE('',*,*,#2448,.F.);
#3302=ORIENTED_EDGE('',*,*,#2441,.F.);
#3303=ORIENTED_EDGE('',*,*,#2449,.T.);
#3304=ORIENTED_EDGE('',*,*,#2450,.F.);
#3305=ORIENTED_EDGE('',*,*,#2451,.T.);
#3306=ORIENTED_EDGE('',*,*,#2452,.T.);
#3307=ORIENTED_EDGE('',*,*,#2451,.F.);
#3308=ORIENTED_EDGE('',*,*,#2453,.F.);
#3309=ORIENTED_EDGE('',*,*,#2454,.T.);
#3310=ORIENTED_EDGE('',*,*,#2455,.T.);
#3311=ORIENTED_EDGE('',*,*,#2456,.T.);
#3312=ORIENTED_EDGE('',*,*,#2457,.F.);
#3313=ORIENTED_EDGE('',*,*,#2458,.T.);
#3314=ORIENTED_EDGE('',*,*,#2446,.T.);
#3315=ORIENTED_EDGE('',*,*,#2459,.F.);
#3316=ORIENTED_EDGE('',*,*,#2460,.T.);
#3317=ORIENTED_EDGE('',*,*,#2461,.T.);
#3318=ORIENTED_EDGE('',*,*,#2462,.T.);
#3319=ORIENTED_EDGE('',*,*,#2463,.F.);
#3320=ORIENTED_EDGE('',*,*,#2461,.F.);
#3321=ORIENTED_EDGE('',*,*,#2464,.F.);
#3322=ORIENTED_EDGE('',*,*,#2465,.F.);
#3323=ORIENTED_EDGE('',*,*,#2466,.F.);
#3324=ORIENTED_EDGE('',*,*,#2467,.F.);
#3325=ORIENTED_EDGE('',*,*,#2468,.T.);
#3326=ORIENTED_EDGE('',*,*,#2469,.F.);
#3327=ORIENTED_EDGE('',*,*,#2460,.F.);
#3328=ORIENTED_EDGE('',*,*,#2470,.F.);
#3329=ORIENTED_EDGE('',*,*,#2471,.F.);
#3330=ORIENTED_EDGE('',*,*,#2472,.F.);
#3331=ORIENTED_EDGE('',*,*,#2473,.F.);
#3332=ORIENTED_EDGE('',*,*,#2474,.F.);
#3333=ORIENTED_EDGE('',*,*,#2475,.F.);
#3334=ORIENTED_EDGE('',*,*,#2476,.T.);
#3335=ORIENTED_EDGE('',*,*,#2477,.T.);
#3336=ORIENTED_EDGE('',*,*,#2478,.F.);
#3337=ORIENTED_EDGE('',*,*,#2479,.T.);
#3338=ORIENTED_EDGE('',*,*,#2480,.T.);
#3339=ORIENTED_EDGE('',*,*,#2481,.F.);
#3340=ORIENTED_EDGE('',*,*,#2482,.T.);
#3341=ORIENTED_EDGE('',*,*,#2483,.T.);
#3342=ORIENTED_EDGE('',*,*,#2484,.T.);
#3343=ORIENTED_EDGE('',*,*,#2485,.F.);
#3344=ORIENTED_EDGE('',*,*,#2483,.F.);
#3345=ORIENTED_EDGE('',*,*,#2486,.F.);
#3346=ORIENTED_EDGE('',*,*,#2487,.F.);
#3347=ORIENTED_EDGE('',*,*,#2488,.F.);
#3348=ORIENTED_EDGE('',*,*,#2489,.F.);
#3349=ORIENTED_EDGE('',*,*,#2490,.T.);
#3350=ORIENTED_EDGE('',*,*,#2491,.F.);
#3351=ORIENTED_EDGE('',*,*,#2452,.F.);
#3352=ORIENTED_EDGE('',*,*,#2492,.F.);
#3353=ORIENTED_EDGE('',*,*,#2493,.F.);
#3354=ORIENTED_EDGE('',*,*,#2494,.F.);
#3355=ORIENTED_EDGE('',*,*,#2482,.F.);
#3356=ORIENTED_EDGE('',*,*,#2495,.F.);
#3357=ORIENTED_EDGE('',*,*,#2496,.F.);
#3358=ORIENTED_EDGE('',*,*,#2497,.T.);
#3359=ORIENTED_EDGE('',*,*,#2498,.T.);
#3360=ORIENTED_EDGE('',*,*,#2472,.T.);
#3361=ORIENTED_EDGE('',*,*,#2499,.T.);
#3362=ORIENTED_EDGE('',*,*,#2473,.T.);
#3363=ORIENTED_EDGE('',*,*,#2500,.T.);
#3364=ORIENTED_EDGE('',*,*,#2499,.F.);
#3365=ORIENTED_EDGE('',*,*,#2501,.T.);
#3366=ORIENTED_EDGE('',*,*,#2474,.T.);
#3367=ORIENTED_EDGE('',*,*,#2500,.F.);
#3368=ORIENTED_EDGE('',*,*,#2498,.F.);
#3369=ORIENTED_EDGE('',*,*,#2502,.T.);
#3370=ORIENTED_EDGE('',*,*,#2503,.F.);
#3371=ORIENTED_EDGE('',*,*,#2504,.T.);
#3372=ORIENTED_EDGE('',*,*,#2438,.T.);
#3373=ORIENTED_EDGE('',*,*,#2440,.T.);
#3374=ORIENTED_EDGE('',*,*,#2443,.F.);
#3375=ORIENTED_EDGE('',*,*,#2505,.T.);
#3376=ORIENTED_EDGE('',*,*,#2506,.T.);
#3377=ORIENTED_EDGE('',*,*,#2507,.T.);
#3378=ORIENTED_EDGE('',*,*,#2508,.T.);
#3379=ORIENTED_EDGE('',*,*,#2509,.T.);
#3380=ORIENTED_EDGE('',*,*,#2448,.T.);
#3381=ORIENTED_EDGE('',*,*,#2510,.T.);
#3382=ORIENTED_EDGE('',*,*,#2442,.F.);
#3383=ORIENTED_EDGE('',*,*,#2511,.T.);
#3384=ORIENTED_EDGE('',*,*,#2512,.T.);
#3385=ORIENTED_EDGE('',*,*,#2513,.T.);
#3386=ORIENTED_EDGE('',*,*,#2514,.T.);
#3387=ORIENTED_EDGE('',*,*,#2515,.T.);
#3388=ORIENTED_EDGE('',*,*,#2516,.T.);
#3389=ORIENTED_EDGE('',*,*,#2517,.T.);
#3390=ORIENTED_EDGE('',*,*,#2518,.T.);
#3391=ORIENTED_EDGE('',*,*,#2514,.F.);
#3392=ORIENTED_EDGE('',*,*,#2480,.F.);
#3393=ORIENTED_EDGE('',*,*,#2519,.F.);
#3394=ORIENTED_EDGE('',*,*,#2517,.F.);
#3395=ORIENTED_EDGE('',*,*,#2516,.F.);
#3396=ORIENTED_EDGE('',*,*,#2512,.F.);
#3397=ORIENTED_EDGE('',*,*,#2520,.T.);
#3398=ORIENTED_EDGE('',*,*,#2521,.T.);
#3399=ORIENTED_EDGE('',*,*,#2511,.F.);
#3400=ORIENTED_EDGE('',*,*,#2522,.F.);
#3401=ORIENTED_EDGE('',*,*,#2523,.F.);
#3402=ORIENTED_EDGE('',*,*,#2524,.F.);
#3403=ORIENTED_EDGE('',*,*,#2525,.F.);
#3404=ORIENTED_EDGE('',*,*,#2526,.T.);
#3405=ORIENTED_EDGE('',*,*,#2527,.T.);
#3406=ORIENTED_EDGE('',*,*,#2528,.T.);
#3407=ORIENTED_EDGE('',*,*,#2529,.F.);
#3408=ORIENTED_EDGE('',*,*,#2520,.F.);
#3409=ORIENTED_EDGE('',*,*,#2454,.F.);
#3410=ORIENTED_EDGE('',*,*,#2530,.T.);
#3411=ORIENTED_EDGE('',*,*,#2531,.T.);
#3412=ORIENTED_EDGE('',*,*,#2492,.T.);
#3413=ORIENTED_EDGE('',*,*,#2531,.F.);
#3414=ORIENTED_EDGE('',*,*,#2532,.T.);
#3415=ORIENTED_EDGE('',*,*,#2493,.T.);
#3416=ORIENTED_EDGE('',*,*,#2515,.F.);
#3417=ORIENTED_EDGE('',*,*,#2533,.T.);
#3418=ORIENTED_EDGE('',*,*,#2534,.T.);
#3419=ORIENTED_EDGE('',*,*,#2535,.T.);
#3420=ORIENTED_EDGE('',*,*,#2536,.T.);
#3421=ORIENTED_EDGE('',*,*,#2537,.T.);
#3422=ORIENTED_EDGE('',*,*,#2530,.F.);
#3423=ORIENTED_EDGE('',*,*,#2453,.T.);
#3424=ORIENTED_EDGE('',*,*,#2450,.T.);
#3425=ORIENTED_EDGE('',*,*,#2538,.T.);
#3426=ORIENTED_EDGE('',*,*,#2539,.F.);
#3427=ORIENTED_EDGE('',*,*,#2522,.T.);
#3428=ORIENTED_EDGE('',*,*,#2513,.F.);
#3429=ORIENTED_EDGE('',*,*,#2540,.T.);
#3430=ORIENTED_EDGE('',*,*,#2541,.T.);
#3431=ORIENTED_EDGE('',*,*,#2495,.T.);
#3432=ORIENTED_EDGE('',*,*,#2481,.T.);
#3433=ORIENTED_EDGE('',*,*,#2542,.T.);
#3434=ORIENTED_EDGE('',*,*,#2542,.F.);
#3435=ORIENTED_EDGE('',*,*,#2485,.T.);
#3436=ORIENTED_EDGE('',*,*,#2543,.F.);
#3437=ORIENTED_EDGE('',*,*,#2544,.F.);
#3438=ORIENTED_EDGE('',*,*,#2445,.F.);
#3439=ORIENTED_EDGE('',*,*,#2545,.T.);
#3440=ORIENTED_EDGE('',*,*,#2546,.F.);
#3441=ORIENTED_EDGE('',*,*,#2547,.T.);
#3442=ORIENTED_EDGE('',*,*,#2455,.F.);
#3443=ORIENTED_EDGE('',*,*,#2547,.F.);
#3444=ORIENTED_EDGE('',*,*,#2548,.T.);
#3445=ORIENTED_EDGE('',*,*,#2549,.F.);
#3446=ORIENTED_EDGE('',*,*,#2456,.F.);
#3447=ORIENTED_EDGE('',*,*,#2521,.F.);
#3448=ORIENTED_EDGE('',*,*,#2529,.T.);
#3449=ORIENTED_EDGE('',*,*,#2550,.F.);
#3450=ORIENTED_EDGE('',*,*,#2551,.T.);
#3451=ORIENTED_EDGE('',*,*,#2476,.F.);
#3452=ORIENTED_EDGE('',*,*,#2551,.F.);
#3453=ORIENTED_EDGE('',*,*,#2552,.T.);
#3454=ORIENTED_EDGE('',*,*,#2553,.F.);
#3455=ORIENTED_EDGE('',*,*,#2477,.F.);
#3456=ORIENTED_EDGE('',*,*,#2554,.T.);
#3457=ORIENTED_EDGE('',*,*,#2555,.T.);
#3458=ORIENTED_EDGE('',*,*,#2470,.T.);
#3459=ORIENTED_EDGE('',*,*,#2459,.T.);
#3460=ORIENTED_EDGE('',*,*,#2556,.T.);
#3461=ORIENTED_EDGE('',*,*,#2556,.F.);
#3462=ORIENTED_EDGE('',*,*,#2463,.T.);
#3463=ORIENTED_EDGE('',*,*,#2557,.F.);
#3464=ORIENTED_EDGE('',*,*,#2558,.F.);
#3465=ORIENTED_EDGE('',*,*,#2559,.T.);
#3466=ORIENTED_EDGE('',*,*,#2457,.T.);
#3467=ORIENTED_EDGE('',*,*,#2549,.T.);
#3468=ORIENTED_EDGE('',*,*,#2560,.T.);
#3469=ORIENTED_EDGE('',*,*,#2561,.T.);
#3470=ORIENTED_EDGE('',*,*,#2458,.F.);
#3471=ORIENTED_EDGE('',*,*,#2559,.F.);
#3472=ORIENTED_EDGE('',*,*,#2562,.F.);
#3473=ORIENTED_EDGE('',*,*,#2563,.F.);
#3474=ORIENTED_EDGE('',*,*,#2564,.T.);
#3475=ORIENTED_EDGE('',*,*,#2565,.F.);
#3476=ORIENTED_EDGE('',*,*,#2566,.T.);
#3477=ORIENTED_EDGE('',*,*,#2561,.F.);
#3478=ORIENTED_EDGE('',*,*,#2567,.F.);
#3479=ORIENTED_EDGE('',*,*,#2568,.F.);
#3480=ORIENTED_EDGE('',*,*,#2562,.T.);
#3481=ORIENTED_EDGE('',*,*,#2563,.T.);
#3482=ORIENTED_EDGE('',*,*,#2568,.T.);
#3483=ORIENTED_EDGE('',*,*,#2569,.T.);
#3484=ORIENTED_EDGE('',*,*,#2570,.T.);
#3485=ORIENTED_EDGE('',*,*,#2571,.T.);
#3486=ORIENTED_EDGE('',*,*,#2572,.T.);
#3487=ORIENTED_EDGE('',*,*,#2565,.T.);
#3488=ORIENTED_EDGE('',*,*,#2573,.T.);
#3489=ORIENTED_EDGE('',*,*,#2572,.F.);
#3490=ORIENTED_EDGE('',*,*,#2574,.T.);
#3491=ORIENTED_EDGE('',*,*,#2575,.T.);
#3492=ORIENTED_EDGE('',*,*,#2576,.T.);
#3493=ORIENTED_EDGE('',*,*,#2447,.T.);
#3494=ORIENTED_EDGE('',*,*,#2566,.F.);
#3495=ORIENTED_EDGE('',*,*,#2577,.T.);
#3496=ORIENTED_EDGE('',*,*,#2578,.T.);
#3497=ORIENTED_EDGE('',*,*,#2465,.T.);
#3498=ORIENTED_EDGE('',*,*,#2579,.T.);
#3499=ORIENTED_EDGE('',*,*,#2578,.F.);
#3500=ORIENTED_EDGE('',*,*,#2580,.T.);
#3501=ORIENTED_EDGE('',*,*,#2581,.F.);
#3502=ORIENTED_EDGE('',*,*,#2466,.T.);
#3503=ORIENTED_EDGE('',*,*,#2467,.T.);
#3504=ORIENTED_EDGE('',*,*,#2581,.T.);
#3505=ORIENTED_EDGE('',*,*,#2582,.T.);
#3506=ORIENTED_EDGE('',*,*,#2583,.T.);
#3507=ORIENTED_EDGE('',*,*,#2469,.T.);
#3508=ORIENTED_EDGE('',*,*,#2584,.T.);
#3509=ORIENTED_EDGE('',*,*,#2585,.T.);
#3510=ORIENTED_EDGE('',*,*,#2557,.T.);
#3511=ORIENTED_EDGE('',*,*,#2462,.F.);
#3512=ORIENTED_EDGE('',*,*,#2586,.T.);
#3513=ORIENTED_EDGE('',*,*,#2478,.T.);
#3514=ORIENTED_EDGE('',*,*,#2553,.T.);
#3515=ORIENTED_EDGE('',*,*,#2587,.T.);
#3516=ORIENTED_EDGE('',*,*,#2588,.T.);
#3517=ORIENTED_EDGE('',*,*,#2588,.F.);
#3518=ORIENTED_EDGE('',*,*,#2589,.F.);
#3519=ORIENTED_EDGE('',*,*,#2590,.F.);
#3520=ORIENTED_EDGE('',*,*,#2591,.T.);
#3521=ORIENTED_EDGE('',*,*,#2587,.F.);
#3522=ORIENTED_EDGE('',*,*,#2552,.F.);
#3523=ORIENTED_EDGE('',*,*,#2592,.F.);
#3524=ORIENTED_EDGE('',*,*,#2593,.F.);
#3525=ORIENTED_EDGE('',*,*,#2594,.F.);
#3526=ORIENTED_EDGE('',*,*,#2595,.T.);
#3527=ORIENTED_EDGE('',*,*,#2596,.F.);
#3528=ORIENTED_EDGE('',*,*,#2589,.T.);
#3529=ORIENTED_EDGE('',*,*,#2597,.T.);
#3530=ORIENTED_EDGE('',*,*,#2590,.T.);
#3531=ORIENTED_EDGE('',*,*,#2596,.T.);
#3532=ORIENTED_EDGE('',*,*,#2598,.T.);
#3533=ORIENTED_EDGE('',*,*,#2598,.F.);
#3534=ORIENTED_EDGE('',*,*,#2595,.F.);
#3535=ORIENTED_EDGE('',*,*,#2599,.F.);
#3536=ORIENTED_EDGE('',*,*,#2600,.F.);
#3537=ORIENTED_EDGE('',*,*,#2594,.T.);
#3538=ORIENTED_EDGE('',*,*,#2601,.T.);
#3539=ORIENTED_EDGE('',*,*,#2602,.T.);
#3540=ORIENTED_EDGE('',*,*,#2599,.T.);
#3541=ORIENTED_EDGE('',*,*,#2601,.F.);
#3542=ORIENTED_EDGE('',*,*,#2593,.T.);
#3543=ORIENTED_EDGE('',*,*,#2603,.T.);
#3544=ORIENTED_EDGE('',*,*,#2604,.T.);
#3545=ORIENTED_EDGE('',*,*,#2519,.T.);
#3546=ORIENTED_EDGE('',*,*,#2605,.F.);
#3547=ORIENTED_EDGE('',*,*,#2606,.T.);
#3548=ORIENTED_EDGE('',*,*,#2607,.T.);
#3549=ORIENTED_EDGE('',*,*,#2487,.T.);
#3550=ORIENTED_EDGE('',*,*,#2608,.T.);
#3551=ORIENTED_EDGE('',*,*,#2607,.F.);
#3552=ORIENTED_EDGE('',*,*,#2609,.T.);
#3553=ORIENTED_EDGE('',*,*,#2610,.F.);
#3554=ORIENTED_EDGE('',*,*,#2488,.T.);
#3555=ORIENTED_EDGE('',*,*,#2489,.T.);
#3556=ORIENTED_EDGE('',*,*,#2610,.T.);
#3557=ORIENTED_EDGE('',*,*,#2611,.T.);
#3558=ORIENTED_EDGE('',*,*,#2612,.T.);
#3559=ORIENTED_EDGE('',*,*,#2491,.T.);
#3560=ORIENTED_EDGE('',*,*,#2613,.T.);
#3561=ORIENTED_EDGE('',*,*,#2614,.T.);
#3562=ORIENTED_EDGE('',*,*,#2543,.T.);
#3563=ORIENTED_EDGE('',*,*,#2484,.F.);
#3564=ORIENTED_EDGE('',*,*,#2536,.F.);
#3565=ORIENTED_EDGE('',*,*,#2615,.F.);
#3566=ORIENTED_EDGE('',*,*,#2616,.F.);
#3567=ORIENTED_EDGE('',*,*,#2617,.F.);
#3568=ORIENTED_EDGE('',*,*,#2506,.F.);
#3569=ORIENTED_EDGE('',*,*,#2618,.F.);
#3570=ORIENTED_EDGE('',*,*,#2619,.F.);
#3571=ORIENTED_EDGE('',*,*,#2620,.F.);
#3572=ORIENTED_EDGE('',*,*,#2537,.F.);
#3573=ORIENTED_EDGE('',*,*,#2617,.T.);
#3574=ORIENTED_EDGE('',*,*,#2621,.F.);
#3575=ORIENTED_EDGE('',*,*,#2622,.F.);
#3576=ORIENTED_EDGE('',*,*,#2532,.F.);
#3577=ORIENTED_EDGE('',*,*,#2510,.F.);
#3578=ORIENTED_EDGE('',*,*,#2576,.F.);
#3579=ORIENTED_EDGE('',*,*,#2623,.F.);
#3580=ORIENTED_EDGE('',*,*,#2618,.T.);
#3581=ORIENTED_EDGE('',*,*,#2505,.F.);
#3582=ORIENTED_EDGE('',*,*,#2509,.F.);
#3583=ORIENTED_EDGE('',*,*,#2624,.T.);
#3584=ORIENTED_EDGE('',*,*,#2625,.F.);
#3585=ORIENTED_EDGE('',*,*,#2626,.F.);
#3586=ORIENTED_EDGE('',*,*,#2501,.F.);
#3587=ORIENTED_EDGE('',*,*,#2508,.F.);
#3588=ORIENTED_EDGE('',*,*,#2627,.F.);
#3589=ORIENTED_EDGE('',*,*,#2628,.F.);
#3590=ORIENTED_EDGE('',*,*,#2624,.F.);
#3591=ORIENTED_EDGE('',*,*,#2629,.F.);
#3592=ORIENTED_EDGE('',*,*,#2630,.F.);
#3593=ORIENTED_EDGE('',*,*,#2534,.F.);
#3594=ORIENTED_EDGE('',*,*,#2631,.F.);
#3595=ORIENTED_EDGE('',*,*,#2632,.F.);
#3596=ORIENTED_EDGE('',*,*,#2631,.T.);
#3597=ORIENTED_EDGE('',*,*,#2533,.F.);
#3598=ORIENTED_EDGE('',*,*,#2518,.F.);
#3599=ORIENTED_EDGE('',*,*,#2604,.F.);
#3600=ORIENTED_EDGE('',*,*,#2620,.T.);
#3601=ORIENTED_EDGE('',*,*,#2633,.F.);
#3602=ORIENTED_EDGE('',*,*,#2627,.T.);
#3603=ORIENTED_EDGE('',*,*,#2507,.F.);
#3604=ORIENTED_EDGE('',*,*,#2619,.T.);
#3605=ORIENTED_EDGE('',*,*,#2623,.T.);
#3606=ORIENTED_EDGE('',*,*,#2634,.T.);
#3607=ORIENTED_EDGE('',*,*,#2635,.T.);
#3608=ORIENTED_EDGE('',*,*,#2636,.T.);
#3609=ORIENTED_EDGE('',*,*,#2637,.F.);
#3610=ORIENTED_EDGE('',*,*,#2638,.F.);
#3611=ORIENTED_EDGE('',*,*,#2639,.T.);
#3612=ORIENTED_EDGE('',*,*,#2640,.T.);
#3613=ORIENTED_EDGE('',*,*,#2641,.T.);
#3614=ORIENTED_EDGE('',*,*,#2625,.T.);
#3615=ORIENTED_EDGE('',*,*,#2628,.T.);
#3616=ORIENTED_EDGE('',*,*,#2633,.T.);
#3617=ORIENTED_EDGE('',*,*,#2545,.F.);
#3618=ORIENTED_EDGE('',*,*,#2444,.F.);
#3619=ORIENTED_EDGE('',*,*,#2435,.T.);
#3620=ORIENTED_EDGE('',*,*,#2504,.F.);
#3621=ORIENTED_EDGE('',*,*,#2642,.F.);
#3622=ORIENTED_EDGE('',*,*,#2643,.F.);
#3623=ORIENTED_EDGE('',*,*,#2644,.F.);
#3624=ORIENTED_EDGE('',*,*,#2645,.T.);
#3625=ORIENTED_EDGE('',*,*,#2637,.T.);
#3626=ORIENTED_EDGE('',*,*,#2646,.T.);
#3627=ORIENTED_EDGE('',*,*,#2636,.F.);
#3628=ORIENTED_EDGE('',*,*,#2635,.F.);
#3629=ORIENTED_EDGE('',*,*,#2634,.F.);
#3630=ORIENTED_EDGE('',*,*,#2575,.F.);
#3631=ORIENTED_EDGE('',*,*,#2647,.T.);
#3632=ORIENTED_EDGE('',*,*,#2546,.T.);
#3633=ORIENTED_EDGE('',*,*,#2646,.F.);
#3634=ORIENTED_EDGE('',*,*,#2560,.F.);
#3635=ORIENTED_EDGE('',*,*,#2548,.F.);
#3636=ORIENTED_EDGE('',*,*,#2647,.F.);
#3637=ORIENTED_EDGE('',*,*,#2574,.F.);
#3638=ORIENTED_EDGE('',*,*,#2571,.F.);
#3639=ORIENTED_EDGE('',*,*,#2648,.T.);
#3640=ORIENTED_EDGE('',*,*,#2569,.F.);
#3641=ORIENTED_EDGE('',*,*,#2567,.T.);
#3642=ORIENTED_EDGE('',*,*,#2570,.F.);
#3643=ORIENTED_EDGE('',*,*,#2648,.F.);
#3644=ORIENTED_EDGE('',*,*,#2573,.F.);
#3645=ORIENTED_EDGE('',*,*,#2564,.F.);
#3646=ORIENTED_EDGE('',*,*,#2612,.F.);
#3647=ORIENTED_EDGE('',*,*,#2649,.T.);
#3648=ORIENTED_EDGE('',*,*,#2613,.F.);
#3649=ORIENTED_EDGE('',*,*,#2490,.F.);
#3650=ORIENTED_EDGE('',*,*,#2608,.F.);
#3651=ORIENTED_EDGE('',*,*,#2486,.T.);
#3652=ORIENTED_EDGE('',*,*,#2494,.T.);
#3653=ORIENTED_EDGE('',*,*,#2622,.T.);
#3654=ORIENTED_EDGE('',*,*,#2650,.T.);
#3655=ORIENTED_EDGE('',*,*,#2651,.F.);
#3656=ORIENTED_EDGE('',*,*,#2652,.F.);
#3657=ORIENTED_EDGE('',*,*,#2653,.T.);
#3658=ORIENTED_EDGE('',*,*,#2540,.F.);
#3659=ORIENTED_EDGE('',*,*,#2654,.F.);
#3660=ORIENTED_EDGE('',*,*,#2650,.F.);
#3661=ORIENTED_EDGE('',*,*,#2655,.F.);
#3662=ORIENTED_EDGE('',*,*,#2656,.F.);
#3663=ORIENTED_EDGE('',*,*,#2606,.F.);
#3664=ORIENTED_EDGE('',*,*,#2651,.T.);
#3665=ORIENTED_EDGE('',*,*,#2654,.T.);
#3666=ORIENTED_EDGE('',*,*,#2544,.T.);
#3667=ORIENTED_EDGE('',*,*,#2614,.F.);
#3668=ORIENTED_EDGE('',*,*,#2649,.F.);
#3669=ORIENTED_EDGE('',*,*,#2611,.F.);
#3670=ORIENTED_EDGE('',*,*,#2609,.F.);
#3671=ORIENTED_EDGE('',*,*,#2616,.T.);
#3672=ORIENTED_EDGE('',*,*,#2657,.T.);
#3673=ORIENTED_EDGE('',*,*,#2629,.T.);
#3674=ORIENTED_EDGE('',*,*,#2632,.T.);
#3675=ORIENTED_EDGE('',*,*,#2658,.T.);
#3676=ORIENTED_EDGE('',*,*,#2659,.T.);
#3677=ORIENTED_EDGE('',*,*,#2527,.F.);
#3678=ORIENTED_EDGE('',*,*,#2660,.F.);
#3679=ORIENTED_EDGE('',*,*,#2661,.T.);
#3680=ORIENTED_EDGE('',*,*,#2652,.T.);
#3681=ORIENTED_EDGE('',*,*,#2656,.T.);
#3682=ORIENTED_EDGE('',*,*,#2655,.T.);
#3683=ORIENTED_EDGE('',*,*,#2621,.T.);
#3684=ORIENTED_EDGE('',*,*,#2583,.F.);
#3685=ORIENTED_EDGE('',*,*,#2662,.T.);
#3686=ORIENTED_EDGE('',*,*,#2584,.F.);
#3687=ORIENTED_EDGE('',*,*,#2468,.F.);
#3688=ORIENTED_EDGE('',*,*,#2579,.F.);
#3689=ORIENTED_EDGE('',*,*,#2464,.T.);
#3690=ORIENTED_EDGE('',*,*,#2475,.T.);
#3691=ORIENTED_EDGE('',*,*,#2626,.T.);
#3692=ORIENTED_EDGE('',*,*,#2663,.T.);
#3693=ORIENTED_EDGE('',*,*,#2664,.F.);
#3694=ORIENTED_EDGE('',*,*,#2640,.F.);
#3695=ORIENTED_EDGE('',*,*,#2665,.T.);
#3696=ORIENTED_EDGE('',*,*,#2554,.F.);
#3697=ORIENTED_EDGE('',*,*,#2666,.F.);
#3698=ORIENTED_EDGE('',*,*,#2663,.F.);
#3699=ORIENTED_EDGE('',*,*,#2641,.F.);
#3700=ORIENTED_EDGE('',*,*,#2577,.F.);
#3701=ORIENTED_EDGE('',*,*,#2664,.T.);
#3702=ORIENTED_EDGE('',*,*,#2666,.T.);
#3703=ORIENTED_EDGE('',*,*,#2558,.T.);
#3704=ORIENTED_EDGE('',*,*,#2585,.F.);
#3705=ORIENTED_EDGE('',*,*,#2662,.F.);
#3706=ORIENTED_EDGE('',*,*,#2582,.F.);
#3707=ORIENTED_EDGE('',*,*,#2580,.F.);
#3708=ORIENTED_EDGE('',*,*,#2659,.F.);
#3709=ORIENTED_EDGE('',*,*,#2658,.F.);
#3710=ORIENTED_EDGE('',*,*,#2603,.F.);
#3711=ORIENTED_EDGE('',*,*,#2592,.T.);
#3712=ORIENTED_EDGE('',*,*,#2550,.T.);
#3713=ORIENTED_EDGE('',*,*,#2528,.F.);
#3714=ORIENTED_EDGE('',*,*,#2479,.F.);
#3715=ORIENTED_EDGE('',*,*,#2586,.F.);
#3716=ORIENTED_EDGE('',*,*,#2591,.F.);
#3717=ORIENTED_EDGE('',*,*,#2597,.F.);
#3718=ORIENTED_EDGE('',*,*,#2600,.T.);
#3719=ORIENTED_EDGE('',*,*,#2602,.F.);
#3720=ORIENTED_EDGE('',*,*,#2605,.T.);
#3721=ORIENTED_EDGE('',*,*,#2541,.F.);
#3722=ORIENTED_EDGE('',*,*,#2653,.F.);
#3723=ORIENTED_EDGE('',*,*,#2661,.F.);
#3724=ORIENTED_EDGE('',*,*,#2667,.F.);
#3725=ORIENTED_EDGE('',*,*,#2668,.F.);
#3726=ORIENTED_EDGE('',*,*,#2669,.T.);
#3727=ORIENTED_EDGE('',*,*,#2670,.F.);
#3728=ORIENTED_EDGE('',*,*,#2538,.F.);
#3729=ORIENTED_EDGE('',*,*,#2449,.F.);
#3730=ORIENTED_EDGE('',*,*,#2496,.T.);
#3731=ORIENTED_EDGE('',*,*,#2671,.T.);
#3732=ORIENTED_EDGE('',*,*,#2672,.T.);
#3733=ORIENTED_EDGE('',*,*,#2673,.T.);
#3734=ORIENTED_EDGE('',*,*,#2674,.T.);
#3735=ORIENTED_EDGE('',*,*,#2675,.T.);
#3736=ORIENTED_EDGE('',*,*,#2676,.T.);
#3737=ORIENTED_EDGE('',*,*,#2671,.F.);
#3738=ORIENTED_EDGE('',*,*,#2677,.F.);
#3739=ORIENTED_EDGE('',*,*,#2678,.F.);
#3740=ORIENTED_EDGE('',*,*,#2679,.F.);
#3741=ORIENTED_EDGE('',*,*,#2680,.T.);
#3742=ORIENTED_EDGE('',*,*,#2681,.T.);
#3743=ORIENTED_EDGE('',*,*,#2682,.F.);
#3744=ORIENTED_EDGE('',*,*,#2676,.F.);
#3745=ORIENTED_EDGE('',*,*,#2683,.T.);
#3746=ORIENTED_EDGE('',*,*,#2684,.F.);
#3747=ORIENTED_EDGE('',*,*,#2677,.T.);
#3748=ORIENTED_EDGE('',*,*,#2675,.F.);
#3749=ORIENTED_EDGE('',*,*,#2685,.T.);
#3750=ORIENTED_EDGE('',*,*,#2686,.F.);
#3751=ORIENTED_EDGE('',*,*,#2687,.T.);
#3752=ORIENTED_EDGE('',*,*,#2688,.F.);
#3753=ORIENTED_EDGE('',*,*,#2689,.T.);
#3754=ORIENTED_EDGE('',*,*,#2690,.F.);
#3755=ORIENTED_EDGE('',*,*,#2691,.T.);
#3756=ORIENTED_EDGE('',*,*,#2692,.F.);
#3757=ORIENTED_EDGE('',*,*,#2693,.T.);
#3758=ORIENTED_EDGE('',*,*,#2694,.F.);
#3759=ORIENTED_EDGE('',*,*,#2695,.T.);
#3760=ORIENTED_EDGE('',*,*,#2696,.F.);
#3761=ORIENTED_EDGE('',*,*,#2697,.T.);
#3762=ORIENTED_EDGE('',*,*,#2698,.F.);
#3763=ORIENTED_EDGE('',*,*,#2699,.T.);
#3764=ORIENTED_EDGE('',*,*,#2700,.F.);
#3765=ORIENTED_EDGE('',*,*,#2701,.T.);
#3766=ORIENTED_EDGE('',*,*,#2702,.F.);
#3767=ORIENTED_EDGE('',*,*,#2703,.T.);
#3768=ORIENTED_EDGE('',*,*,#2704,.F.);
#3769=ORIENTED_EDGE('',*,*,#2705,.T.);
#3770=ORIENTED_EDGE('',*,*,#2706,.F.);
#3771=ORIENTED_EDGE('',*,*,#2707,.T.);
#3772=ORIENTED_EDGE('',*,*,#2708,.T.);
#3773=ORIENTED_EDGE('',*,*,#2709,.T.);
#3774=ORIENTED_EDGE('',*,*,#2710,.T.);
#3775=ORIENTED_EDGE('',*,*,#2711,.T.);
#3776=ORIENTED_EDGE('',*,*,#2712,.T.);
#3777=ORIENTED_EDGE('',*,*,#2696,.T.);
#3778=ORIENTED_EDGE('',*,*,#2713,.T.);
#3779=ORIENTED_EDGE('',*,*,#2709,.F.);
#3780=ORIENTED_EDGE('',*,*,#2714,.F.);
#3781=ORIENTED_EDGE('',*,*,#2715,.F.);
#3782=ORIENTED_EDGE('',*,*,#2716,.F.);
#3783=ORIENTED_EDGE('',*,*,#2717,.T.);
#3784=ORIENTED_EDGE('',*,*,#2718,.T.);
#3785=ORIENTED_EDGE('',*,*,#2719,.F.);
#3786=ORIENTED_EDGE('',*,*,#2713,.F.);
#3787=ORIENTED_EDGE('',*,*,#2720,.T.);
#3788=ORIENTED_EDGE('',*,*,#2721,.F.);
#3789=ORIENTED_EDGE('',*,*,#2714,.T.);
#3790=ORIENTED_EDGE('',*,*,#2642,.T.);
#3791=ORIENTED_EDGE('',*,*,#2503,.T.);
#3792=ORIENTED_EDGE('',*,*,#2722,.T.);
#3793=ORIENTED_EDGE('',*,*,#2702,.T.);
#3794=ORIENTED_EDGE('',*,*,#2523,.T.);
#3795=ORIENTED_EDGE('',*,*,#2539,.T.);
#3796=ORIENTED_EDGE('',*,*,#2670,.T.);
#3797=ORIENTED_EDGE('',*,*,#2690,.T.);
#3798=ORIENTED_EDGE('',*,*,#2723,.T.);
#3799=ORIENTED_EDGE('',*,*,#2724,.T.);
#3800=ORIENTED_EDGE('',*,*,#2716,.T.);
#3801=ORIENTED_EDGE('',*,*,#2725,.T.);
#3802=ORIENTED_EDGE('',*,*,#2724,.F.);
#3803=ORIENTED_EDGE('',*,*,#2726,.T.);
#3804=ORIENTED_EDGE('',*,*,#2727,.T.);
#3805=ORIENTED_EDGE('',*,*,#2717,.F.);
#3806=ORIENTED_EDGE('',*,*,#2728,.T.);
#3807=ORIENTED_EDGE('',*,*,#2729,.T.);
#3808=ORIENTED_EDGE('',*,*,#2679,.T.);
#3809=ORIENTED_EDGE('',*,*,#2730,.T.);
#3810=ORIENTED_EDGE('',*,*,#2729,.F.);
#3811=ORIENTED_EDGE('',*,*,#2731,.T.);
#3812=ORIENTED_EDGE('',*,*,#2732,.T.);
#3813=ORIENTED_EDGE('',*,*,#2680,.F.);
#3814=ORIENTED_EDGE('',*,*,#2645,.F.);
#3815=ORIENTED_EDGE('',*,*,#2733,.T.);
#3816=ORIENTED_EDGE('',*,*,#2734,.T.);
#3817=ORIENTED_EDGE('',*,*,#2638,.T.);
#3818=ORIENTED_EDGE('',*,*,#2526,.F.);
#3819=ORIENTED_EDGE('',*,*,#2735,.T.);
#3820=ORIENTED_EDGE('',*,*,#2667,.T.);
#3821=ORIENTED_EDGE('',*,*,#2660,.T.);
#3822=ORIENTED_EDGE('',*,*,#2698,.T.);
#3823=ORIENTED_EDGE('',*,*,#2736,.T.);
#3824=ORIENTED_EDGE('',*,*,#2737,.T.);
#3825=ORIENTED_EDGE('',*,*,#2738,.T.);
#3826=ORIENTED_EDGE('',*,*,#2736,.F.);
#3827=ORIENTED_EDGE('',*,*,#2697,.F.);
#3828=ORIENTED_EDGE('',*,*,#2739,.F.);
#3829=ORIENTED_EDGE('',*,*,#2740,.F.);
#3830=ORIENTED_EDGE('',*,*,#2712,.F.);
#3831=ORIENTED_EDGE('',*,*,#2741,.T.);
#3832=ORIENTED_EDGE('',*,*,#2742,.T.);
#3833=ORIENTED_EDGE('',*,*,#2739,.T.);
#3834=ORIENTED_EDGE('',*,*,#2694,.T.);
#3835=ORIENTED_EDGE('',*,*,#2743,.T.);
#3836=ORIENTED_EDGE('',*,*,#2744,.T.);
#3837=ORIENTED_EDGE('',*,*,#2745,.T.);
#3838=ORIENTED_EDGE('',*,*,#2743,.F.);
#3839=ORIENTED_EDGE('',*,*,#2693,.F.);
#3840=ORIENTED_EDGE('',*,*,#2746,.F.);
#3841=ORIENTED_EDGE('',*,*,#2747,.F.);
#3842=ORIENTED_EDGE('',*,*,#2686,.T.);
#3843=ORIENTED_EDGE('',*,*,#2748,.T.);
#3844=ORIENTED_EDGE('',*,*,#2749,.T.);
#3845=ORIENTED_EDGE('',*,*,#2750,.T.);
#3846=ORIENTED_EDGE('',*,*,#2748,.F.);
#3847=ORIENTED_EDGE('',*,*,#2685,.F.);
#3848=ORIENTED_EDGE('',*,*,#2751,.F.);
#3849=ORIENTED_EDGE('',*,*,#2752,.F.);
#3850=ORIENTED_EDGE('',*,*,#2674,.F.);
#3851=ORIENTED_EDGE('',*,*,#2753,.T.);
#3852=ORIENTED_EDGE('',*,*,#2754,.T.);
#3853=ORIENTED_EDGE('',*,*,#2751,.T.);
#3854=ORIENTED_EDGE('',*,*,#2706,.T.);
#3855=ORIENTED_EDGE('',*,*,#2755,.T.);
#3856=ORIENTED_EDGE('',*,*,#2756,.T.);
#3857=ORIENTED_EDGE('',*,*,#2757,.T.);
#3858=ORIENTED_EDGE('',*,*,#2755,.F.);
#3859=ORIENTED_EDGE('',*,*,#2705,.F.);
#3860=ORIENTED_EDGE('',*,*,#2758,.F.);
#3861=ORIENTED_EDGE('',*,*,#2759,.F.);
#3862=ORIENTED_EDGE('',*,*,#2701,.F.);
#3863=ORIENTED_EDGE('',*,*,#2760,.F.);
#3864=ORIENTED_EDGE('',*,*,#2761,.F.);
#3865=ORIENTED_EDGE('',*,*,#2643,.T.);
#3866=ORIENTED_EDGE('',*,*,#2703,.F.);
#3867=ORIENTED_EDGE('',*,*,#2762,.F.);
#3868=ORIENTED_EDGE('',*,*,#2763,.F.);
#3869=ORIENTED_EDGE('',*,*,#2764,.F.);
#3870=ORIENTED_EDGE('',*,*,#2689,.F.);
#3871=ORIENTED_EDGE('',*,*,#2765,.F.);
#3872=ORIENTED_EDGE('',*,*,#2766,.F.);
#3873=ORIENTED_EDGE('',*,*,#2524,.T.);
#3874=ORIENTED_EDGE('',*,*,#2691,.F.);
#3875=ORIENTED_EDGE('',*,*,#2669,.F.);
#3876=ORIENTED_EDGE('',*,*,#2767,.F.);
#3877=ORIENTED_EDGE('',*,*,#2768,.F.);
#3878=ORIENTED_EDGE('',*,*,#2765,.T.);
#3879=ORIENTED_EDGE('',*,*,#2688,.T.);
#3880=ORIENTED_EDGE('',*,*,#2769,.T.);
#3881=ORIENTED_EDGE('',*,*,#2770,.F.);
#3882=ORIENTED_EDGE('',*,*,#2771,.F.);
#3883=ORIENTED_EDGE('',*,*,#2772,.F.);
#3884=ORIENTED_EDGE('',*,*,#2718,.F.);
#3885=ORIENTED_EDGE('',*,*,#2727,.F.);
#3886=ORIENTED_EDGE('',*,*,#2732,.F.);
#3887=ORIENTED_EDGE('',*,*,#2773,.F.);
#3888=ORIENTED_EDGE('',*,*,#2774,.F.);
#3889=ORIENTED_EDGE('',*,*,#2681,.F.);
#3890=ORIENTED_EDGE('',*,*,#2750,.F.);
#3891=ORIENTED_EDGE('',*,*,#2775,.F.);
#3892=ORIENTED_EDGE('',*,*,#2769,.F.);
#3893=ORIENTED_EDGE('',*,*,#2687,.F.);
#3894=ORIENTED_EDGE('',*,*,#2673,.F.);
#3895=ORIENTED_EDGE('',*,*,#2776,.F.);
#3896=ORIENTED_EDGE('',*,*,#2773,.T.);
#3897=ORIENTED_EDGE('',*,*,#2731,.F.);
#3898=ORIENTED_EDGE('',*,*,#2728,.F.);
#3899=ORIENTED_EDGE('',*,*,#2777,.F.);
#3900=ORIENTED_EDGE('',*,*,#2753,.F.);
#3901=ORIENTED_EDGE('',*,*,#2757,.F.);
#3902=ORIENTED_EDGE('',*,*,#2778,.F.);
#3903=ORIENTED_EDGE('',*,*,#2683,.F.);
#3904=ORIENTED_EDGE('',*,*,#2707,.F.);
#3905=ORIENTED_EDGE('',*,*,#2711,.F.);
#3906=ORIENTED_EDGE('',*,*,#2779,.F.);
#3907=ORIENTED_EDGE('',*,*,#2771,.T.);
#3908=ORIENTED_EDGE('',*,*,#2726,.F.);
#3909=ORIENTED_EDGE('',*,*,#2723,.F.);
#3910=ORIENTED_EDGE('',*,*,#2780,.F.);
#3911=ORIENTED_EDGE('',*,*,#2741,.F.);
#3912=ORIENTED_EDGE('',*,*,#2738,.F.);
#3913=ORIENTED_EDGE('',*,*,#2781,.F.);
#3914=ORIENTED_EDGE('',*,*,#2782,.F.);
#3915=ORIENTED_EDGE('',*,*,#2699,.F.);
#3916=ORIENTED_EDGE('',*,*,#2745,.F.);
#3917=ORIENTED_EDGE('',*,*,#2783,.F.);
#3918=ORIENTED_EDGE('',*,*,#2720,.F.);
#3919=ORIENTED_EDGE('',*,*,#2695,.F.);
#3920=ORIENTED_EDGE('',*,*,#2764,.T.);
#3921=ORIENTED_EDGE('',*,*,#2784,.F.);
#3922=ORIENTED_EDGE('',*,*,#2758,.T.);
#3923=ORIENTED_EDGE('',*,*,#2704,.T.);
#3924=ORIENTED_EDGE('',*,*,#2710,.F.);
#3925=ORIENTED_EDGE('',*,*,#2719,.T.);
#3926=ORIENTED_EDGE('',*,*,#2772,.T.);
#3927=ORIENTED_EDGE('',*,*,#2779,.T.);
#3928=ORIENTED_EDGE('',*,*,#2768,.T.);
#3929=ORIENTED_EDGE('',*,*,#2785,.F.);
#3930=ORIENTED_EDGE('',*,*,#2746,.T.);
#3931=ORIENTED_EDGE('',*,*,#2692,.T.);
#3932=ORIENTED_EDGE('',*,*,#2615,.T.);
#3933=ORIENTED_EDGE('',*,*,#2535,.F.);
#3934=ORIENTED_EDGE('',*,*,#2630,.T.);
#3935=ORIENTED_EDGE('',*,*,#2657,.F.);
#3936=ORIENTED_EDGE('',*,*,#2497,.F.);
#3937=ORIENTED_EDGE('',*,*,#2471,.T.);
#3938=ORIENTED_EDGE('',*,*,#2555,.F.);
#3939=ORIENTED_EDGE('',*,*,#2665,.F.);
#3940=ORIENTED_EDGE('',*,*,#2639,.F.);
#3941=ORIENTED_EDGE('',*,*,#2734,.F.);
#3942=ORIENTED_EDGE('',*,*,#2786,.F.);
#3943=ORIENTED_EDGE('',*,*,#2762,.T.);
#3944=ORIENTED_EDGE('',*,*,#2722,.F.);
#3945=ORIENTED_EDGE('',*,*,#2502,.F.);
#3946=ORIENTED_EDGE('',*,*,#2715,.T.);
#3947=ORIENTED_EDGE('',*,*,#2721,.T.);
#3948=ORIENTED_EDGE('',*,*,#2783,.T.);
#3949=ORIENTED_EDGE('',*,*,#2744,.F.);
#3950=ORIENTED_EDGE('',*,*,#2747,.T.);
#3951=ORIENTED_EDGE('',*,*,#2785,.T.);
#3952=ORIENTED_EDGE('',*,*,#2767,.T.);
#3953=ORIENTED_EDGE('',*,*,#2668,.T.);
#3954=ORIENTED_EDGE('',*,*,#2735,.F.);
#3955=ORIENTED_EDGE('',*,*,#2525,.T.);
#3956=ORIENTED_EDGE('',*,*,#2766,.T.);
#3957=ORIENTED_EDGE('',*,*,#2770,.T.);
#3958=ORIENTED_EDGE('',*,*,#2775,.T.);
#3959=ORIENTED_EDGE('',*,*,#2749,.F.);
#3960=ORIENTED_EDGE('',*,*,#2752,.T.);
#3961=ORIENTED_EDGE('',*,*,#2754,.F.);
#3962=ORIENTED_EDGE('',*,*,#2777,.T.);
#3963=ORIENTED_EDGE('',*,*,#2730,.F.);
#3964=ORIENTED_EDGE('',*,*,#2678,.T.);
#3965=ORIENTED_EDGE('',*,*,#2684,.T.);
#3966=ORIENTED_EDGE('',*,*,#2778,.T.);
#3967=ORIENTED_EDGE('',*,*,#2756,.F.);
#3968=ORIENTED_EDGE('',*,*,#2759,.T.);
#3969=ORIENTED_EDGE('',*,*,#2784,.T.);
#3970=ORIENTED_EDGE('',*,*,#2763,.T.);
#3971=ORIENTED_EDGE('',*,*,#2786,.T.);
#3972=ORIENTED_EDGE('',*,*,#2733,.F.);
#3973=ORIENTED_EDGE('',*,*,#2644,.T.);
#3974=ORIENTED_EDGE('',*,*,#2761,.T.);
#3975=ORIENTED_EDGE('',*,*,#2787,.T.);
#3976=ORIENTED_EDGE('',*,*,#2781,.T.);
#3977=ORIENTED_EDGE('',*,*,#2737,.F.);
#3978=ORIENTED_EDGE('',*,*,#2740,.T.);
#3979=ORIENTED_EDGE('',*,*,#2742,.F.);
#3980=ORIENTED_EDGE('',*,*,#2780,.T.);
#3981=ORIENTED_EDGE('',*,*,#2725,.F.);
#3982=ORIENTED_EDGE('',*,*,#2788,.T.);
#3983=ORIENTED_EDGE('',*,*,#2788,.F.);
#3984=ORIENTED_EDGE('',*,*,#2789,.T.);
#3985=ORIENTED_EDGE('',*,*,#2708,.F.);
#3986=ORIENTED_EDGE('',*,*,#2789,.F.);
#3987=ORIENTED_EDGE('',*,*,#2760,.T.);
#3988=ORIENTED_EDGE('',*,*,#2700,.T.);
#3989=ORIENTED_EDGE('',*,*,#2782,.T.);
#3990=ORIENTED_EDGE('',*,*,#2787,.F.);
#3991=ORIENTED_EDGE('',*,*,#2672,.F.);
#3992=ORIENTED_EDGE('',*,*,#2682,.T.);
#3993=ORIENTED_EDGE('',*,*,#2774,.T.);
#3994=ORIENTED_EDGE('',*,*,#2776,.T.);
#3995=ORIENTED_EDGE('',*,*,#2790,.F.);
#3996=ORIENTED_EDGE('',*,*,#2791,.F.);
#3997=ORIENTED_EDGE('',*,*,#2792,.F.);
#3998=ORIENTED_EDGE('',*,*,#2793,.F.);
#3999=ORIENTED_EDGE('',*,*,#2794,.F.);
#4000=ORIENTED_EDGE('',*,*,#2795,.F.);
#4001=ORIENTED_EDGE('',*,*,#2796,.F.);
#4002=ORIENTED_EDGE('',*,*,#2797,.F.);
#4003=ORIENTED_EDGE('',*,*,#2798,.T.);
#4004=ORIENTED_EDGE('',*,*,#2799,.T.);
#4005=ORIENTED_EDGE('',*,*,#2800,.F.);
#4006=ORIENTED_EDGE('',*,*,#2791,.T.);
#4007=ORIENTED_EDGE('',*,*,#2801,.T.);
#4008=ORIENTED_EDGE('',*,*,#2802,.T.);
#4009=ORIENTED_EDGE('',*,*,#2803,.F.);
#4010=ORIENTED_EDGE('',*,*,#2792,.T.);
#4011=ORIENTED_EDGE('',*,*,#2800,.T.);
#4012=ORIENTED_EDGE('',*,*,#2804,.T.);
#4013=ORIENTED_EDGE('',*,*,#2805,.F.);
#4014=ORIENTED_EDGE('',*,*,#2793,.T.);
#4015=ORIENTED_EDGE('',*,*,#2803,.T.);
#4016=ORIENTED_EDGE('',*,*,#2806,.T.);
#4017=ORIENTED_EDGE('',*,*,#2807,.F.);
#4018=ORIENTED_EDGE('',*,*,#2794,.T.);
#4019=ORIENTED_EDGE('',*,*,#2805,.T.);
#4020=ORIENTED_EDGE('',*,*,#2808,.T.);
#4021=ORIENTED_EDGE('',*,*,#2809,.F.);
#4022=ORIENTED_EDGE('',*,*,#2795,.T.);
#4023=ORIENTED_EDGE('',*,*,#2807,.T.);
#4024=ORIENTED_EDGE('',*,*,#2810,.T.);
#4025=ORIENTED_EDGE('',*,*,#2811,.F.);
#4026=ORIENTED_EDGE('',*,*,#2796,.T.);
#4027=ORIENTED_EDGE('',*,*,#2809,.T.);
#4028=ORIENTED_EDGE('',*,*,#2812,.T.);
#4029=ORIENTED_EDGE('',*,*,#2813,.F.);
#4030=ORIENTED_EDGE('',*,*,#2797,.T.);
#4031=ORIENTED_EDGE('',*,*,#2811,.T.);
#4032=ORIENTED_EDGE('',*,*,#2814,.T.);
#4033=ORIENTED_EDGE('',*,*,#2801,.F.);
#4034=ORIENTED_EDGE('',*,*,#2790,.T.);
#4035=ORIENTED_EDGE('',*,*,#2813,.T.);
#4036=ORIENTED_EDGE('',*,*,#2799,.F.);
#4037=ORIENTED_EDGE('',*,*,#2814,.F.);
#4038=ORIENTED_EDGE('',*,*,#2812,.F.);
#4039=ORIENTED_EDGE('',*,*,#2810,.F.);
#4040=ORIENTED_EDGE('',*,*,#2808,.F.);
#4041=ORIENTED_EDGE('',*,*,#2806,.F.);
#4042=ORIENTED_EDGE('',*,*,#2804,.F.);
#4043=ORIENTED_EDGE('',*,*,#2802,.F.);
#4044=ORIENTED_EDGE('',*,*,#2815,.T.);
#4045=ORIENTED_EDGE('',*,*,#2816,.T.);
#4046=ORIENTED_EDGE('',*,*,#2817,.T.);
#4047=ORIENTED_EDGE('',*,*,#2816,.F.);
#4048=ORIENTED_EDGE('',*,*,#2815,.F.);
#4049=ORIENTED_EDGE('',*,*,#2818,.T.);
#4050=ORIENTED_EDGE('',*,*,#2798,.F.);
#4051=ORIENTED_EDGE('',*,*,#2818,.F.);
#4052=ORIENTED_EDGE('',*,*,#2817,.F.);
#4053=ORIENTED_EDGE('',*,*,#2819,.F.);
#4054=ORIENTED_EDGE('',*,*,#2820,.F.);
#4055=ORIENTED_EDGE('',*,*,#2821,.F.);
#4056=ORIENTED_EDGE('',*,*,#2822,.F.);
#4057=ORIENTED_EDGE('',*,*,#2821,.T.);
#4058=ORIENTED_EDGE('',*,*,#2823,.F.);
#4059=ORIENTED_EDGE('',*,*,#2824,.F.);
#4060=ORIENTED_EDGE('',*,*,#2825,.F.);
#4061=ORIENTED_EDGE('',*,*,#2826,.F.);
#4062=ORIENTED_EDGE('',*,*,#2827,.F.);
#4063=ORIENTED_EDGE('',*,*,#2828,.F.);
#4064=ORIENTED_EDGE('',*,*,#2829,.F.);
#4065=ORIENTED_EDGE('',*,*,#2820,.T.);
#4066=ORIENTED_EDGE('',*,*,#2830,.T.);
#4067=ORIENTED_EDGE('',*,*,#2831,.T.);
#4068=ORIENTED_EDGE('',*,*,#2823,.T.);
#4069=ORIENTED_EDGE('',*,*,#2819,.T.);
#4070=ORIENTED_EDGE('',*,*,#2832,.F.);
#4071=ORIENTED_EDGE('',*,*,#2833,.F.);
#4072=ORIENTED_EDGE('',*,*,#2834,.F.);
#4073=ORIENTED_EDGE('',*,*,#2835,.F.);
#4074=ORIENTED_EDGE('',*,*,#2836,.F.);
#4075=ORIENTED_EDGE('',*,*,#2837,.F.);
#4076=ORIENTED_EDGE('',*,*,#2830,.F.);
#4077=ORIENTED_EDGE('',*,*,#2822,.T.);
#4078=ORIENTED_EDGE('',*,*,#2829,.T.);
#4079=ORIENTED_EDGE('',*,*,#2838,.F.);
#4080=ORIENTED_EDGE('',*,*,#2832,.T.);
#4081=ORIENTED_EDGE('',*,*,#2828,.T.);
#4082=ORIENTED_EDGE('',*,*,#2839,.F.);
#4083=ORIENTED_EDGE('',*,*,#2833,.T.);
#4084=ORIENTED_EDGE('',*,*,#2838,.T.);
#4085=ORIENTED_EDGE('',*,*,#2827,.T.);
#4086=ORIENTED_EDGE('',*,*,#2840,.F.);
#4087=ORIENTED_EDGE('',*,*,#2834,.T.);
#4088=ORIENTED_EDGE('',*,*,#2839,.T.);
#4089=ORIENTED_EDGE('',*,*,#2826,.T.);
#4090=ORIENTED_EDGE('',*,*,#2841,.F.);
#4091=ORIENTED_EDGE('',*,*,#2835,.T.);
#4092=ORIENTED_EDGE('',*,*,#2840,.T.);
#4093=ORIENTED_EDGE('',*,*,#2825,.T.);
#4094=ORIENTED_EDGE('',*,*,#2842,.F.);
#4095=ORIENTED_EDGE('',*,*,#2836,.T.);
#4096=ORIENTED_EDGE('',*,*,#2841,.T.);
#4097=ORIENTED_EDGE('',*,*,#2824,.T.);
#4098=ORIENTED_EDGE('',*,*,#2831,.F.);
#4099=ORIENTED_EDGE('',*,*,#2837,.T.);
#4100=ORIENTED_EDGE('',*,*,#2842,.T.);
#4101=ORIENTED_EDGE('',*,*,#2843,.F.);
#4102=ORIENTED_EDGE('',*,*,#2844,.F.);
#4103=ORIENTED_EDGE('',*,*,#2845,.F.);
#4104=ORIENTED_EDGE('',*,*,#2846,.F.);
#4105=ORIENTED_EDGE('',*,*,#2845,.T.);
#4106=ORIENTED_EDGE('',*,*,#2847,.F.);
#4107=ORIENTED_EDGE('',*,*,#2848,.F.);
#4108=ORIENTED_EDGE('',*,*,#2849,.F.);
#4109=ORIENTED_EDGE('',*,*,#2850,.F.);
#4110=ORIENTED_EDGE('',*,*,#2851,.F.);
#4111=ORIENTED_EDGE('',*,*,#2852,.F.);
#4112=ORIENTED_EDGE('',*,*,#2853,.F.);
#4113=ORIENTED_EDGE('',*,*,#2844,.T.);
#4114=ORIENTED_EDGE('',*,*,#2854,.T.);
#4115=ORIENTED_EDGE('',*,*,#2855,.T.);
#4116=ORIENTED_EDGE('',*,*,#2847,.T.);
#4117=ORIENTED_EDGE('',*,*,#2843,.T.);
#4118=ORIENTED_EDGE('',*,*,#2856,.F.);
#4119=ORIENTED_EDGE('',*,*,#2857,.F.);
#4120=ORIENTED_EDGE('',*,*,#2858,.F.);
#4121=ORIENTED_EDGE('',*,*,#2859,.F.);
#4122=ORIENTED_EDGE('',*,*,#2860,.F.);
#4123=ORIENTED_EDGE('',*,*,#2861,.F.);
#4124=ORIENTED_EDGE('',*,*,#2854,.F.);
#4125=ORIENTED_EDGE('',*,*,#2846,.T.);
#4126=ORIENTED_EDGE('',*,*,#2853,.T.);
#4127=ORIENTED_EDGE('',*,*,#2862,.F.);
#4128=ORIENTED_EDGE('',*,*,#2856,.T.);
#4129=ORIENTED_EDGE('',*,*,#2852,.T.);
#4130=ORIENTED_EDGE('',*,*,#2863,.F.);
#4131=ORIENTED_EDGE('',*,*,#2857,.T.);
#4132=ORIENTED_EDGE('',*,*,#2862,.T.);
#4133=ORIENTED_EDGE('',*,*,#2851,.T.);
#4134=ORIENTED_EDGE('',*,*,#2864,.F.);
#4135=ORIENTED_EDGE('',*,*,#2858,.T.);
#4136=ORIENTED_EDGE('',*,*,#2863,.T.);
#4137=ORIENTED_EDGE('',*,*,#2850,.T.);
#4138=ORIENTED_EDGE('',*,*,#2865,.F.);
#4139=ORIENTED_EDGE('',*,*,#2859,.T.);
#4140=ORIENTED_EDGE('',*,*,#2864,.T.);
#4141=ORIENTED_EDGE('',*,*,#2849,.T.);
#4142=ORIENTED_EDGE('',*,*,#2866,.F.);
#4143=ORIENTED_EDGE('',*,*,#2860,.T.);
#4144=ORIENTED_EDGE('',*,*,#2865,.T.);
#4145=ORIENTED_EDGE('',*,*,#2848,.T.);
#4146=ORIENTED_EDGE('',*,*,#2855,.F.);
#4147=ORIENTED_EDGE('',*,*,#2861,.T.);
#4148=ORIENTED_EDGE('',*,*,#2866,.T.);
#4149=CYLINDRICAL_SURFACE('',#4715,0.00590551181102363);
#4150=CYLINDRICAL_SURFACE('',#4719,0.00590551181102363);
#4151=CYLINDRICAL_SURFACE('',#4723,0.00590551181102362);
#4152=CYLINDRICAL_SURFACE('',#4727,0.0059055118110236);
#4153=CYLINDRICAL_SURFACE('',#4735,0.00787402447574411);
#4154=CYLINDRICAL_SURFACE('',#4738,0.0078740157480315);
#4155=CYLINDRICAL_SURFACE('',#4741,0.00794236834329626);
#4156=CYLINDRICAL_SURFACE('',#4755,0.00393700787401575);
#4157=CYLINDRICAL_SURFACE('',#4758,0.00393700787401576);
#4158=CYLINDRICAL_SURFACE('',#4770,0.00393700787401576);
#4159=CYLINDRICAL_SURFACE('',#4814,0.00393700787401577);
#4160=CYLINDRICAL_SURFACE('',#4842,0.00551181102362205);
#4161=CYLINDRICAL_SURFACE('',#4844,0.00551181102362205);
#4162=CYLINDRICAL_SURFACE('',#4846,0.00551181102362205);
#4163=CYLINDRICAL_SURFACE('',#4848,0.00551181102362205);
#4164=CYLINDRICAL_SURFACE('',#4850,0.00551181102362205);
#4165=CYLINDRICAL_SURFACE('',#4857,0.00551181102362205);
#4166=CYLINDRICAL_SURFACE('',#4859,0.00551181102362205);
#4167=CYLINDRICAL_SURFACE('',#4862,0.00551181102362205);
#4168=CYLINDRICAL_SURFACE('',#4865,0.00551181102362205);
#4169=CYLINDRICAL_SURFACE('',#4867,0.00551181102362205);
#4170=CYLINDRICAL_SURFACE('',#4869,0.00551181102362205);
#4171=CYLINDRICAL_SURFACE('',#4876,0.00551181102362205);
#4172=CYLINDRICAL_SURFACE('',#4879,0.00551181102362205);
#4173=CYLINDRICAL_SURFACE('',#4882,0.00551181102362205);
#4174=CYLINDRICAL_SURFACE('',#4885,0.00551181102362205);
#4175=CYLINDRICAL_SURFACE('',#4887,0.00551181102362205);
#4176=CYLINDRICAL_SURFACE('',#4891,0.00433070866141732);
#4177=CYLINDRICAL_SURFACE('',#4893,0.00433070866141732);
#4178=CYLINDRICAL_SURFACE('',#4895,0.00433070866141733);
#4179=CYLINDRICAL_SURFACE('',#4899,0.00433070866141733);
#4180=CYLINDRICAL_SURFACE('',#4919,0.0078740157480315);
#4181=CYLINDRICAL_SURFACE('',#4924,0.00590551181102362);
#4182=CYLINDRICAL_SURFACE('',#4932,0.0078740157480315);
#4183=CYLINDRICAL_SURFACE('',#4937,0.00590551181102362);
#4184=CYLINDRICAL_SURFACE('',#4939,0.0078740157480315);
#4185=CYLINDRICAL_SURFACE('',#4941,0.0078740157480315);
#4186=CYLINDRICAL_SURFACE('',#4942,0.00393700787401575);
#4187=CYLINDRICAL_SURFACE('',#4945,0.00393700787401575);
#4188=CYLINDRICAL_SURFACE('',#4948,0.00393700787401575);
#4189=CYLINDRICAL_SURFACE('',#4950,0.00393700787401575);
#4190=CYLINDRICAL_SURFACE('',#4951,0.00590551181102362);
#4191=CYLINDRICAL_SURFACE('',#4954,0.00590551181102362);
#4192=CYLINDRICAL_SURFACE('',#4956,0.00590551181102362);
#4193=CYLINDRICAL_SURFACE('',#4959,0.00590551181102362);
#4194=CYLINDRICAL_SURFACE('',#4962,0.00590551181102362);
#4195=CYLINDRICAL_SURFACE('',#4964,0.00590551181102362);
#4196=CYLINDRICAL_SURFACE('',#4987,0.0413385826771654);
#4197=CYLINDRICAL_SURFACE('',#4997,0.0196850393700788);
#4198=CYLINDRICAL_SURFACE('',#5000,0.0196850393700788);
#4199=CYLINDRICAL_SURFACE('',#5003,0.0196850393700787);
#4200=CYLINDRICAL_SURFACE('',#5006,0.0196850393700787);
#4201=CYLINDRICAL_SURFACE('',#5013,0.0393700787401575);
#4202=CYLINDRICAL_SURFACE('',#5024,0.0015748031496063);
#4203=CYLINDRICAL_SURFACE('',#5028,0.00708661417322835);
#4204=CYLINDRICAL_SURFACE('',#5038,0.0015748031496063);
#4205=CYLINDRICAL_SURFACE('',#5042,0.00708661417322835);
#4206=STYLED_ITEM('',(#8417),#4451);
#4207=STYLED_ITEM('',(#8417),#4452);
#4208=STYLED_ITEM('',(#8417),#4453);
#4209=STYLED_ITEM('',(#8417),#4454);
#4210=STYLED_ITEM('',(#8417),#4455);
#4211=STYLED_ITEM('',(#8417),#4456);
#4212=STYLED_ITEM('',(#8417),#4457);
#4213=STYLED_ITEM('',(#8417),#4458);
#4214=STYLED_ITEM('',(#8417),#4459);
#4215=STYLED_ITEM('',(#8417),#4460);
#4216=STYLED_ITEM('',(#8417),#4461);
#4217=STYLED_ITEM('',(#8417),#4462);
#4218=STYLED_ITEM('',(#8417),#4463);
#4219=STYLED_ITEM('',(#8417),#4464);
#4220=STYLED_ITEM('',(#8417),#4465);
#4221=STYLED_ITEM('',(#8417),#4466);
#4222=STYLED_ITEM('',(#8417),#4467);
#4223=STYLED_ITEM('',(#8417),#4468);
#4224=STYLED_ITEM('',(#8417),#4469);
#4225=STYLED_ITEM('',(#8417),#4470);
#4226=STYLED_ITEM('',(#8417),#4471);
#4227=STYLED_ITEM('',(#8417),#4472);
#4228=STYLED_ITEM('',(#8417),#4473);
#4229=STYLED_ITEM('',(#8417),#4474);
#4230=STYLED_ITEM('',(#8417),#4475);
#4231=STYLED_ITEM('',(#8417),#4476);
#4232=STYLED_ITEM('',(#8417),#4477);
#4233=STYLED_ITEM('',(#8417),#4478);
#4234=STYLED_ITEM('',(#8417),#4479);
#4235=STYLED_ITEM('',(#8417),#4480);
#4236=STYLED_ITEM('',(#8417),#4481);
#4237=STYLED_ITEM('',(#8417),#4482);
#4238=STYLED_ITEM('',(#8417),#4483);
#4239=STYLED_ITEM('',(#8417),#4484);
#4240=STYLED_ITEM('',(#8417),#4485);
#4241=STYLED_ITEM('',(#8417),#4486);
#4242=STYLED_ITEM('',(#8417),#4487);
#4243=STYLED_ITEM('',(#8417),#4488);
#4244=STYLED_ITEM('',(#8417),#4489);
#4245=STYLED_ITEM('',(#8417),#4490);
#4246=STYLED_ITEM('',(#8417),#4491);
#4247=STYLED_ITEM('',(#8417),#4492);
#4248=STYLED_ITEM('',(#8417),#4493);
#4249=STYLED_ITEM('',(#8417),#4494);
#4250=STYLED_ITEM('',(#8417),#4495);
#4251=STYLED_ITEM('',(#8417),#4496);
#4252=STYLED_ITEM('',(#8417),#4497);
#4253=STYLED_ITEM('',(#8417),#4498);
#4254=STYLED_ITEM('',(#8417),#4499);
#4255=STYLED_ITEM('',(#8417),#4500);
#4256=STYLED_ITEM('',(#8417),#4501);
#4257=STYLED_ITEM('',(#8417),#4502);
#4258=STYLED_ITEM('',(#8417),#4503);
#4259=STYLED_ITEM('',(#8417),#4504);
#4260=STYLED_ITEM('',(#8417),#4505);
#4261=STYLED_ITEM('',(#8417),#4506);
#4262=STYLED_ITEM('',(#8417),#4507);
#4263=STYLED_ITEM('',(#8417),#4508);
#4264=STYLED_ITEM('',(#8417),#4509);
#4265=STYLED_ITEM('',(#8417),#4510);
#4266=STYLED_ITEM('',(#8417),#4511);
#4267=STYLED_ITEM('',(#8417),#4512);
#4268=STYLED_ITEM('',(#8417),#4513);
#4269=STYLED_ITEM('',(#8417),#4514);
#4270=STYLED_ITEM('',(#8417),#4515);
#4271=STYLED_ITEM('',(#8417),#4516);
#4272=STYLED_ITEM('',(#8417),#4517);
#4273=STYLED_ITEM('',(#8417),#4518);
#4274=STYLED_ITEM('',(#8417),#4519);
#4275=STYLED_ITEM('',(#8417),#4520);
#4276=STYLED_ITEM('',(#8417),#4521);
#4277=STYLED_ITEM('',(#8417),#4522);
#4278=STYLED_ITEM('',(#8417),#4523);
#4279=STYLED_ITEM('',(#8417),#4524);
#4280=STYLED_ITEM('',(#8417),#4525);
#4281=STYLED_ITEM('',(#8417),#4526);
#4282=STYLED_ITEM('',(#8417),#4527);
#4283=STYLED_ITEM('',(#8417),#4528);
#4284=STYLED_ITEM('',(#8416),#112);
#4285=STYLED_ITEM('',(#8418),#4529);
#4286=STYLED_ITEM('',(#8418),#4530);
#4287=STYLED_ITEM('',(#8418),#4531);
#4288=STYLED_ITEM('',(#8418),#4532);
#4289=STYLED_ITEM('',(#8418),#4533);
#4290=STYLED_ITEM('',(#8418),#4534);
#4291=STYLED_ITEM('',(#8418),#4535);
#4292=STYLED_ITEM('',(#8418),#4536);
#4293=STYLED_ITEM('',(#8418),#4537);
#4294=STYLED_ITEM('',(#8418),#4538);
#4295=STYLED_ITEM('',(#8418),#4539);
#4296=STYLED_ITEM('',(#8418),#4540);
#4297=STYLED_ITEM('',(#8418),#4541);
#4298=STYLED_ITEM('',(#8418),#4542);
#4299=STYLED_ITEM('',(#8418),#4543);
#4300=STYLED_ITEM('',(#8418),#4544);
#4301=STYLED_ITEM('',(#8418),#4545);
#4302=STYLED_ITEM('',(#8418),#4546);
#4303=STYLED_ITEM('',(#8418),#4547);
#4304=STYLED_ITEM('',(#8418),#4548);
#4305=STYLED_ITEM('',(#8418),#4549);
#4306=STYLED_ITEM('',(#8418),#4550);
#4307=STYLED_ITEM('',(#8418),#4551);
#4308=STYLED_ITEM('',(#8418),#4552);
#4309=STYLED_ITEM('',(#8418),#4553);
#4310=STYLED_ITEM('',(#8418),#4554);
#4311=STYLED_ITEM('',(#8418),#4555);
#4312=STYLED_ITEM('',(#8418),#4556);
#4313=STYLED_ITEM('',(#8418),#4557);
#4314=STYLED_ITEM('',(#8418),#4558);
#4315=STYLED_ITEM('',(#8418),#4559);
#4316=STYLED_ITEM('',(#8418),#4560);
#4317=STYLED_ITEM('',(#8418),#4561);
#4318=STYLED_ITEM('',(#8418),#4562);
#4319=STYLED_ITEM('',(#8418),#4563);
#4320=STYLED_ITEM('',(#8418),#4564);
#4321=STYLED_ITEM('',(#8418),#4565);
#4322=STYLED_ITEM('',(#8418),#4566);
#4323=STYLED_ITEM('',(#8418),#4567);
#4324=STYLED_ITEM('',(#8418),#4568);
#4325=STYLED_ITEM('',(#8418),#4569);
#4326=STYLED_ITEM('',(#8418),#4570);
#4327=STYLED_ITEM('',(#8418),#4571);
#4328=STYLED_ITEM('',(#8418),#4572);
#4329=STYLED_ITEM('',(#8418),#4573);
#4330=STYLED_ITEM('',(#8418),#4574);
#4331=STYLED_ITEM('',(#8418),#4575);
#4332=STYLED_ITEM('',(#8418),#4576);
#4333=STYLED_ITEM('',(#8418),#4577);
#4334=STYLED_ITEM('',(#8418),#4578);
#4335=STYLED_ITEM('',(#8418),#4579);
#4336=STYLED_ITEM('',(#8418),#4580);
#4337=STYLED_ITEM('',(#8418),#4581);
#4338=STYLED_ITEM('',(#8418),#4582);
#4339=STYLED_ITEM('',(#8418),#4583);
#4340=STYLED_ITEM('',(#8418),#4584);
#4341=STYLED_ITEM('',(#8418),#4585);
#4342=STYLED_ITEM('',(#8418),#4586);
#4343=STYLED_ITEM('',(#8418),#4587);
#4344=STYLED_ITEM('',(#8418),#4588);
#4345=STYLED_ITEM('',(#8418),#4589);
#4346=STYLED_ITEM('',(#8418),#4590);
#4347=STYLED_ITEM('',(#8418),#4591);
#4348=STYLED_ITEM('',(#8418),#4592);
#4349=STYLED_ITEM('',(#8418),#4593);
#4350=STYLED_ITEM('',(#8418),#4594);
#4351=STYLED_ITEM('',(#8418),#4595);
#4352=STYLED_ITEM('',(#8418),#4596);
#4353=STYLED_ITEM('',(#8418),#4597);
#4354=STYLED_ITEM('',(#8418),#4598);
#4355=STYLED_ITEM('',(#8418),#4599);
#4356=STYLED_ITEM('',(#8418),#4600);
#4357=STYLED_ITEM('',(#8418),#4601);
#4358=STYLED_ITEM('',(#8418),#4602);
#4359=STYLED_ITEM('',(#8418),#4603);
#4360=STYLED_ITEM('',(#8418),#4604);
#4361=STYLED_ITEM('',(#8418),#4605);
#4362=STYLED_ITEM('',(#8418),#4606);
#4363=STYLED_ITEM('',(#8418),#4607);
#4364=STYLED_ITEM('',(#8418),#4608);
#4365=STYLED_ITEM('',(#8418),#4609);
#4366=STYLED_ITEM('',(#8418),#4610);
#4367=STYLED_ITEM('',(#8418),#4611);
#4368=STYLED_ITEM('',(#8418),#4612);
#4369=STYLED_ITEM('',(#8418),#4613);
#4370=STYLED_ITEM('',(#8418),#4614);
#4371=STYLED_ITEM('',(#8418),#4615);
#4372=STYLED_ITEM('',(#8418),#4616);
#4373=STYLED_ITEM('',(#8418),#4617);
#4374=STYLED_ITEM('',(#8418),#4618);
#4375=STYLED_ITEM('',(#8418),#4619);
#4376=STYLED_ITEM('',(#8418),#4620);
#4377=STYLED_ITEM('',(#8418),#4621);
#4378=STYLED_ITEM('',(#8418),#4622);
#4379=STYLED_ITEM('',(#8418),#4623);
#4380=STYLED_ITEM('',(#8418),#4624);
#4381=STYLED_ITEM('',(#8418),#4625);
#4382=STYLED_ITEM('',(#8418),#4626);
#4383=STYLED_ITEM('',(#8418),#4627);
#4384=STYLED_ITEM('',(#8418),#4628);
#4385=STYLED_ITEM('',(#8418),#4629);
#4386=STYLED_ITEM('',(#8418),#4630);
#4387=STYLED_ITEM('',(#8418),#4631);
#4388=STYLED_ITEM('',(#8418),#4632);
#4389=STYLED_ITEM('',(#8418),#4633);
#4390=STYLED_ITEM('',(#8418),#4634);
#4391=STYLED_ITEM('',(#8418),#4635);
#4392=STYLED_ITEM('',(#8418),#4636);
#4393=STYLED_ITEM('',(#8418),#4637);
#4394=STYLED_ITEM('',(#8418),#4638);
#4395=STYLED_ITEM('',(#8418),#4639);
#4396=STYLED_ITEM('',(#8418),#4640);
#4397=STYLED_ITEM('',(#8418),#4641);
#4398=STYLED_ITEM('',(#8418),#4642);
#4399=STYLED_ITEM('',(#8418),#4643);
#4400=STYLED_ITEM('',(#8418),#4644);
#4401=STYLED_ITEM('',(#8418),#4645);
#4402=STYLED_ITEM('',(#8418),#4646);
#4403=STYLED_ITEM('',(#8418),#4647);
#4404=STYLED_ITEM('',(#8418),#4648);
#4405=STYLED_ITEM('',(#8418),#4649);
#4406=STYLED_ITEM('',(#8418),#4650);
#4407=STYLED_ITEM('',(#8418),#4651);
#4408=STYLED_ITEM('',(#8418),#4652);
#4409=STYLED_ITEM('',(#8418),#4653);
#4410=STYLED_ITEM('',(#8418),#4654);
#4411=STYLED_ITEM('',(#8418),#4655);
#4412=STYLED_ITEM('',(#8418),#4656);
#4413=STYLED_ITEM('',(#8418),#4657);
#4414=STYLED_ITEM('',(#8416),#113);
#4415=STYLED_ITEM('',(#8419),#4658);
#4416=STYLED_ITEM('',(#8419),#4659);
#4417=STYLED_ITEM('',(#8419),#4660);
#4418=STYLED_ITEM('',(#8419),#4661);
#4419=STYLED_ITEM('',(#8419),#4662);
#4420=STYLED_ITEM('',(#8419),#4663);
#4421=STYLED_ITEM('',(#8419),#4664);
#4422=STYLED_ITEM('',(#8419),#4665);
#4423=STYLED_ITEM('',(#8419),#4666);
#4424=STYLED_ITEM('',(#8419),#4667);
#4425=STYLED_ITEM('',(#8419),#4668);
#4426=STYLED_ITEM('',(#8419),#4669);
#4427=STYLED_ITEM('',(#8419),#4670);
#4428=STYLED_ITEM('',(#8416),#114);
#4429=STYLED_ITEM('',(#8420),#4671);
#4430=STYLED_ITEM('',(#8420),#4672);
#4431=STYLED_ITEM('',(#8420),#4673);
#4432=STYLED_ITEM('',(#8420),#4674);
#4433=STYLED_ITEM('',(#8420),#4675);
#4434=STYLED_ITEM('',(#8420),#4676);
#4435=STYLED_ITEM('',(#8420),#4677);
#4436=STYLED_ITEM('',(#8420),#4678);
#4437=STYLED_ITEM('',(#8420),#4679);
#4438=STYLED_ITEM('',(#8420),#4680);
#4439=STYLED_ITEM('',(#8416),#115);
#4440=STYLED_ITEM('',(#8420),#4681);
#4441=STYLED_ITEM('',(#8420),#4682);
#4442=STYLED_ITEM('',(#8420),#4683);
#4443=STYLED_ITEM('',(#8420),#4684);
#4444=STYLED_ITEM('',(#8420),#4685);
#4445=STYLED_ITEM('',(#8420),#4686);
#4446=STYLED_ITEM('',(#8420),#4687);
#4447=STYLED_ITEM('',(#8420),#4688);
#4448=STYLED_ITEM('',(#8420),#4689);
#4449=STYLED_ITEM('',(#8420),#4690);
#4450=STYLED_ITEM('',(#8416),#116);
#4451=ADVANCED_FACE('',(#281),#4149,.F.);
#4452=ADVANCED_FACE('',(#282),#125,.F.);
#4453=ADVANCED_FACE('',(#283),#4150,.F.);
#4454=ADVANCED_FACE('',(#284),#126,.F.);
#4455=ADVANCED_FACE('',(#285),#4151,.F.);
#4456=ADVANCED_FACE('',(#286),#127,.F.);
#4457=ADVANCED_FACE('',(#287),#4152,.F.);
#4458=ADVANCED_FACE('',(#288),#128,.F.);
#4459=ADVANCED_FACE('',(#289,#117,#118,#119),#129,.F.);
#4460=ADVANCED_FACE('',(#290),#4153,.F.);
#4461=ADVANCED_FACE('',(#291),#130,.F.);
#4462=ADVANCED_FACE('',(#292),#4154,.F.);
#4463=ADVANCED_FACE('',(#293),#131,.F.);
#4464=ADVANCED_FACE('',(#294),#4155,.F.);
#4465=ADVANCED_FACE('',(#295),#132,.F.);
#4466=ADVANCED_FACE('',(#296),#133,.T.);
#4467=ADVANCED_FACE('',(#297),#134,.T.);
#4468=ADVANCED_FACE('',(#298),#135,.T.);
#4469=ADVANCED_FACE('',(#299),#136,.T.);
#4470=ADVANCED_FACE('',(#300),#137,.F.);
#4471=ADVANCED_FACE('',(#301),#138,.T.);
#4472=ADVANCED_FACE('',(#302),#139,.T.);
#4473=ADVANCED_FACE('',(#303),#140,.T.);
#4474=ADVANCED_FACE('',(#304),#141,.T.);
#4475=ADVANCED_FACE('',(#305),#142,.T.);
#4476=ADVANCED_FACE('',(#306),#4156,.T.);
#4477=ADVANCED_FACE('',(#307),#4157,.T.);
#4478=ADVANCED_FACE('',(#308),#143,.T.);
#4479=ADVANCED_FACE('',(#309),#144,.F.);
#4480=ADVANCED_FACE('',(#310),#145,.T.);
#4481=ADVANCED_FACE('',(#311),#146,.F.);
#4482=ADVANCED_FACE('',(#312),#147,.F.);
#4483=ADVANCED_FACE('',(#313,#120),#148,.F.);
#4484=ADVANCED_FACE('',(#314),#149,.T.);
#4485=ADVANCED_FACE('',(#315),#150,.T.);
#4486=ADVANCED_FACE('',(#316),#151,.T.);
#4487=ADVANCED_FACE('',(#317),#4158,.T.);
#4488=ADVANCED_FACE('',(#318),#152,.F.);
#4489=ADVANCED_FACE('',(#319),#153,.F.);
#4490=ADVANCED_FACE('',(#320),#154,.T.);
#4491=ADVANCED_FACE('',(#321),#155,.T.);
#4492=ADVANCED_FACE('',(#322),#156,.T.);
#4493=ADVANCED_FACE('',(#323),#157,.F.);
#4494=ADVANCED_FACE('',(#324),#158,.F.);
#4495=ADVANCED_FACE('',(#325),#159,.F.);
#4496=ADVANCED_FACE('',(#326),#160,.F.);
#4497=ADVANCED_FACE('',(#327),#161,.F.);
#4498=ADVANCED_FACE('',(#328),#162,.T.);
#4499=ADVANCED_FACE('',(#329),#163,.F.);
#4500=ADVANCED_FACE('',(#330),#164,.F.);
#4501=ADVANCED_FACE('',(#331),#165,.F.);
#4502=ADVANCED_FACE('',(#332),#166,.T.);
#4503=ADVANCED_FACE('',(#333),#167,.F.);
#4504=ADVANCED_FACE('',(#334),#168,.F.);
#4505=ADVANCED_FACE('',(#335),#169,.F.);
#4506=ADVANCED_FACE('',(#336),#170,.F.);
#4507=ADVANCED_FACE('',(#337),#171,.F.);
#4508=ADVANCED_FACE('',(#338),#172,.F.);
#4509=ADVANCED_FACE('',(#339),#173,.F.);
#4510=ADVANCED_FACE('',(#340),#174,.F.);
#4511=ADVANCED_FACE('',(#341),#175,.F.);
#4512=ADVANCED_FACE('',(#342),#176,.F.);
#4513=ADVANCED_FACE('',(#343),#177,.F.);
#4514=ADVANCED_FACE('',(#344),#178,.F.);
#4515=ADVANCED_FACE('',(#345),#179,.T.);
#4516=ADVANCED_FACE('',(#346),#180,.F.);
#4517=ADVANCED_FACE('',(#347),#181,.F.);
#4518=ADVANCED_FACE('',(#348),#182,.F.);
#4519=ADVANCED_FACE('',(#349),#183,.F.);
#4520=ADVANCED_FACE('',(#350),#184,.F.);
#4521=ADVANCED_FACE('',(#351),#185,.F.);
#4522=ADVANCED_FACE('',(#352),#186,.F.);
#4523=ADVANCED_FACE('',(#353),#187,.F.);
#4524=ADVANCED_FACE('',(#354),#188,.F.);
#4525=ADVANCED_FACE('',(#355),#189,.F.);
#4526=ADVANCED_FACE('',(#356,#121),#190,.T.);
#4527=ADVANCED_FACE('',(#357),#191,.F.);
#4528=ADVANCED_FACE('',(#358),#4159,.T.);
#4529=ADVANCED_FACE('',(#359),#86,.T.);
#4530=ADVANCED_FACE('',(#360),#87,.T.);
#4531=ADVANCED_FACE('',(#361),#88,.F.);
#4532=ADVANCED_FACE('',(#362),#89,.T.);
#4533=ADVANCED_FACE('',(#363),#90,.T.);
#4534=ADVANCED_FACE('',(#364),#91,.T.);
#4535=ADVANCED_FACE('',(#365),#92,.T.);
#4536=ADVANCED_FACE('',(#366),#93,.T.);
#4537=ADVANCED_FACE('',(#367),#192,.F.);
#4538=ADVANCED_FACE('',(#368),#94,.F.);
#4539=ADVANCED_FACE('',(#369),#95,.T.);
#4540=ADVANCED_FACE('',(#370),#96,.T.);
#4541=ADVANCED_FACE('',(#371),#193,.F.);
#4542=ADVANCED_FACE('',(#372),#97,.F.);
#4543=ADVANCED_FACE('',(#373),#98,.F.);
#4544=ADVANCED_FACE('',(#374),#99,.F.);
#4545=ADVANCED_FACE('',(#375),#100,.F.);
#4546=ADVANCED_FACE('',(#376),#194,.T.);
#4547=ADVANCED_FACE('',(#377),#101,.F.);
#4548=ADVANCED_FACE('',(#378),#102,.F.);
#4549=ADVANCED_FACE('',(#379),#103,.F.);
#4550=ADVANCED_FACE('',(#380),#104,.F.);
#4551=ADVANCED_FACE('',(#381),#105,.T.);
#4552=ADVANCED_FACE('',(#382),#195,.T.);
#4553=ADVANCED_FACE('',(#383),#106,.F.);
#4554=ADVANCED_FACE('',(#384),#107,.F.);
#4555=ADVANCED_FACE('',(#385),#196,.T.);
#4556=ADVANCED_FACE('',(#386),#4160,.F.);
#4557=ADVANCED_FACE('',(#387),#197,.F.);
#4558=ADVANCED_FACE('',(#388),#4161,.F.);
#4559=ADVANCED_FACE('',(#389),#198,.T.);
#4560=ADVANCED_FACE('',(#390),#4162,.F.);
#4561=ADVANCED_FACE('',(#391),#199,.T.);
#4562=ADVANCED_FACE('',(#392),#4163,.F.);
#4563=ADVANCED_FACE('',(#393),#200,.F.);
#4564=ADVANCED_FACE('',(#394),#4164,.T.);
#4565=ADVANCED_FACE('',(#395),#201,.T.);
#4566=ADVANCED_FACE('',(#396),#202,.T.);
#4567=ADVANCED_FACE('',(#397),#4165,.T.);
#4568=ADVANCED_FACE('',(#398),#4166,.T.);
#4569=ADVANCED_FACE('',(#399),#203,.T.);
#4570=ADVANCED_FACE('',(#400),#4167,.T.);
#4571=ADVANCED_FACE('',(#401),#204,.T.);
#4572=ADVANCED_FACE('',(#402),#4168,.T.);
#4573=ADVANCED_FACE('',(#403),#4169,.T.);
#4574=ADVANCED_FACE('',(#404),#4170,.T.);
#4575=ADVANCED_FACE('',(#405),#205,.T.);
#4576=ADVANCED_FACE('',(#406),#206,.T.);
#4577=ADVANCED_FACE('',(#407),#4171,.T.);
#4578=ADVANCED_FACE('',(#408),#207,.F.);
#4579=ADVANCED_FACE('',(#409),#4172,.T.);
#4580=ADVANCED_FACE('',(#410),#208,.T.);
#4581=ADVANCED_FACE('',(#411),#4173,.T.);
#4582=ADVANCED_FACE('',(#412),#209,.T.);
#4583=ADVANCED_FACE('',(#413),#4174,.T.);
#4584=ADVANCED_FACE('',(#414),#4175,.T.);
#4585=ADVANCED_FACE('',(#415),#210,.F.);
#4586=ADVANCED_FACE('',(#416),#211,.F.);
#4587=ADVANCED_FACE('',(#417),#4176,.F.);
#4588=ADVANCED_FACE('',(#418),#4177,.F.);
#4589=ADVANCED_FACE('',(#419),#4178,.F.);
#4590=ADVANCED_FACE('',(#420),#212,.F.);
#4591=ADVANCED_FACE('',(#421),#213,.F.);
#4592=ADVANCED_FACE('',(#422),#4179,.F.);
#4593=ADVANCED_FACE('',(#423),#214,.F.);
#4594=ADVANCED_FACE('',(#424),#215,.T.);
#4595=ADVANCED_FACE('',(#425),#216,.T.);
#4596=ADVANCED_FACE('',(#426),#108,.T.);
#4597=ADVANCED_FACE('',(#427),#217,.T.);
#4598=ADVANCED_FACE('',(#428),#218,.F.);
#4599=ADVANCED_FACE('',(#429),#219,.F.);
#4600=ADVANCED_FACE('',(#430),#220,.F.);
#4601=ADVANCED_FACE('',(#431),#109,.F.);
#4602=ADVANCED_FACE('',(#432),#221,.F.);
#4603=ADVANCED_FACE('',(#433),#222,.T.);
#4604=ADVANCED_FACE('',(#434),#223,.F.);
#4605=ADVANCED_FACE('',(#435),#224,.F.);
#4606=ADVANCED_FACE('',(#436),#110,.F.);
#4607=ADVANCED_FACE('',(#437),#225,.F.);
#4608=ADVANCED_FACE('',(#438),#111,.T.);
#4609=ADVANCED_FACE('',(#439),#226,.T.);
#4610=ADVANCED_FACE('',(#440),#227,.T.);
#4611=ADVANCED_FACE('',(#441),#4180,.T.);
#4612=ADVANCED_FACE('',(#442),#228,.F.);
#4613=ADVANCED_FACE('',(#443),#4181,.F.);
#4614=ADVANCED_FACE('',(#444,#122),#229,.T.);
#4615=ADVANCED_FACE('',(#445),#4182,.T.);
#4616=ADVANCED_FACE('',(#446),#230,.F.);
#4617=ADVANCED_FACE('',(#447),#4183,.F.);
#4618=ADVANCED_FACE('',(#448),#4184,.T.);
#4619=ADVANCED_FACE('',(#449),#4185,.T.);
#4620=ADVANCED_FACE('',(#450),#4186,.F.);
#4621=ADVANCED_FACE('',(#451),#231,.T.);
#4622=ADVANCED_FACE('',(#452),#4187,.F.);
#4623=ADVANCED_FACE('',(#453),#232,.T.);
#4624=ADVANCED_FACE('',(#454),#4188,.F.);
#4625=ADVANCED_FACE('',(#455),#4189,.F.);
#4626=ADVANCED_FACE('',(#456),#4190,.F.);
#4627=ADVANCED_FACE('',(#457),#233,.F.);
#4628=ADVANCED_FACE('',(#458),#4191,.F.);
#4629=ADVANCED_FACE('',(#459),#4192,.F.);
#4630=ADVANCED_FACE('',(#460),#234,.F.);
#4631=ADVANCED_FACE('',(#461),#4193,.F.);
#4632=ADVANCED_FACE('',(#462),#235,.F.);
#4633=ADVANCED_FACE('',(#463),#4194,.F.);
#4634=ADVANCED_FACE('',(#464),#4195,.F.);
#4635=ADVANCED_FACE('',(#465),#236,.F.);
#4636=ADVANCED_FACE('',(#466),#237,.F.);
#4637=ADVANCED_FACE('',(#467),#238,.F.);
#4638=ADVANCED_FACE('',(#468),#239,.F.);
#4639=ADVANCED_FACE('',(#469),#240,.F.);
#4640=ADVANCED_FACE('',(#470),#241,.T.);
#4641=ADVANCED_FACE('',(#471),#242,.F.);
#4642=ADVANCED_FACE('',(#472),#243,.F.);
#4643=ADVANCED_FACE('',(#473),#244,.F.);
#4644=ADVANCED_FACE('',(#474),#245,.F.);
#4645=ADVANCED_FACE('',(#475),#246,.F.);
#4646=ADVANCED_FACE('',(#476),#247,.F.);
#4647=ADVANCED_FACE('',(#477),#248,.F.);
#4648=ADVANCED_FACE('',(#478),#249,.F.);
#4649=ADVANCED_FACE('',(#479),#250,.T.);
#4650=ADVANCED_FACE('',(#480),#251,.T.);
#4651=ADVANCED_FACE('',(#481),#252,.T.);
#4652=ADVANCED_FACE('',(#482),#253,.F.);
#4653=ADVANCED_FACE('',(#483),#254,.T.);
#4654=ADVANCED_FACE('',(#484,#123),#255,.F.);
#4655=ADVANCED_FACE('',(#485),#4196,.F.);
#4656=ADVANCED_FACE('',(#486),#256,.T.);
#4657=ADVANCED_FACE('',(#487),#257,.T.);
#4658=ADVANCED_FACE('',(#488,#124),#258,.T.);
#4659=ADVANCED_FACE('',(#489),#259,.T.);
#4660=ADVANCED_FACE('',(#490),#4197,.T.);
#4661=ADVANCED_FACE('',(#491),#260,.T.);
#4662=ADVANCED_FACE('',(#492),#4198,.T.);
#4663=ADVANCED_FACE('',(#493),#261,.T.);
#4664=ADVANCED_FACE('',(#494),#4199,.T.);
#4665=ADVANCED_FACE('',(#495),#262,.T.);
#4666=ADVANCED_FACE('',(#496),#4200,.T.);
#4667=ADVANCED_FACE('',(#497),#263,.F.);
#4668=ADVANCED_FACE('',(#498),#13,.T.);
#4669=ADVANCED_FACE('',(#499),#4201,.T.);
#4670=ADVANCED_FACE('',(#500),#264,.F.);
#4671=ADVANCED_FACE('',(#501),#265,.F.);
#4672=ADVANCED_FACE('',(#502),#266,.T.);
#4673=ADVANCED_FACE('',(#503),#267,.T.);
#4674=ADVANCED_FACE('',(#504),#268,.F.);
#4675=ADVANCED_FACE('',(#505),#269,.T.);
#4676=ADVANCED_FACE('',(#506),#4202,.F.);
#4677=ADVANCED_FACE('',(#507),#270,.T.);
#4678=ADVANCED_FACE('',(#508),#271,.T.);
#4679=ADVANCED_FACE('',(#509),#272,.T.);
#4680=ADVANCED_FACE('',(#510),#4203,.T.);
#4681=ADVANCED_FACE('',(#511),#273,.F.);
#4682=ADVANCED_FACE('',(#512),#274,.T.);
#4683=ADVANCED_FACE('',(#513),#275,.T.);
#4684=ADVANCED_FACE('',(#514),#276,.F.);
#4685=ADVANCED_FACE('',(#515),#277,.T.);
#4686=ADVANCED_FACE('',(#516),#4204,.F.);
#4687=ADVANCED_FACE('',(#517),#278,.T.);
#4688=ADVANCED_FACE('',(#518),#279,.T.);
#4689=ADVANCED_FACE('',(#519),#280,.T.);
#4690=ADVANCED_FACE('',(#520),#4205,.T.);
#4691=CLOSED_SHELL('',(#4451,#4452,#4453,#4454,#4455,#4456,#4457,#4458,
#4459,#4460,#4461,#4462,#4463,#4464,#4465,#4466,#4467,#4468,#4469,#4470,
#4471,#4472,#4473,#4474,#4475,#4476,#4477,#4478,#4479,#4480,#4481,#4482,
#4483,#4484,#4485,#4486,#4487,#4488,#4489,#4490,#4491,#4492,#4493,#4494,
#4495,#4496,#4497,#4498,#4499,#4500,#4501,#4502,#4503,#4504,#4505,#4506,
#4507,#4508,#4509,#4510,#4511,#4512,#4513,#4514,#4515,#4516,#4517,#4518,
#4519,#4520,#4521,#4522,#4523,#4524,#4525,#4526,#4527,#4528));
#4692=CLOSED_SHELL('',(#4529,#4530,#4531,#4532,#4533,#4534,#4535,#4536,
#4537,#4538,#4539,#4540,#4541,#4542,#4543,#4544,#4545,#4546,#4547,#4548,
#4549,#4550,#4551,#4552,#4553,#4554,#4555,#4556,#4557,#4558,#4559,#4560,
#4561,#4562,#4563,#4564,#4565,#4566,#4567,#4568,#4569,#4570,#4571,#4572,
#4573,#4574,#4575,#4576,#4577,#4578,#4579,#4580,#4581,#4582,#4583,#4584,
#4585,#4586,#4587,#4588,#4589,#4590,#4591,#4592,#4593,#4594,#4595,#4596,
#4597,#4598,#4599,#4600,#4601,#4602,#4603,#4604,#4605,#4606,#4607,#4608,
#4609,#4610,#4611,#4612,#4613,#4614,#4615,#4616,#4617,#4618,#4619,#4620,
#4621,#4622,#4623,#4624,#4625,#4626,#4627,#4628,#4629,#4630,#4631,#4632,
#4633,#4634,#4635,#4636,#4637,#4638,#4639,#4640,#4641,#4642,#4643,#4644,
#4645,#4646,#4647,#4648,#4649,#4650,#4651,#4652,#4653,#4654,#4655,#4656,
#4657));
#4693=CLOSED_SHELL('',(#4658,#4659,#4660,#4661,#4662,#4663,#4664,#4665,
#4666,#4667,#4668,#4669,#4670));
#4694=CLOSED_SHELL('',(#4671,#4672,#4673,#4674,#4675,#4676,#4677,#4678,
#4679,#4680));
#4695=CLOSED_SHELL('',(#4681,#4682,#4683,#4684,#4685,#4686,#4687,#4688,
#4689,#4690));
#4696=DERIVED_UNIT_ELEMENT(#4698,1.);
#4697=DERIVED_UNIT_ELEMENT(#8401,3.);
#4698=(
MASS_UNIT()
NAMED_UNIT(*)
SI_UNIT($,.GRAM.)
);
#4699=DERIVED_UNIT((#4696,#4697));
#4700=MEASURE_REPRESENTATION_ITEM('density measure',
POSITIVE_RATIO_MEASURE(1.),#4699);
#4701=PROPERTY_DEFINITION_REPRESENTATION(#4706,#4703);
#4702=PROPERTY_DEFINITION_REPRESENTATION(#4707,#4704);
#4703=REPRESENTATION('material name',(#4705),#8396);
#4704=REPRESENTATION('density',(#4700),#8396);
#4705=DESCRIPTIVE_REPRESENTATION_ITEM('Generic','Generic');
#4706=PROPERTY_DEFINITION('material property','material name',#8409);
#4707=PROPERTY_DEFINITION('material property','density of part',#8409);
#4708=DATE_TIME_ROLE('creation_date');
#4709=APPLIED_DATE_AND_TIME_ASSIGNMENT(#4710,#4708,(#8409));
#4710=DATE_AND_TIME(#4711,#4712);
#4711=CALENDAR_DATE(2022,18,7);
#4712=LOCAL_TIME(22,4,54.,#4713);
#4713=COORDINATED_UNIVERSAL_TIME_OFFSET(0,0,.BEHIND.);
#4714=AXIS2_PLACEMENT_3D('placement',#6172,#5043,#5044);
#4715=AXIS2_PLACEMENT_3D('',#6173,#5045,#5046);
#4716=AXIS2_PLACEMENT_3D('',#6176,#5047,#5048);
#4717=AXIS2_PLACEMENT_3D('',#6180,#5050,#5051);
#4718=AXIS2_PLACEMENT_3D('',#6182,#5053,#5054);
#4719=AXIS2_PLACEMENT_3D('',#6188,#5058,#5059);
#4720=AXIS2_PLACEMENT_3D('',#6190,#5060,#5061);
#4721=AXIS2_PLACEMENT_3D('',#6193,#5063,#5064);
#4722=AXIS2_PLACEMENT_3D('',#6194,#5065,#5066);
#4723=AXIS2_PLACEMENT_3D('',#6200,#5070,#5071);
#4724=AXIS2_PLACEMENT_3D('',#6202,#5072,#5073);
#4725=AXIS2_PLACEMENT_3D('',#6205,#5075,#5076);
#4726=AXIS2_PLACEMENT_3D('',#6206,#5077,#5078);
#4727=AXIS2_PLACEMENT_3D('',#6212,#5082,#5083);
#4728=AXIS2_PLACEMENT_3D('',#6214,#5084,#5085);
#4729=AXIS2_PLACEMENT_3D('',#6217,#5087,#5088);
#4730=AXIS2_PLACEMENT_3D('',#6218,#5089,#5090);
#4731=AXIS2_PLACEMENT_3D('',#6221,#5093,#5094);
#4732=AXIS2_PLACEMENT_3D('',#6223,#5095,#5096);
#4733=AXIS2_PLACEMENT_3D('',#6225,#5097,#5098);
#4734=AXIS2_PLACEMENT_3D('',#6227,#5099,#5100);
#4735=AXIS2_PLACEMENT_3D('',#6228,#5101,#5102);
#4736=AXIS2_PLACEMENT_3D('',#6231,#5104,#5105);
#4737=AXIS2_PLACEMENT_3D('',#6232,#5106,#5107);
#4738=AXIS2_PLACEMENT_3D('',#6233,#5108,#5109);
#4739=AXIS2_PLACEMENT_3D('',#6236,#5111,#5112);
#4740=AXIS2_PLACEMENT_3D('',#6237,#5113,#5114);
#4741=AXIS2_PLACEMENT_3D('',#6238,#5115,#5116);
#4742=AXIS2_PLACEMENT_3D('',#6241,#5118,#5119);
#4743=AXIS2_PLACEMENT_3D('',#6242,#5120,#5121);
#4744=AXIS2_PLACEMENT_3D('',#6243,#5122,#5123);
#4745=AXIS2_PLACEMENT_3D('',#6252,#5128,#5129);
#4746=AXIS2_PLACEMENT_3D('',#6261,#5134,#5135);
#4747=AXIS2_PLACEMENT_3D('',#6270,#5140,#5141);
#4748=AXIS2_PLACEMENT_3D('',#6278,#5147,#5148);
#4749=AXIS2_PLACEMENT_3D('',#6284,#5152,#5153);
#4750=AXIS2_PLACEMENT_3D('',#6290,#5157,#5158);
#4751=AXIS2_PLACEMENT_3D('',#6294,#5160,#5161);
#4752=AXIS2_PLACEMENT_3D('',#6298,#5164,#5165);
#4753=AXIS2_PLACEMENT_3D('',#6302,#5168,#5169);
#4754=AXIS2_PLACEMENT_3D('',#6308,#5173,#5174);
#4755=AXIS2_PLACEMENT_3D('',#6310,#5176,#5177);
#4756=AXIS2_PLACEMENT_3D('',#6312,#5178,#5179);
#4757=AXIS2_PLACEMENT_3D('',#6314,#5180,#5181);
#4758=AXIS2_PLACEMENT_3D('',#6316,#5183,#5184);
#4759=AXIS2_PLACEMENT_3D('',#6318,#5185,#5186);
#4760=AXIS2_PLACEMENT_3D('',#6320,#5188,#5189);
#4761=AXIS2_PLACEMENT_3D('',#6329,#5194,#5195);
#4762=AXIS2_PLACEMENT_3D('',#6335,#5199,#5200);
#4763=AXIS2_PLACEMENT_3D('',#6363,#5215,#5216);
#4764=AXIS2_PLACEMENT_3D('',#6369,#5220,#5221);
#4765=AXIS2_PLACEMENT_3D('',#6371,#5223,#5224);
#4766=AXIS2_PLACEMENT_3D('',#6397,#5239,#5240);
#4767=AXIS2_PLACEMENT_3D('',#6400,#5241,#5242);
#4768=AXIS2_PLACEMENT_3D('',#6410,#5248,#5249);
#4769=AXIS2_PLACEMENT_3D('',#6413,#5252,#5253);
#4770=AXIS2_PLACEMENT_3D('',#6430,#5263,#5264);
#4771=AXIS2_PLACEMENT_3D('',#6432,#5265,#5266);
#4772=AXIS2_PLACEMENT_3D('',#6434,#5268,#5269);
#4773=AXIS2_PLACEMENT_3D('',#6445,#5276,#5277);
#4774=AXIS2_PLACEMENT_3D('',#6449,#5280,#5281);
#4775=AXIS2_PLACEMENT_3D('',#6453,#5284,#5285);
#4776=AXIS2_PLACEMENT_3D('',#6457,#5288,#5289);
#4777=AXIS2_PLACEMENT_3D('',#6458,#5290,#5291);
#4778=AXIS2_PLACEMENT_3D('',#6460,#5293,#5294);
#4779=AXIS2_PLACEMENT_3D('',#6461,#5295,#5296);
#4780=AXIS2_PLACEMENT_3D('',#6463,#5298,#5299);
#4781=AXIS2_PLACEMENT_3D('',#6472,#5304,#5305);
#4782=AXIS2_PLACEMENT_3D('',#6475,#5308,#5309);
#4783=AXIS2_PLACEMENT_3D('',#6478,#5312,#5313);
#4784=AXIS2_PLACEMENT_3D('',#6479,#5314,#5315);
#4785=AXIS2_PLACEMENT_3D('',#6485,#5319,#5320);
#4786=AXIS2_PLACEMENT_3D('',#6491,#5324,#5325);
#4787=AXIS2_PLACEMENT_3D('',#6494,#5328,#5329);
#4788=AXIS2_PLACEMENT_3D('',#6495,#5330,#5331);
#4789=AXIS2_PLACEMENT_3D('',#6504,#5336,#5337);
#4790=AXIS2_PLACEMENT_3D('',#6510,#5341,#5342);
#4791=AXIS2_PLACEMENT_3D('',#6516,#5346,#5347);
#4792=AXIS2_PLACEMENT_3D('',#6522,#5351,#5352);
#4793=AXIS2_PLACEMENT_3D('',#6528,#5356,#5357);
#4794=AXIS2_PLACEMENT_3D('',#6534,#5361,#5362);
#4795=AXIS2_PLACEMENT_3D('',#6540,#5366,#5367);
#4796=AXIS2_PLACEMENT_3D('',#6546,#5371,#5372);
#4797=AXIS2_PLACEMENT_3D('',#6552,#5376,#5377);
#4798=AXIS2_PLACEMENT_3D('',#6558,#5381,#5382);
#4799=AXIS2_PLACEMENT_3D('',#6564,#5386,#5387);
#4800=AXIS2_PLACEMENT_3D('',#6567,#5390,#5391);
#4801=AXIS2_PLACEMENT_3D('',#6568,#5392,#5393);
#4802=AXIS2_PLACEMENT_3D('',#6574,#5397,#5398);
#4803=AXIS2_PLACEMENT_3D('',#6576,#5400,#5401);
#4804=AXIS2_PLACEMENT_3D('',#6578,#5403,#5404);
#4805=AXIS2_PLACEMENT_3D('',#6579,#5405,#5406);
#4806=AXIS2_PLACEMENT_3D('',#6583,#5409,#5410);
#4807=AXIS2_PLACEMENT_3D('',#6587,#5413,#5414);
#4808=AXIS2_PLACEMENT_3D('',#6589,#5416,#5417);
#4809=AXIS2_PLACEMENT_3D('',#6590,#5418,#5419);
#4810=AXIS2_PLACEMENT_3D('',#6592,#5421,#5422);
#4811=AXIS2_PLACEMENT_3D('',#6593,#5423,#5424);
#4812=AXIS2_PLACEMENT_3D('',#6595,#5426,#5427);
#4813=AXIS2_PLACEMENT_3D('',#6596,#5428,#5429);
#4814=AXIS2_PLACEMENT_3D('',#6597,#5430,#5431);
#4815=AXIS2_PLACEMENT_3D('',#6643,#5432,#5433);
#4816=AXIS2_PLACEMENT_3D('',#6689,#5436,#5437);
#4817=AXIS2_PLACEMENT_3D('',#6779,#5441,#5442);
#4818=AXIS2_PLACEMENT_3D('',#6947,#5444,#5445);
#4819=AXIS2_PLACEMENT_3D('',#6951,#5447,#5448);
#4820=AXIS2_PLACEMENT_3D('',#6955,#5450,#5451);
#4821=AXIS2_PLACEMENT_3D('',#6958,#5453,#5454);
#4822=AXIS2_PLACEMENT_3D('',#7155,#5457,#5458);
#4823=AXIS2_PLACEMENT_3D('',#7159,#5460,#5461);
#4824=AXIS2_PLACEMENT_3D('',#7163,#5463,#5464);
#4825=AXIS2_PLACEMENT_3D('',#7166,#5466,#5467);
#4826=AXIS2_PLACEMENT_3D('',#7270,#5470,#5471);
#4827=AXIS2_PLACEMENT_3D('',#7301,#5472,#5473);
#4828=AXIS2_PLACEMENT_3D('',#7302,#5474,#5475);
#4829=AXIS2_PLACEMENT_3D('',#7309,#5479,#5480);
#4830=AXIS2_PLACEMENT_3D('',#7316,#5484,#5485);
#4831=AXIS2_PLACEMENT_3D('',#7341,#5486,#5487);
#4832=AXIS2_PLACEMENT_3D('',#7413,#5488,#5489);
#4833=AXIS2_PLACEMENT_3D('',#7457,#5490,#5491);
#4834=AXIS2_PLACEMENT_3D('',#7485,#5494,#5495);
#4835=AXIS2_PLACEMENT_3D('',#7489,#5497,#5498);
#4836=AXIS2_PLACEMENT_3D('',#7495,#5501,#5502);
#4837=AXIS2_PLACEMENT_3D('',#7522,#5506,#5507);
#4838=AXIS2_PLACEMENT_3D('',#7547,#5508,#5509);
#4839=AXIS2_PLACEMENT_3D('',#7548,#5510,#5511);
#4840=AXIS2_PLACEMENT_3D('',#7550,#5512,#5513);
#4841=AXIS2_PLACEMENT_3D('',#7557,#5517,#5518);
#4842=AXIS2_PLACEMENT_3D('',#7561,#5521,#5522);
#4843=AXIS2_PLACEMENT_3D('',#7582,#5525,#5526);
#4844=AXIS2_PLACEMENT_3D('',#7586,#5529,#5530);
#4845=AXIS2_PLACEMENT_3D('',#7607,#5533,#5534);
#4846=AXIS2_PLACEMENT_3D('',#7611,#5537,#5538);
#4847=AXIS2_PLACEMENT_3D('',#7630,#5540,#5541);
#4848=AXIS2_PLACEMENT_3D('',#7634,#5544,#5545);
#4849=AXIS2_PLACEMENT_3D('',#7655,#5548,#5549);
#4850=AXIS2_PLACEMENT_3D('',#7659,#5552,#5553);
#4851=AXIS2_PLACEMENT_3D('',#7661,#5554,#5555);
#4852=AXIS2_PLACEMENT_3D('',#7663,#5556,#5557);
#4853=AXIS2_PLACEMENT_3D('',#7665,#5559,#5560);
#4854=AXIS2_PLACEMENT_3D('',#7669,#5562,#5563);
#4855=AXIS2_PLACEMENT_3D('',#7673,#5565,#5566);
#4856=AXIS2_PLACEMENT_3D('',#7675,#5568,#5569);
#4857=AXIS2_PLACEMENT_3D('',#7679,#5572,#5573);
#4858=AXIS2_PLACEMENT_3D('',#7681,#5574,#5575);
#4859=AXIS2_PLACEMENT_3D('',#7683,#5577,#5578);
#4860=AXIS2_PLACEMENT_3D('',#7686,#5579,#5580);
#4861=AXIS2_PLACEMENT_3D('',#7689,#5583,#5584);
#4862=AXIS2_PLACEMENT_3D('',#7695,#5588,#5589);
#4863=AXIS2_PLACEMENT_3D('',#7698,#5590,#5591);
#4864=AXIS2_PLACEMENT_3D('',#7701,#5594,#5595);
#4865=AXIS2_PLACEMENT_3D('',#7705,#5598,#5599);
#4866=AXIS2_PLACEMENT_3D('',#7707,#5600,#5601);
#4867=AXIS2_PLACEMENT_3D('',#7709,#5603,#5604);
#4868=AXIS2_PLACEMENT_3D('',#7712,#5606,#5607);
#4869=AXIS2_PLACEMENT_3D('',#7713,#5608,#5609);
#4870=AXIS2_PLACEMENT_3D('',#7715,#5610,#5611);
#4871=AXIS2_PLACEMENT_3D('',#7717,#5612,#5613);
#4872=AXIS2_PLACEMENT_3D('',#7719,#5615,#5616);
#4873=AXIS2_PLACEMENT_3D('',#7725,#5620,#5621);
#4874=AXIS2_PLACEMENT_3D('',#7731,#5624,#5625);
#4875=AXIS2_PLACEMENT_3D('',#7734,#5627,#5628);
#4876=AXIS2_PLACEMENT_3D('',#7735,#5629,#5630);
#4877=AXIS2_PLACEMENT_3D('',#7737,#5631,#5632);
#4878=AXIS2_PLACEMENT_3D('',#7739,#5634,#5635);
#4879=AXIS2_PLACEMENT_3D('',#7743,#5638,#5639);
#4880=AXIS2_PLACEMENT_3D('',#7746,#5641,#5642);
#4881=AXIS2_PLACEMENT_3D('',#7747,#5643,#5644);
#4882=AXIS2_PLACEMENT_3D('',#7752,#5648,#5649);
#4883=AXIS2_PLACEMENT_3D('',#7755,#5650,#5651);
#4884=AXIS2_PLACEMENT_3D('',#7758,#5654,#5655);
#4885=AXIS2_PLACEMENT_3D('',#7762,#5658,#5659);
#4886=AXIS2_PLACEMENT_3D('',#7764,#5660,#5661);
#4887=AXIS2_PLACEMENT_3D('',#7766,#5663,#5664);
#4888=AXIS2_PLACEMENT_3D('',#7769,#5666,#5667);
#4889=AXIS2_PLACEMENT_3D('',#7770,#5668,#5669);
#4890=AXIS2_PLACEMENT_3D('',#7776,#5673,#5674);
#4891=AXIS2_PLACEMENT_3D('',#7782,#5678,#5679);
#4892=AXIS2_PLACEMENT_3D('',#7784,#5680,#5681);
#4893=AXIS2_PLACEMENT_3D('',#7786,#5683,#5684);
#4894=AXIS2_PLACEMENT_3D('',#7787,#5685,#5686);
#4895=AXIS2_PLACEMENT_3D('',#7788,#5687,#5688);
#4896=AXIS2_PLACEMENT_3D('',#7792,#5690,#5691);
#4897=AXIS2_PLACEMENT_3D('',#7794,#5693,#5694);
#4898=AXIS2_PLACEMENT_3D('',#7798,#5697,#5698);
#4899=AXIS2_PLACEMENT_3D('',#7804,#5702,#5703);
#4900=AXIS2_PLACEMENT_3D('',#7805,#5704,#5705);
#4901=AXIS2_PLACEMENT_3D('',#7806,#5706,#5707);
#4902=AXIS2_PLACEMENT_3D('',#7808,#5709,#5710);
#4903=AXIS2_PLACEMENT_3D('',#7824,#5719,#5720);
#4904=AXIS2_PLACEMENT_3D('',#7826,#5721,#5722);
#4905=AXIS2_PLACEMENT_3D('',#7831,#5725,#5726);
#4906=AXIS2_PLACEMENT_3D('',#7850,#5729,#5730);
#4907=AXIS2_PLACEMENT_3D('',#7852,#5732,#5733);
#4908=AXIS2_PLACEMENT_3D('',#7853,#5734,#5735);
#4909=AXIS2_PLACEMENT_3D('',#7855,#5737,#5738);
#4910=AXIS2_PLACEMENT_3D('',#7883,#5746,#5747);
#4911=AXIS2_PLACEMENT_3D('',#7884,#5748,#5749);
#4912=AXIS2_PLACEMENT_3D('',#7892,#5755,#5756);
#4913=AXIS2_PLACEMENT_3D('',#7894,#5758,#5759);
#4914=AXIS2_PLACEMENT_3D('',#7916,#5764,#5765);
#4915=AXIS2_PLACEMENT_3D('',#7933,#5766,#5767);
#4916=AXIS2_PLACEMENT_3D('',#7934,#5768,#5769);
#4917=AXIS2_PLACEMENT_3D('',#7936,#5770,#5771);
#4918=AXIS2_PLACEMENT_3D('',#7941,#5774,#5775);
#4919=AXIS2_PLACEMENT_3D('',#7942,#5776,#5777);
#4920=AXIS2_PLACEMENT_3D('',#7945,#5778,#5779);
#4921=AXIS2_PLACEMENT_3D('',#7949,#5781,#5782);
#4922=AXIS2_PLACEMENT_3D('',#7981,#5784,#5785);
#4923=AXIS2_PLACEMENT_3D('',#7987,#5788,#5789);
#4924=AXIS2_PLACEMENT_3D('',#7993,#5793,#5794);
#4925=AXIS2_PLACEMENT_3D('',#7996,#5796,#5797);
#4926=AXIS2_PLACEMENT_3D('',#7997,#5798,#5799);
#4927=AXIS2_PLACEMENT_3D('',#8001,#5801,#5802);
#4928=AXIS2_PLACEMENT_3D('',#8015,#5810,#5811);
#4929=AXIS2_PLACEMENT_3D('',#8023,#5815,#5816);
#4930=AXIS2_PLACEMENT_3D('',#8038,#5824,#5825);
#4931=AXIS2_PLACEMENT_3D('',#8041,#5827,#5828);
#4932=AXIS2_PLACEMENT_3D('',#8042,#5829,#5830);
#4933=AXIS2_PLACEMENT_3D('',#8045,#5831,#5832);
#4934=AXIS2_PLACEMENT_3D('',#8049,#5834,#5835);
#4935=AXIS2_PLACEMENT_3D('',#8078,#5836,#5837);
#4936=AXIS2_PLACEMENT_3D('',#8084,#5840,#5841);
#4937=AXIS2_PLACEMENT_3D('',#8090,#5845,#5846);
#4938=AXIS2_PLACEMENT_3D('',#8093,#5848,#5849);
#4939=AXIS2_PLACEMENT_3D('',#8094,#5850,#5851);
#4940=AXIS2_PLACEMENT_3D('',#8095,#5852,#5853);
#4941=AXIS2_PLACEMENT_3D('',#8096,#5854,#5855);
#4942=AXIS2_PLACEMENT_3D('',#8097,#5856,#5857);
#4943=AXIS2_PLACEMENT_3D('',#8100,#5858,#5859);
#4944=AXIS2_PLACEMENT_3D('',#8103,#5862,#5863);
#4945=AXIS2_PLACEMENT_3D('',#8107,#5866,#5867);
#4946=AXIS2_PLACEMENT_3D('',#8110,#5868,#5869);
#4947=AXIS2_PLACEMENT_3D('',#8113,#5872,#5873);
#4948=AXIS2_PLACEMENT_3D('',#8117,#5876,#5877);
#4949=AXIS2_PLACEMENT_3D('',#8120,#5879,#5880);
#4950=AXIS2_PLACEMENT_3D('',#8121,#5881,#5882);
#4951=AXIS2_PLACEMENT_3D('',#8123,#5884,#5885);
#4952=AXIS2_PLACEMENT_3D('',#8127,#5887,#5888);
#4953=AXIS2_PLACEMENT_3D('',#8129,#5890,#5891);
#4954=AXIS2_PLACEMENT_3D('',#8133,#5894,#5895);
#4955=AXIS2_PLACEMENT_3D('',#8136,#5897,#5898);
#4956=AXIS2_PLACEMENT_3D('',#8137,#5899,#5900);
#4957=AXIS2_PLACEMENT_3D('',#8141,#5902,#5903);
#4958=AXIS2_PLACEMENT_3D('',#8143,#5905,#5906);
#4959=AXIS2_PLACEMENT_3D('',#8147,#5909,#5910);
#4960=AXIS2_PLACEMENT_3D('',#8151,#5912,#5913);
#4961=AXIS2_PLACEMENT_3D('',#8153,#5915,#5916);
#4962=AXIS2_PLACEMENT_3D('',#8157,#5919,#5920);
#4963=AXIS2_PLACEMENT_3D('',#8160,#5922,#5923);
#4964=AXIS2_PLACEMENT_3D('',#8161,#5924,#5925);
#4965=AXIS2_PLACEMENT_3D('',#8165,#5927,#5928);
#4966=AXIS2_PLACEMENT_3D('',#8167,#5930,#5931);
#4967=AXIS2_PLACEMENT_3D('',#8171,#5934,#5935);
#4968=AXIS2_PLACEMENT_3D('',#8175,#5938,#5939);
#4969=AXIS2_PLACEMENT_3D('',#8181,#5943,#5944);
#4970=AXIS2_PLACEMENT_3D('',#8185,#5947,#5948);
#4971=AXIS2_PLACEMENT_3D('',#8189,#5951,#5952);
#4972=AXIS2_PLACEMENT_3D('',#8193,#5955,#5956);
#4973=AXIS2_PLACEMENT_3D('',#8197,#5959,#5960);
#4974=AXIS2_PLACEMENT_3D('',#8201,#5963,#5964);
#4975=AXIS2_PLACEMENT_3D('',#8203,#5966,#5967);
#4976=AXIS2_PLACEMENT_3D('',#8206,#5970,#5971);
#4977=AXIS2_PLACEMENT_3D('',#8208,#5973,#5974);
#4978=AXIS2_PLACEMENT_3D('',#8211,#5977,#5978);
#4979=AXIS2_PLACEMENT_3D('',#8215,#5981,#5982);
#4980=AXIS2_PLACEMENT_3D('',#8217,#5984,#5985);
#4981=AXIS2_PLACEMENT_3D('',#8219,#5987,#5988);
#4982=AXIS2_PLACEMENT_3D('',#8220,#5989,#5990);
#4983=AXIS2_PLACEMENT_3D('',#8222,#5992,#5993);
#4984=AXIS2_PLACEMENT_3D('',#8223,#5994,#5995);
#4985=AXIS2_PLACEMENT_3D('',#8225,#5997,#5998);
#4986=AXIS2_PLACEMENT_3D('',#8228,#6000,#6001);
#4987=AXIS2_PLACEMENT_3D('',#8229,#6002,#6003);
#4988=AXIS2_PLACEMENT_3D('',#8231,#6005,#6006);
#4989=AXIS2_PLACEMENT_3D('',#8232,#6007,#6008);
#4990=AXIS2_PLACEMENT_3D('',#8233,#6009,#6010);
#4991=AXIS2_PLACEMENT_3D('',#8236,#6011,#6012);
#4992=AXIS2_PLACEMENT_3D('',#8240,#6014,#6015);
#4993=AXIS2_PLACEMENT_3D('',#8244,#6017,#6018);
#4994=AXIS2_PLACEMENT_3D('',#8248,#6020,#6021);
#4995=AXIS2_PLACEMENT_3D('',#8251,#6023,#6024);
#4996=AXIS2_PLACEMENT_3D('',#8252,#6025,#6026);
#4997=AXIS2_PLACEMENT_3D('',#8258,#6030,#6031);
#4998=AXIS2_PLACEMENT_3D('',#8260,#6032,#6033);
#4999=AXIS2_PLACEMENT_3D('',#8262,#6035,#6036);
#5000=AXIS2_PLACEMENT_3D('',#8266,#6039,#6040);
#5001=AXIS2_PLACEMENT_3D('',#8268,#6041,#6042);
#5002=AXIS2_PLACEMENT_3D('',#8270,#6044,#6045);
#5003=AXIS2_PLACEMENT_3D('',#8274,#6048,#6049);
#5004=AXIS2_PLACEMENT_3D('',#8276,#6050,#6051);
#5005=AXIS2_PLACEMENT_3D('',#8278,#6053,#6054);
#5006=AXIS2_PLACEMENT_3D('',#8282,#6057,#6058);
#5007=AXIS2_PLACEMENT_3D('',#8283,#6059,#6060);
#5008=AXIS2_PLACEMENT_3D('',#8284,#6061,#6062);
#5009=AXIS2_PLACEMENT_3D('',#8285,#6063,#6064);
#5010=AXIS2_PLACEMENT_3D('',#8287,#6065,#6066);
#5011=AXIS2_PLACEMENT_3D('',#8289,#6067,#6068);
#5012=AXIS2_PLACEMENT_3D('',#8290,#6069,#6070);
#5013=AXIS2_PLACEMENT_3D('',#8291,#6071,#6072);
#5014=AXIS2_PLACEMENT_3D('',#8293,#6074,#6075);
#5015=AXIS2_PLACEMENT_3D('',#8294,#6076,#6077);
#5016=AXIS2_PLACEMENT_3D('',#8303,#6082,#6083);
#5017=AXIS2_PLACEMENT_3D('',#8307,#6085,#6086);
#5018=AXIS2_PLACEMENT_3D('',#8315,#6090,#6091);
#5019=AXIS2_PLACEMENT_3D('',#8317,#6093,#6094);
#5020=AXIS2_PLACEMENT_3D('',#8321,#6097,#6098);
#5021=AXIS2_PLACEMENT_3D('',#8325,#6100,#6101);
#5022=AXIS2_PLACEMENT_3D('',#8332,#6105,#6106);
#5023=AXIS2_PLACEMENT_3D('',#8333,#6107,#6108);
#5024=AXIS2_PLACEMENT_3D('',#8335,#6110,#6111);
#5025=AXIS2_PLACEMENT_3D('',#8337,#6113,#6114);
#5026=AXIS2_PLACEMENT_3D('',#8339,#6116,#6117);
#5027=AXIS2_PLACEMENT_3D('',#8341,#6119,#6120);
#5028=AXIS2_PLACEMENT_3D('',#8343,#6122,#6123);
#5029=AXIS2_PLACEMENT_3D('',#8344,#6124,#6125);
#5030=AXIS2_PLACEMENT_3D('',#8353,#6130,#6131);
#5031=AXIS2_PLACEMENT_3D('',#8357,#6133,#6134);
#5032=AXIS2_PLACEMENT_3D('',#8365,#6138,#6139);
#5033=AXIS2_PLACEMENT_3D('',#8367,#6141,#6142);
#5034=AXIS2_PLACEMENT_3D('',#8371,#6145,#6146);
#5035=AXIS2_PLACEMENT_3D('',#8375,#6148,#6149);
#5036=AXIS2_PLACEMENT_3D('',#8382,#6153,#6154);
#5037=AXIS2_PLACEMENT_3D('',#8383,#6155,#6156);
#5038=AXIS2_PLACEMENT_3D('',#8385,#6158,#6159);
#5039=AXIS2_PLACEMENT_3D('',#8387,#6161,#6162);
#5040=AXIS2_PLACEMENT_3D('',#8389,#6164,#6165);
#5041=AXIS2_PLACEMENT_3D('',#8391,#6167,#6168);
#5042=AXIS2_PLACEMENT_3D('',#8393,#6170,#6171);
#5043=DIRECTION('axis',(0.,0.,1.));
#5044=DIRECTION('refdir',(1.,0.,0.));
#5045=DIRECTION('center_axis',(0.,0.,1.));
#5046=DIRECTION('ref_axis',(-0.644726151447067,-0.764413624708674,0.));
#5047=DIRECTION('center_axis',(0.,0.,1.));
#5048=DIRECTION('ref_axis',(-0.644726151447067,-0.764413624708674,0.));
#5049=DIRECTION('',(0.,0.,1.));
#5050=DIRECTION('center_axis',(0.,0.,1.));
#5051=DIRECTION('ref_axis',(-0.644726151447067,-0.764413624708674,0.));
#5052=DIRECTION('',(0.,0.,1.));
#5053=DIRECTION('center_axis',(-0.764413624708674,0.644726151447067,0.));
#5054=DIRECTION('ref_axis',(-0.644726151447067,-0.764413624708674,0.));
#5055=DIRECTION('',(-0.644726151447067,-0.764413624708674,0.));
#5056=DIRECTION('',(0.,0.,1.));
#5057=DIRECTION('',(-0.644726151447067,-0.764413624708674,0.));
#5058=DIRECTION('center_axis',(0.,0.,1.));
#5059=DIRECTION('ref_axis',(-0.764413624708674,0.644726151447067,0.));
#5060=DIRECTION('center_axis',(0.,0.,1.));
#5061=DIRECTION('ref_axis',(-0.764413624708674,0.644726151447067,0.));
#5062=DIRECTION('',(0.,0.,1.));
#5063=DIRECTION('center_axis',(0.,0.,1.));
#5064=DIRECTION('ref_axis',(-0.764413624708674,0.644726151447067,0.));
#5065=DIRECTION('center_axis',(0.644726151447067,0.764413624708674,0.));
#5066=DIRECTION('ref_axis',(-0.764413624708674,0.644726151447067,0.));
#5067=DIRECTION('',(-0.764413624708674,0.644726151447067,0.));
#5068=DIRECTION('',(0.,0.,1.));
#5069=DIRECTION('',(-0.764413624708674,0.644726151447067,0.));
#5070=DIRECTION('center_axis',(0.,0.,1.));
#5071=DIRECTION('ref_axis',(0.644726151447067,0.764413624708674,0.));
#5072=DIRECTION('center_axis',(0.,0.,1.));
#5073=DIRECTION('ref_axis',(0.644726151447067,0.764413624708674,0.));
#5074=DIRECTION('',(0.,0.,1.));
#5075=DIRECTION('center_axis',(0.,0.,1.));
#5076=DIRECTION('ref_axis',(0.644726151447067,0.764413624708674,0.));
#5077=DIRECTION('center_axis',(0.732464422245795,-0.680805310014643,0.));
#5078=DIRECTION('ref_axis',(0.680805310014643,0.732464422245795,0.));
#5079=DIRECTION('',(0.680805310014643,0.732464422245795,0.));
#5080=DIRECTION('',(0.,0.,1.));
#5081=DIRECTION('',(0.680805310014643,0.732464422245795,0.));
#5082=DIRECTION('center_axis',(0.,0.,1.));
#5083=DIRECTION('ref_axis',(0.732464422245795,-0.680805310014643,0.));
#5084=DIRECTION('center_axis',(0.,0.,1.));
#5085=DIRECTION('ref_axis',(0.732464422245795,-0.680805310014643,0.));
#5086=DIRECTION('',(0.,0.,1.));
#5087=DIRECTION('center_axis',(0.,0.,1.));
#5088=DIRECTION('ref_axis',(0.732464422245795,-0.680805310014643,0.));
#5089=DIRECTION('center_axis',(-0.644726151447067,-0.764413624708674,0.));
#5090=DIRECTION('ref_axis',(0.764413624708674,-0.644726151447067,0.));
#5091=DIRECTION('',(0.764413624708674,-0.644726151447067,0.));
#5092=DIRECTION('',(0.764413624708674,-0.644726151447067,0.));
#5093=DIRECTION('center_axis',(0.,0.,1.));
#5094=DIRECTION('ref_axis',(1.,0.,0.));
#5095=DIRECTION('center_axis',(0.,0.,-1.));
#5096=DIRECTION('ref_axis',(1.,0.,0.));
#5097=DIRECTION('center_axis',(0.,0.,-1.));
#5098=DIRECTION('ref_axis',(1.,0.,0.));
#5099=DIRECTION('center_axis',(0.,0.,-1.));
#5100=DIRECTION('ref_axis',(1.,0.,0.));
#5101=DIRECTION('center_axis',(0.,0.,1.));
#5102=DIRECTION('ref_axis',(1.,0.,0.));
#5103=DIRECTION('',(0.,0.,1.));
#5104=DIRECTION('center_axis',(0.,0.,1.));
#5105=DIRECTION('ref_axis',(1.,0.,0.));
#5106=DIRECTION('center_axis',(0.,0.,1.));
#5107=DIRECTION('ref_axis',(1.,0.,0.));
#5108=DIRECTION('center_axis',(0.,0.,1.));
#5109=DIRECTION('ref_axis',(1.,0.,0.));
#5110=DIRECTION('',(0.,0.,1.));
#5111=DIRECTION('center_axis',(0.,0.,1.));
#5112=DIRECTION('ref_axis',(1.,0.,0.));
#5113=DIRECTION('center_axis',(0.,0.,1.));
#5114=DIRECTION('ref_axis',(1.,0.,0.));
#5115=DIRECTION('center_axis',(0.,0.,1.));
#5116=DIRECTION('ref_axis',(1.,0.,0.));
#5117=DIRECTION('',(0.,0.,1.));
#5118=DIRECTION('center_axis',(0.,0.,1.));
#5119=DIRECTION('ref_axis',(1.,0.,0.));
#5120=DIRECTION('center_axis',(0.,0.,1.));
#5121=DIRECTION('ref_axis',(1.,0.,0.));
#5122=DIRECTION('center_axis',(-1.,0.,0.));
#5123=DIRECTION('ref_axis',(0.,0.,-1.));
#5124=DIRECTION('',(0.,1.,0.));
#5125=DIRECTION('',(0.,0.,-1.));
#5126=DIRECTION('',(0.,-1.,1.33920852491599E-32));
#5127=DIRECTION('',(0.,0.,1.));
#5128=DIRECTION('center_axis',(1.,0.,1.73472347597681E-16));
#5129=DIRECTION('ref_axis',(-1.73472347597681E-16,1.30130401647786E-32,
1.));
#5130=DIRECTION('',(0.,-1.,0.));
#5131=DIRECTION('',(1.73472347597681E-16,-1.30130401647786E-32,-1.));
#5132=DIRECTION('',(2.32315646740003E-48,1.,-1.33920852491599E-32));
#5133=DIRECTION('',(-1.73472347597681E-16,1.30130401647786E-32,1.));
#5134=DIRECTION('center_axis',(-3.30423519233678E-16,0.,1.));
#5135=DIRECTION('ref_axis',(-1.,7.50150692314295E-17,-3.30423519233678E-16));
#5136=DIRECTION('',(1.,-7.50150692314295E-17,3.30423519233678E-16));
#5137=DIRECTION('',(0.,-1.,0.));
#5138=DIRECTION('',(-1.,7.50150692314295E-17,-3.30423519233678E-16));
#5139=DIRECTION('',(0.,-1.,0.));
#5140=DIRECTION('center_axis',(0.,1.,0.));
#5141=DIRECTION('ref_axis',(0.,0.,1.));
#5142=DIRECTION('',(1.,0.,0.));
#5143=DIRECTION('',(-1.,0.,-1.17706433947407E-32));
#5144=DIRECTION('',(1.,0.,0.));
#5145=DIRECTION('',(0.,0.,1.));
#5146=DIRECTION('',(0.,0.,-1.));
#5147=DIRECTION('center_axis',(1.,-1.24900090270329E-14,0.));
#5148=DIRECTION('ref_axis',(1.24900090270329E-14,1.,0.));
#5149=DIRECTION('',(0.,0.,1.));
#5150=DIRECTION('',(1.24900090270329E-14,1.,0.));
#5151=DIRECTION('',(0.,0.,1.));
#5152=DIRECTION('center_axis',(1.,1.24900090270329E-14,0.));
#5153=DIRECTION('ref_axis',(-1.24900090270329E-14,1.,0.));
#5154=DIRECTION('',(0.,0.,1.));
#5155=DIRECTION('',(1.24900090270329E-14,-1.,0.));
#5156=DIRECTION('',(0.,0.,-1.));
#5157=DIRECTION('center_axis',(0.,0.,-1.));
#5158=DIRECTION('ref_axis',(1.,0.,0.));
#5159=DIRECTION('',(-1.,7.50150692314295E-17,0.));
#5160=DIRECTION('center_axis',(0.,0.,1.));
#5161=DIRECTION('ref_axis',(1.,2.77555756156288E-15,0.));
#5162=DIRECTION('',(1.02798428206033E-16,1.,0.));
#5163=DIRECTION('',(-0.968598537073654,0.248629994125363,0.));
#5164=DIRECTION('center_axis',(7.50150692314295E-17,1.,0.));
#5165=DIRECTION('ref_axis',(0.,0.,1.));
#5166=DIRECTION('',(1.,-7.50150692314295E-17,1.17706433947407E-32));
#5167=DIRECTION('',(0.,0.,1.));
#5168=DIRECTION('center_axis',(7.50150692314295E-17,1.,0.));
#5169=DIRECTION('ref_axis',(0.,0.,1.));
#5170=DIRECTION('',(-1.,7.50150692314295E-17,0.));
#5171=DIRECTION('',(0.,0.,1.));
#5172=DIRECTION('',(1.,-7.50150692314295E-17,1.17706433947407E-32));
#5173=DIRECTION('center_axis',(7.50150692314295E-17,1.,0.));
#5174=DIRECTION('ref_axis',(0.,0.,1.));
#5175=DIRECTION('',(-1.,7.50150692314295E-17,0.));
#5176=DIRECTION('center_axis',(0.,0.,1.));
#5177=DIRECTION('ref_axis',(0.,1.,0.));
#5178=DIRECTION('center_axis',(1.17706433947407E-32,-1.33920852491599E-32,
-1.));
#5179=DIRECTION('ref_axis',(0.,1.,0.));
#5180=DIRECTION('center_axis',(0.,0.,1.));
#5181=DIRECTION('ref_axis',(0.,1.,0.));
#5182=DIRECTION('',(0.,0.,1.));
#5183=DIRECTION('center_axis',(0.,0.,1.));
#5184=DIRECTION('ref_axis',(1.,2.77555756156288E-15,0.));
#5185=DIRECTION('center_axis',(1.17706433947407E-32,-1.33920852491599E-32,
-1.));
#5186=DIRECTION('ref_axis',(1.,2.77555756156288E-15,0.));
#5187=DIRECTION('',(0.,0.,1.));
#5188=DIRECTION('center_axis',(7.50150692314295E-17,-1.,0.));
#5189=DIRECTION('ref_axis',(0.,0.,-1.));
#5190=DIRECTION('',(-1.,-7.50150692314295E-17,-1.17706433947407E-32));
#5191=DIRECTION('',(0.,0.,-1.));
#5192=DIRECTION('',(1.,7.50150692314295E-17,0.));
#5193=DIRECTION('',(0.,0.,1.));
#5194=DIRECTION('center_axis',(1.,0.,0.));
#5195=DIRECTION('ref_axis',(0.,0.,-1.));
#5196=DIRECTION('',(0.,1.,-1.33920852491599E-32));
#5197=DIRECTION('',(0.,0.,-1.));
#5198=DIRECTION('',(0.,-1.,0.));
#5199=DIRECTION('center_axis',(1.,-1.02798428206033E-16,0.));
#5200=DIRECTION('ref_axis',(0.,0.,-1.));
#5201=DIRECTION('',(-1.02798428206033E-16,-1.,1.33920852491599E-32));
#5202=DIRECTION('',(0.,0.,-1.));
#5203=DIRECTION('',(-1.02798428206033E-16,-1.,1.43726115252777E-31));
#5204=DIRECTION('',(0.,0.,1.));
#5205=DIRECTION('',(-1.02798428206033E-16,-1.,1.33920852491599E-32));
#5206=DIRECTION('',(0.,0.,1.));
#5207=DIRECTION('',(1.02798428206033E-16,1.,0.));
#5208=DIRECTION('',(0.,0.,-1.));
#5209=DIRECTION('',(1.02798428206033E-16,1.,0.));
#5210=DIRECTION('',(0.,0.,1.));
#5211=DIRECTION('',(1.02798428206033E-16,1.,0.));
#5212=DIRECTION('',(0.,0.,-1.));
#5213=DIRECTION('',(1.02798428206033E-16,1.,0.));
#5214=DIRECTION('',(0.,0.,1.));
#5215=DIRECTION('center_axis',(0.248629994125363,-0.968598537073654,0.));
#5216=DIRECTION('ref_axis',(0.968598537073654,0.248629994125363,0.));
#5217=DIRECTION('',(0.968598537073654,0.248629994125363,0.));
#5218=DIRECTION('',(0.,0.,-1.));
#5219=DIRECTION('',(0.968598537073654,0.248629994125363,0.));
#5220=DIRECTION('center_axis',(0.,0.,1.));
#5221=DIRECTION('ref_axis',(-1.,0.,0.));
#5222=DIRECTION('',(0.,-1.,0.));
#5223=DIRECTION('center_axis',(0.,0.,1.));
#5224=DIRECTION('ref_axis',(1.,0.,0.));
#5225=DIRECTION('',(0.968598537073654,-0.248629994125363,0.));
#5226=DIRECTION('',(-1.,-3.46944695195362E-16,0.));
#5227=DIRECTION('',(-2.77555756156289E-16,-1.,0.));
#5228=DIRECTION('',(1.,3.46944695195362E-16,0.));
#5229=DIRECTION('',(-0.968598537073654,-0.248629994125363,0.));
#5230=DIRECTION('',(-1.24900090270329E-14,-1.,0.));
#5231=DIRECTION('',(1.,7.50150692314295E-17,0.));
#5232=DIRECTION('',(-1.24900090270329E-14,1.,0.));
#5233=DIRECTION('',(-0.968598537073654,0.248629994125363,0.));
#5234=DIRECTION('',(0.,-1.,0.));
#5235=DIRECTION('',(1.,3.4694469519536E-16,0.));
#5236=DIRECTION('',(0.,1.,0.));
#5237=DIRECTION('',(-1.,0.,0.));
#5238=DIRECTION('',(0.,-1.,0.));
#5239=DIRECTION('center_axis',(0.,0.,-1.));
#5240=DIRECTION('ref_axis',(-1.,0.,0.));
#5241=DIRECTION('center_axis',(0.,0.,1.));
#5242=DIRECTION('ref_axis',(-1.,-2.77555756156288E-15,0.));
#5243=DIRECTION('',(0.,-1.,0.));
#5244=DIRECTION('',(0.968598537073654,-0.248629994125363,0.));
#5245=DIRECTION('',(1.,0.,0.));
#5246=DIRECTION('',(-6.16790569236197E-16,1.,0.));
#5247=DIRECTION('',(1.,7.50150692314295E-17,0.));
#5248=DIRECTION('center_axis',(-0.248629994125363,-0.968598537073654,0.));
#5249=DIRECTION('ref_axis',(0.968598537073654,-0.248629994125363,0.));
#5250=DIRECTION('',(0.,0.,1.));
#5251=DIRECTION('',(0.,0.,1.));
#5252=DIRECTION('center_axis',(-1.,0.,0.));
#5253=DIRECTION('ref_axis',(0.,0.,1.));
#5254=DIRECTION('',(0.,1.,-1.33920852491599E-32));
#5255=DIRECTION('',(0.,0.,1.));
#5256=DIRECTION('',(0.,-1.,0.));
#5257=DIRECTION('',(0.,0.,-1.));
#5258=DIRECTION('',(0.,0.,1.));
#5259=DIRECTION('',(0.,1.,-1.33920852491599E-32));
#5260=DIRECTION('',(0.,0.,-1.));
#5261=DIRECTION('',(0.,1.,-1.37977070642668E-31));
#5262=DIRECTION('',(0.,0.,1.));
#5263=DIRECTION('center_axis',(0.,0.,1.));
#5264=DIRECTION('ref_axis',(-1.,-2.77555756156288E-15,0.));
#5265=DIRECTION('center_axis',(1.17706433947407E-32,-1.33920852491599E-32,
-1.));
#5266=DIRECTION('ref_axis',(-1.,-2.77555756156288E-15,0.));
#5267=DIRECTION('',(0.,0.,1.));
#5268=DIRECTION('center_axis',(0.,1.,0.));
#5269=DIRECTION('ref_axis',(0.,0.,1.));
#5270=DIRECTION('',(0.,0.,-1.));
#5271=DIRECTION('',(-1.,-7.50150692314295E-17,-3.30423519233678E-16));
#5272=DIRECTION('',(0.,0.,1.));
#5273=DIRECTION('',(1.,0.,0.));
#5274=DIRECTION('',(1.,0.,1.17706433947407E-32));
#5275=DIRECTION('',(-1.73472347597681E-16,-1.30130401647786E-32,1.));
#5276=DIRECTION('center_axis',(1.,0.,0.));
#5277=DIRECTION('ref_axis',(0.,0.,-1.));
#5278=DIRECTION('',(0.,0.,-1.));
#5279=DIRECTION('',(0.,1.,0.));
#5280=DIRECTION('center_axis',(7.50150692314295E-17,-1.,0.));
#5281=DIRECTION('ref_axis',(0.,0.,-1.));
#5282=DIRECTION('',(0.,0.,1.));
#5283=DIRECTION('',(-1.,-7.50150692314295E-17,-3.30423519233678E-16));
#5284=DIRECTION('center_axis',(7.50150692314295E-17,-1.,0.));
#5285=DIRECTION('ref_axis',(0.,0.,-1.));
#5286=DIRECTION('',(-1.,-7.50150692314295E-17,-1.17706433947407E-32));
#5287=DIRECTION('',(0.,0.,1.));
#5288=DIRECTION('center_axis',(0.248629994125363,0.968598537073654,0.));
#5289=DIRECTION('ref_axis',(-0.968598537073654,0.248629994125363,0.));
#5290=DIRECTION('center_axis',(0.,0.,1.));
#5291=DIRECTION('ref_axis',(1.,0.,0.));
#5292=DIRECTION('',(-0.968598537073654,-0.248629994125363,0.));
#5293=DIRECTION('center_axis',(0.,0.,1.));
#5294=DIRECTION('ref_axis',(5.55111512312575E-15,-1.,0.));
#5295=DIRECTION('center_axis',(-0.248629994125363,0.968598537073654,0.));
#5296=DIRECTION('ref_axis',(-0.968598537073654,-0.248629994125363,0.));
#5297=DIRECTION('',(0.,0.,1.));
#5298=DIRECTION('center_axis',(-1.,0.,0.));
#5299=DIRECTION('ref_axis',(0.,0.,1.));
#5300=DIRECTION('',(0.,-1.,1.33920852491599E-32));
#5301=DIRECTION('',(0.,0.,-1.));
#5302=DIRECTION('',(0.,1.,-1.33920852491599E-32));
#5303=DIRECTION('',(0.,0.,-1.));
#5304=DIRECTION('center_axis',(2.08166817117216E-15,-1.,0.));
#5305=DIRECTION('ref_axis',(0.,0.,-1.));
#5306=DIRECTION('',(1.,2.08166817117216E-15,1.17706433947407E-32));
#5307=DIRECTION('',(-1.,-2.08166817117216E-15,-1.17706433947407E-32));
#5308=DIRECTION('center_axis',(2.08166817117216E-15,1.,0.));
#5309=DIRECTION('ref_axis',(0.,0.,1.));
#5310=DIRECTION('',(-1.,2.08166817117216E-15,-1.17706433947407E-32));
#5311=DIRECTION('',(1.,-2.08166817117216E-15,1.17706433947407E-32));
#5312=DIRECTION('center_axis',(-1.83969427523556E-29,1.43726115252779E-31,
1.));
#5313=DIRECTION('ref_axis',(1.,0.,1.83969427523556E-29));
#5314=DIRECTION('center_axis',(1.57633459779828E-64,-1.,0.));
#5315=DIRECTION('ref_axis',(0.,0.,-1.));
#5316=DIRECTION('',(1.,1.57633459779828E-64,1.17706433947407E-32));
#5317=DIRECTION('',(-1.,-1.57633459779828E-64,-1.17706433947407E-32));
#5318=DIRECTION('',(0.,0.,-1.));
#5319=DIRECTION('center_axis',(1.,0.,0.));
#5320=DIRECTION('ref_axis',(0.,0.,-1.));
#5321=DIRECTION('',(0.,1.,-1.33920852491599E-32));
#5322=DIRECTION('',(0.,-1.,1.33920852491599E-32));
#5323=DIRECTION('',(0.,0.,-1.));
#5324=DIRECTION('center_axis',(-1.57633459779828E-64,1.,0.));
#5325=DIRECTION('ref_axis',(0.,0.,1.));
#5326=DIRECTION('',(-1.,-1.57633459779828E-64,-1.17706433947407E-32));
#5327=DIRECTION('',(1.,1.57633459779828E-64,1.17706433947407E-32));
#5328=DIRECTION('center_axis',(5.31786626435279E-29,1.37977070642668E-31,
1.));
#5329=DIRECTION('ref_axis',(1.,0.,-5.31786626435279E-29));
#5330=DIRECTION('center_axis',(-1.,-5.66175162332536E-16,0.));
#5331=DIRECTION('ref_axis',(0.,0.,1.));
#5332=DIRECTION('',(5.66175162332536E-16,-1.,1.33920852491599E-32));
#5333=DIRECTION('',(0.,0.,-1.));
#5334=DIRECTION('',(-5.66175162332536E-16,1.,-1.33920852491599E-32));
#5335=DIRECTION('',(0.,0.,-1.));
#5336=DIRECTION('center_axis',(-0.817513395724057,-0.575909583017788,0.));
#5337=DIRECTION('ref_axis',(0.,0.,1.));
#5338=DIRECTION('',(0.575909583017788,-0.817513395724057,1.77270354171829E-32));
#5339=DIRECTION('',(-0.575909583017788,0.817513395724057,-1.77270354171829E-32));
#5340=DIRECTION('',(0.,0.,-1.));
#5341=DIRECTION('center_axis',(-0.0899956313142834,-0.995942160140007,0.));
#5342=DIRECTION('ref_axis',(0.,0.,-1.));
#5343=DIRECTION('',(0.995942160140007,-0.0899956313142834,1.29281091754086E-32));
#5344=DIRECTION('',(-0.995942160140007,0.0899956313142834,-1.29281091754086E-32));
#5345=DIRECTION('',(0.,0.,-1.));
#5346=DIRECTION('center_axis',(1.57633459779828E-64,-1.,0.));
#5347=DIRECTION('ref_axis',(0.,0.,-1.));
#5348=DIRECTION('',(1.,1.57633459779828E-64,1.17706433947407E-32));
#5349=DIRECTION('',(-1.,-1.57633459779828E-64,-1.17706433947407E-32));
#5350=DIRECTION('',(0.,0.,-1.));
#5351=DIRECTION('center_axis',(0.0899956313142834,-0.995942160140007,0.));
#5352=DIRECTION('ref_axis',(0.,0.,-1.));
#5353=DIRECTION('',(0.995942160140007,0.0899956313142834,1.05176508421829E-32));
#5354=DIRECTION('',(-0.995942160140007,-0.0899956313142834,-1.05176508421829E-32));
#5355=DIRECTION('',(0.,0.,-1.));
#5356=DIRECTION('center_axis',(0.817513395724057,-0.575909583017788,0.));
#5357=DIRECTION('ref_axis',(0.,0.,-1.));
#5358=DIRECTION('',(0.575909583017788,0.817513395724057,-4.16938275855055E-33));
#5359=DIRECTION('',(-0.575909583017788,-0.817513395724057,4.16938275855055E-33));
#5360=DIRECTION('',(0.,0.,-1.));
#5361=DIRECTION('center_axis',(1.,0.,0.));
#5362=DIRECTION('ref_axis',(0.,0.,-1.));
#5363=DIRECTION('',(0.,1.,-1.33920852491599E-32));
#5364=DIRECTION('',(0.,-1.,1.33920852491599E-32));
#5365=DIRECTION('',(0.,0.,-1.));
#5366=DIRECTION('center_axis',(0.817513395724057,0.575909583017788,0.));
#5367=DIRECTION('ref_axis',(0.,0.,-1.));
#5368=DIRECTION('',(-0.575909583017788,0.817513395724057,-1.77270354171829E-32));
#5369=DIRECTION('',(0.575909583017788,-0.817513395724057,1.77270354171829E-32));
#5370=DIRECTION('',(0.,0.,-1.));
#5371=DIRECTION('center_axis',(0.0899956313142834,0.995942160140007,0.));
#5372=DIRECTION('ref_axis',(0.,0.,1.));
#5373=DIRECTION('',(-0.995942160140007,0.0899956313142834,-1.29281091754086E-32));
#5374=DIRECTION('',(0.995942160140007,-0.0899956313142834,1.29281091754086E-32));
#5375=DIRECTION('',(0.,0.,-1.));
#5376=DIRECTION('center_axis',(-1.57633459779828E-64,1.,0.));
#5377=DIRECTION('ref_axis',(0.,0.,1.));
#5378=DIRECTION('',(-1.,-1.57633459779828E-64,-1.17706433947407E-32));
#5379=DIRECTION('',(1.,1.57633459779828E-64,1.17706433947407E-32));
#5380=DIRECTION('',(0.,0.,-1.));
#5381=DIRECTION('center_axis',(-0.0899956313142834,0.995942160140007,0.));
#5382=DIRECTION('ref_axis',(0.,0.,1.));
#5383=DIRECTION('',(-0.995942160140007,-0.0899956313142834,-1.05176508421829E-32));
#5384=DIRECTION('',(0.995942160140007,0.0899956313142834,1.05176508421829E-32));
#5385=DIRECTION('',(0.,0.,-1.));
#5386=DIRECTION('center_axis',(-0.817513395724057,0.575909583017788,0.));
#5387=DIRECTION('ref_axis',(0.,0.,1.));
#5388=DIRECTION('',(-0.575909583017788,-0.817513395724057,4.16938275855055E-33));
#5389=DIRECTION('',(0.575909583017788,0.817513395724057,-4.16938275855055E-33));
#5390=DIRECTION('center_axis',(1.40607222560019E-32,-8.66642470397921E-32,
1.));
#5391=DIRECTION('ref_axis',(1.,0.,-1.40607222560019E-32));
#5392=DIRECTION('center_axis',(-1.,2.77555756156289E-16,0.));
#5393=DIRECTION('ref_axis',(0.,0.,1.));
#5394=DIRECTION('',(2.77555756156289E-16,1.,0.));
#5395=DIRECTION('',(0.,0.,1.));
#5396=DIRECTION('',(0.,0.,1.));
#5397=DIRECTION('center_axis',(-3.46944695195362E-16,1.,0.));
#5398=DIRECTION('ref_axis',(0.,0.,1.));
#5399=DIRECTION('',(1.,3.46944695195362E-16,0.));
#5400=DIRECTION('center_axis',(3.46944695195362E-16,-1.,0.));
#5401=DIRECTION('ref_axis',(0.,0.,-1.));
#5402=DIRECTION('',(-1.,-3.46944695195362E-16,0.));
#5403=DIRECTION('center_axis',(0.,0.,1.));
#5404=DIRECTION('ref_axis',(1.,0.,0.));
#5405=DIRECTION('center_axis',(0.,1.,0.));
#5406=DIRECTION('ref_axis',(0.,0.,1.));
#5407=DIRECTION('',(1.,0.,0.));
#5408=DIRECTION('',(0.,0.,1.));
#5409=DIRECTION('center_axis',(1.,0.,0.));
#5410=DIRECTION('ref_axis',(0.,0.,-1.));
#5411=DIRECTION('',(0.,-1.,0.));
#5412=DIRECTION('',(0.,0.,1.));
#5413=DIRECTION('center_axis',(3.4694469519536E-16,-1.,0.));
#5414=DIRECTION('ref_axis',(0.,0.,-1.));
#5415=DIRECTION('',(-1.,-3.4694469519536E-16,0.));
#5416=DIRECTION('center_axis',(0.,0.,1.));
#5417=DIRECTION('ref_axis',(1.,0.,0.));
#5418=DIRECTION('center_axis',(3.30423519233678E-16,0.,-1.));
#5419=DIRECTION('ref_axis',(-1.,-7.50150692314295E-17,-3.30423519233678E-16));
#5420=DIRECTION('',(0.,1.,0.));
#5421=DIRECTION('center_axis',(-1.,0.,0.));
#5422=DIRECTION('ref_axis',(0.,0.,1.));
#5423=DIRECTION('center_axis',(-1.17706433947407E-32,1.33920852491599E-32,
1.));
#5424=DIRECTION('ref_axis',(1.,0.,1.17706433947407E-32));
#5425=DIRECTION('',(6.16790569236197E-16,-1.,1.33920852491599E-32));
#5426=DIRECTION('center_axis',(1.17706433947407E-32,-1.33920852491599E-32,
-1.));
#5427=DIRECTION('ref_axis',(5.55111512312575E-15,-1.,0.));
#5428=DIRECTION('center_axis',(-1.,-6.16790569236197E-16,0.));
#5429=DIRECTION('ref_axis',(0.,0.,1.));
#5430=DIRECTION('center_axis',(0.,0.,1.));
#5431=DIRECTION('ref_axis',(5.55111512312575E-15,-1.,0.));
#5432=DIRECTION('center_axis',(-0.800440627149005,0.0093009612488671,0.599339882311493));
#5433=DIRECTION('ref_axis',(-0.0109339863815588,-0.999939803548956,0.000914997422497583));
#5434=DIRECTION('',(-1.,8.11059675172345E-17,1.2245106889248E-16));
#5435=DIRECTION('',(-1.,8.11059675172345E-17,1.2245106889248E-16));
#5436=DIRECTION('center_axis',(0.083038619997295,-2.60697580144005E-16,
0.996546329875809));
#5437=DIRECTION('ref_axis',(0.0754351310992141,0.997130899377405,-0.0062857380515105));
#5438=DIRECTION('',(1.12547402750074E-17,-0.18380992781685,-0.982961805176561));
#5439=DIRECTION('',(2.31296463463574E-16,9.49348045633697E-33,-1.));
#5440=DIRECTION('',(1.,2.03566602899472E-16,-1.2245106889248E-16));
#5441=DIRECTION('center_axis',(-0.800440627149944,-0.00930096124887769,
0.599339882310239));
#5442=DIRECTION('ref_axis',(-6.12229459954763E-17,0.999879607097912,0.01551680733028));
#5443=DIRECTION('',(1.,2.03566602899472E-16,-1.2245106889248E-16));
#5444=DIRECTION('center_axis',(0.241921895599669,-0.970295726275996,4.53018992705835E-33));
#5445=DIRECTION('ref_axis',(0.970295726275996,0.241921895599669,-1.12950320701376E-33));
#5446=DIRECTION('',(-2.85876729045788E-49,4.66887548236996E-33,1.));
#5447=DIRECTION('center_axis',(0.241921895599669,-0.970295726275996,4.53018992705835E-33));
#5448=DIRECTION('ref_axis',(0.970295726275996,0.241921895599669,-1.02193968482807E-15));
#5449=DIRECTION('',(0.970295726275996,0.241921895599669,-1.12950320701376E-33));
#5450=DIRECTION('center_axis',(0.241921895599669,-0.970295726275996,4.53018992705835E-33));
#5451=DIRECTION('ref_axis',(-0.686102687806082,-0.171064612896029,-0.707106781186549));
#5452=DIRECTION('',(-2.85876729045788E-49,4.66887548236996E-33,1.));
#5453=DIRECTION('center_axis',(0.241921895599669,-0.970295726275996,4.53018992705835E-33));
#5454=DIRECTION('ref_axis',(-0.686102687806083,-0.171064612896029,0.707106781186547));
#5455=DIRECTION('',(1.12547402750074E-17,-0.18380992781685,-0.982961805176561));
#5456=DIRECTION('',(-1.25366570532778E-16,1.48368524797485E-32,1.));
#5457=DIRECTION('center_axis',(-0.241921895599669,0.970295726275996,-4.53018992705835E-33));
#5458=DIRECTION('ref_axis',(-0.970295726275996,-0.241921895599669,1.12950320701376E-33));
#5459=DIRECTION('',(-2.85876729045788E-49,4.66887548236996E-33,1.));
#5460=DIRECTION('center_axis',(-0.241921895599669,0.970295726275996,-4.53018992705835E-33));
#5461=DIRECTION('ref_axis',(-0.970295726275996,-0.241921895599669,-1.02193968482807E-15));
#5462=DIRECTION('',(-0.970295726275996,-0.241921895599669,1.12950320701376E-33));
#5463=DIRECTION('center_axis',(-0.241921895599669,0.970295726275996,-4.53018992705835E-33));
#5464=DIRECTION('ref_axis',(0.686102687806082,0.171064612896029,-0.707106781186549));
#5465=DIRECTION('',(-2.85876729045788E-49,4.66887548236996E-33,1.));
#5466=DIRECTION('center_axis',(-0.241921895599669,0.970295726275996,-4.53018992705835E-33));
#5467=DIRECTION('ref_axis',(0.686102687806083,0.171064612896029,0.707106781186547));
#5468=DIRECTION('',(1.22451068892481E-16,2.95958235982215E-32,1.));
#5469=DIRECTION('',(-1.12547402750074E-17,0.18380992781685,-0.982961805176561));
#5470=DIRECTION('center_axis',(-0.0830386199899835,4.79600487412859E-16,
0.996546329876418));
#5471=DIRECTION('ref_axis',(-7.70336925376576E-9,1.,-6.41894523645269E-10));
#5472=DIRECTION('center_axis',(-8.11059675172345E-17,-1.,4.66887548236996E-33));
#5473=DIRECTION('ref_axis',(1.,6.12303176911189E-17,0.));
#5474=DIRECTION('center_axis',(8.11059675172345E-17,1.,-4.66887548236996E-33));
#5475=DIRECTION('ref_axis',(-2.85876729045788E-49,4.66887548236996E-33,
1.));
#5476=DIRECTION('',(-2.85876729045788E-49,4.66887548236996E-33,1.));
#5477=DIRECTION('',(-1.,8.11059675172345E-17,-6.64550392260899E-49));
#5478=DIRECTION('',(2.85876729045788E-49,-4.66887548236996E-33,-1.));
#5479=DIRECTION('center_axis',(-8.11059675172345E-17,-1.,4.66887548236996E-33));
#5480=DIRECTION('ref_axis',(-1.,-6.12303176911189E-17,6.30808536718839E-16));
#5481=DIRECTION('',(2.85876729045788E-49,-4.66887548236996E-33,-1.));
#5482=DIRECTION('',(-1.,-1.53748903076549E-16,4.31957754969584E-49));
#5483=DIRECTION('',(-3.08395284618098E-15,2.54795854849407E-31,1.));
#5484=DIRECTION('center_axis',(-8.11059675172345E-17,-1.,4.66887548236996E-33));
#5485=DIRECTION('ref_axis',(1.,6.12303176911189E-17,0.));
#5486=DIRECTION('center_axis',(-8.11059675172345E-17,-1.,4.66887548236996E-33));
#5487=DIRECTION('ref_axis',(-1.,-6.12303176911189E-17,6.30808536718839E-16));
#5488=DIRECTION('center_axis',(-0.0830386199899846,2.88167289622182E-16,
0.996546329876418));
#5489=DIRECTION('ref_axis',(-0.07543513186446,-0.997130899319114,-0.00628573811471845));
#5490=DIRECTION('center_axis',(-2.03566602899472E-16,1.,-4.66887548236996E-33));
#5491=DIRECTION('ref_axis',(1.,6.12303176911189E-17,0.));
#5492=DIRECTION('',(1.25366570532778E-16,2.08515713981447E-32,-1.));
#5493=DIRECTION('',(-1.12547402750074E-17,0.18380992781685,-0.982961805176561));
#5494=DIRECTION('center_axis',(-1.,-6.12303176911189E-17,0.));
#5495=DIRECTION('ref_axis',(-2.85876729045788E-49,4.66887548236996E-33,
1.));
#5496=DIRECTION('',(2.85876729045788E-49,-4.66887548236996E-33,-1.));
#5497=DIRECTION('center_axis',(1.,6.12303176911189E-17,0.));
#5498=DIRECTION('ref_axis',(4.32963728535968E-17,-0.707106781186548,0.707106781186547));
#5499=DIRECTION('',(-2.85876729045788E-49,4.66887548236996E-33,1.));
#5500=DIRECTION('',(6.12303176911189E-17,-1.,4.66887548236996E-33));
#5501=DIRECTION('center_axis',(-1.,-6.12303176911189E-17,0.));
#5502=DIRECTION('ref_axis',(4.32963728535968E-17,-0.707106781186548,0.707106781186547));
#5503=DIRECTION('',(2.85876729045788E-49,-4.66887548236996E-33,-1.));
#5504=DIRECTION('',(-1.1575370282635E-17,0.189046386155105,-0.981968158282994));
#5505=DIRECTION('',(-6.12303176911189E-17,1.,-4.66887548236996E-33));
#5506=DIRECTION('center_axis',(0.0830386199972954,-2.47695632751016E-16,
0.996546329875809));
#5507=DIRECTION('ref_axis',(6.41428756515003E-9,-1.,-5.34479752123396E-10));
#5508=DIRECTION('center_axis',(-2.03566602899472E-16,1.,-4.66887548236996E-33));
#5509=DIRECTION('ref_axis',(-1.,-6.12303176911189E-17,6.30808536718839E-16));
#5510=DIRECTION('center_axis',(2.03566602899472E-16,-1.,4.66887548236996E-33));
#5511=DIRECTION('ref_axis',(2.85876729045788E-49,-4.66887548236996E-33,
-1.));
#5512=DIRECTION('center_axis',(-2.03566602899472E-16,1.,-4.66887548236996E-33));
#5513=DIRECTION('ref_axis',(1.,6.12303176911189E-17,0.));
#5514=DIRECTION('',(3.08395284618098E-15,6.2312092891685E-31,-1.));
#5515=DIRECTION('',(1.,-3.12882676943108E-17,4.31957754969584E-49));
#5516=DIRECTION('',(-2.85876729045788E-49,4.66887548236996E-33,1.));
#5517=DIRECTION('center_axis',(-2.03566602899472E-16,1.,-4.66887548236996E-33));
#5518=DIRECTION('ref_axis',(-1.,-6.12303176911189E-17,6.30808536718839E-16));
#5519=DIRECTION('',(-2.85876729045788E-49,4.66887548236996E-33,1.));
#5520=DIRECTION('',(1.,2.03566602899472E-16,-6.64550392260899E-49));
#5521=DIRECTION('center_axis',(-6.12303176911189E-17,1.,-4.66887548236996E-33));
#5522=DIRECTION('ref_axis',(-0.707106781186548,-4.32963728535968E-17,-0.707106781186548));
#5523=DIRECTION('',(6.12303176911189E-17,-1.,4.66887548236996E-33));
#5524=DIRECTION('',(-6.12303176911189E-17,1.,-4.66887548236996E-33));
#5525=DIRECTION('center_axis',(2.85876729045788E-49,-4.66887548236996E-33,
-1.));
#5526=DIRECTION('ref_axis',(-1.,-6.12303176911189E-17,0.));
#5527=DIRECTION('',(0.241921895599669,-0.970295726275996,4.53018992705835E-33));
#5528=DIRECTION('',(0.968598537073654,0.248629994125363,-1.16082248375369E-33));
#5529=DIRECTION('center_axis',(-6.12303176911189E-17,1.,-4.66887548236996E-33));
#5530=DIRECTION('ref_axis',(-0.707106781186548,-4.32963728535968E-17,-0.707106781186548));
#5531=DIRECTION('',(6.12303176911189E-17,-1.,4.66887548236996E-33));
#5532=DIRECTION('',(6.12303176911189E-17,-1.,4.66887548236996E-33));
#5533=DIRECTION('center_axis',(-2.85876729045788E-49,4.66887548236996E-33,
1.));
#5534=DIRECTION('ref_axis',(-1.,-6.12303176911189E-17,0.));
#5535=DIRECTION('',(0.968598537073654,-0.248629994125363,1.16082248375369E-33));
#5536=DIRECTION('',(0.241921895599668,0.970295726275996,-4.53018992705835E-33));
#5537=DIRECTION('center_axis',(6.12303176911189E-17,-1.,4.66887548236996E-33));
#5538=DIRECTION('ref_axis',(0.707106781186548,4.32963728535968E-17,-0.707106781186548));
#5539=DIRECTION('',(-6.12303176911189E-17,1.,-4.66887548236996E-33));
#5540=DIRECTION('center_axis',(-2.85876729045788E-49,4.66887548236996E-33,
1.));
#5541=DIRECTION('ref_axis',(1.,6.12303176911189E-17,0.));
#5542=DIRECTION('',(-0.968598537073654,0.248629994125363,-1.16082248375369E-33));
#5543=DIRECTION('',(-0.241921895599668,-0.970295726275996,4.53018992705835E-33));
#5544=DIRECTION('center_axis',(6.12303176911189E-17,-1.,4.66887548236996E-33));
#5545=DIRECTION('ref_axis',(0.707106781186548,4.32963728535968E-17,-0.707106781186548));
#5546=DIRECTION('',(-6.12303176911189E-17,1.,-4.66887548236996E-33));
#5547=DIRECTION('',(6.12303176911189E-17,-1.,4.66887548236996E-33));
#5548=DIRECTION('center_axis',(2.85876729045788E-49,-4.66887548236996E-33,
-1.));
#5549=DIRECTION('ref_axis',(1.,6.12303176911189E-17,0.));
#5550=DIRECTION('',(-0.241921895599669,0.970295726275996,-4.53018992705835E-33));
#5551=DIRECTION('',(-0.968598537073654,-0.248629994125363,1.16082248375369E-33));
#5552=DIRECTION('center_axis',(0.241921895599668,0.970295726275996,-4.53018992705835E-33));
#5553=DIRECTION('ref_axis',(0.686102687806083,-0.171064612896029,0.707106781186547));
#5554=DIRECTION('center_axis',(-0.241921895599669,-0.970295726275996,4.53018992705835E-33));
#5555=DIRECTION('ref_axis',(0.686102687806083,-0.171064612896029,0.707106781186547));
#5556=DIRECTION('center_axis',(0.248629994125363,0.968598537073654,-4.52226596200259E-33));
#5557=DIRECTION('ref_axis',(0.968598537073654,-0.248629994125363,-1.44424662717382E-12));
#5558=DIRECTION('',(0.241921895599668,0.970295726275996,-4.53018992705835E-33));
#5559=DIRECTION('center_axis',(0.241921895599669,0.970295726275996,-4.53018992705835E-33));
#5560=DIRECTION('ref_axis',(-0.970295726275996,0.241921895599669,-1.12950320701376E-33));
#5561=DIRECTION('',(-2.85876729045788E-49,4.66887548236996E-33,1.));
#5562=DIRECTION('center_axis',(-0.241921895599669,-0.970295726275996,4.53018992705835E-33));
#5563=DIRECTION('ref_axis',(0.686102687806082,-0.171064612896029,-0.707106781186549));
#5564=DIRECTION('',(-0.970295726275996,0.241921895599669,-1.12950320701376E-33));
#5565=DIRECTION('center_axis',(-0.241921895599669,-0.970295726275996,4.53018992705835E-33));
#5566=DIRECTION('ref_axis',(-0.970295726275996,0.241921895599669,-1.02193968482807E-15));
#5567=DIRECTION('',(-2.85876729045788E-49,4.66887548236996E-33,1.));
#5568=DIRECTION('center_axis',(0.970295726275996,-0.241921895599668,1.12950320701376E-33));
#5569=DIRECTION('ref_axis',(0.241921895599668,0.970295726275996,-4.53018992705835E-33));
#5570=DIRECTION('',(-2.85876729045788E-49,4.66887548236996E-33,1.));
#5571=DIRECTION('',(-0.241921895599668,-0.970295726275996,4.53018992705835E-33));
#5572=DIRECTION('center_axis',(0.241921895599668,0.970295726275996,-4.53018992705835E-33));
#5573=DIRECTION('ref_axis',(0.686102687806082,-0.171064612896029,-0.707106781186549));
#5574=DIRECTION('center_axis',(0.248629994125363,0.968598537073654,-4.52226596200259E-33));
#5575=DIRECTION('ref_axis',(0.968598537073654,-0.248629994125363,1.4423880393729E-12));
#5576=DIRECTION('',(0.241921895599668,0.970295726275996,-4.53018992705835E-33));
#5577=DIRECTION('center_axis',(6.12303176911189E-17,-1.,4.66887548236996E-33));
#5578=DIRECTION('ref_axis',(-0.707106781186547,-4.32963728535967E-17,-0.707106781186548));
#5579=DIRECTION('center_axis',(0.248629994125363,0.968598537073654,-4.52226596200259E-33));
#5580=DIRECTION('ref_axis',(-0.968598537073654,0.248629994125363,-6.00089507520878E-17));
#5581=DIRECTION('',(-6.12303176911189E-17,1.,-4.66887548236996E-33));
#5582=DIRECTION('',(6.12303176911189E-17,-1.,4.66887548236996E-33));
#5583=DIRECTION('center_axis',(-1.,-6.12303176911189E-17,0.));
#5584=DIRECTION('ref_axis',(6.12303176911189E-17,-1.,4.66887548236996E-33));
#5585=DIRECTION('',(-2.85876729045788E-49,4.66887548236996E-33,1.));
#5586=DIRECTION('',(1.22451068892481E-16,6.50209349584058E-33,1.));
#5587=DIRECTION('',(-6.12303176911189E-17,1.,-4.66887548236996E-33));
#5588=DIRECTION('center_axis',(6.12303176911189E-17,-1.,4.66887548236996E-33));
#5589=DIRECTION('ref_axis',(0.707106781186547,4.32963728535967E-17,-0.707106781186548));
#5590=DIRECTION('center_axis',(-0.248629994125363,0.968598537073654,-4.52226596200259E-33));
#5591=DIRECTION('ref_axis',(0.968598537073654,0.248629994125363,-6.00089507520878E-17));
#5592=DIRECTION('',(-6.12303176911189E-17,1.,-4.66887548236996E-33));
#5593=DIRECTION('',(6.12303176911189E-17,-1.,4.66887548236996E-33));
#5594=DIRECTION('center_axis',(2.85876729045788E-49,-4.66887548236996E-33,
-1.));
#5595=DIRECTION('ref_axis',(1.,6.12303176911189E-17,0.));
#5596=DIRECTION('',(-0.968598537073654,-0.248629994125363,1.16082248375369E-33));
#5597=DIRECTION('',(0.241921895599669,-0.970295726275996,4.53018992705835E-33));
#5598=DIRECTION('center_axis',(-0.241921895599669,0.970295726275996,-4.53018992705835E-33));
#5599=DIRECTION('ref_axis',(-0.686102687806082,-0.171064612896029,-0.707106781186549));
#5600=DIRECTION('center_axis',(-0.248629994125363,0.968598537073654,-4.52226596200259E-33));
#5601=DIRECTION('ref_axis',(-0.968598537073654,-0.248629994125363,1.4423880393729E-12));
#5602=DIRECTION('',(-0.241921895599669,0.970295726275996,-4.53018992705835E-33));
#5603=DIRECTION('center_axis',(-0.241921895599669,0.970295726275996,-4.53018992705835E-33));
#5604=DIRECTION('ref_axis',(-0.686102687806083,-0.171064612896029,0.707106781186547));
#5605=DIRECTION('',(0.241921895599669,-0.970295726275996,4.53018992705835E-33));
#5606=DIRECTION('center_axis',(-0.248629994125363,0.968598537073654,-4.52226596200259E-33));
#5607=DIRECTION('ref_axis',(-0.968598537073654,-0.248629994125363,-1.44424662717382E-12));
#5608=DIRECTION('center_axis',(-0.241921895599668,-0.970295726275996,4.53018992705835E-33));
#5609=DIRECTION('ref_axis',(-0.686102687806083,0.171064612896029,0.707106781186547));
#5610=DIRECTION('center_axis',(0.241921895599669,0.970295726275996,-4.53018992705835E-33));
#5611=DIRECTION('ref_axis',(-0.686102687806083,0.171064612896029,0.707106781186547));
#5612=DIRECTION('center_axis',(-0.248629994125363,-0.968598537073654,4.52226596200259E-33));
#5613=DIRECTION('ref_axis',(-0.968598537073654,0.248629994125363,-1.44424662717382E-12));
#5614=DIRECTION('',(-0.241921895599668,-0.970295726275996,4.53018992705835E-33));
#5615=DIRECTION('center_axis',(-0.970295726275996,0.241921895599668,-1.12950320701376E-33));
#5616=DIRECTION('ref_axis',(-0.241921895599668,-0.970295726275996,4.53018992705835E-33));
#5617=DIRECTION('',(-2.85876729045788E-49,4.66887548236996E-33,1.));
#5618=DIRECTION('',(0.241921895599668,0.970295726275996,-4.53018992705835E-33));
#5619=DIRECTION('',(-2.85876729045788E-49,4.66887548236996E-33,1.));
#5620=DIRECTION('center_axis',(0.248629994125363,0.968598537073654,-4.52226596200259E-33));
#5621=DIRECTION('ref_axis',(-0.968598537073654,0.248629994125363,-1.16082248375369E-33));
#5622=DIRECTION('',(-0.968598537073654,0.248629994125363,-1.16082248375369E-33));
#5623=DIRECTION('',(-2.85876729045788E-49,4.66887548236996E-33,1.));
#5624=DIRECTION('center_axis',(-0.248629994125363,-0.968598537073654,4.52226596200259E-33));
#5625=DIRECTION('ref_axis',(0.968598537073654,-0.248629994125363,-6.00089507520878E-17));
#5626=DIRECTION('',(-0.968598537073654,0.248629994125363,-1.16082248375369E-33));
#5627=DIRECTION('center_axis',(-0.248629994125363,-0.968598537073654,4.52226596200259E-33));
#5628=DIRECTION('ref_axis',(-0.968598537073654,0.248629994125363,1.4423880393729E-12));
#5629=DIRECTION('center_axis',(-0.241921895599668,-0.970295726275996,4.53018992705835E-33));
#5630=DIRECTION('ref_axis',(-0.686102687806082,0.171064612896029,-0.707106781186549));
#5631=DIRECTION('center_axis',(0.241921895599669,0.970295726275996,-4.53018992705835E-33));
#5632=DIRECTION('ref_axis',(-0.686102687806082,0.171064612896029,-0.707106781186549));
#5633=DIRECTION('',(-0.241921895599668,-0.970295726275996,4.53018992705835E-33));
#5634=DIRECTION('center_axis',(-2.85876729045788E-49,4.66887548236996E-33,
1.));
#5635=DIRECTION('ref_axis',(1.,6.12303176911189E-17,0.));
#5636=DIRECTION('',(-6.12303176911189E-17,1.,-4.66887548236996E-33));
#5637=DIRECTION('',(0.970295726275996,-0.241921895599669,1.12950320701376E-33));
#5638=DIRECTION('center_axis',(-6.12303176911189E-17,1.,-4.66887548236996E-33));
#5639=DIRECTION('ref_axis',(0.707106781186547,4.32963728535967E-17,-0.707106781186548));
#5640=DIRECTION('',(6.12303176911189E-17,-1.,4.66887548236996E-33));
#5641=DIRECTION('center_axis',(0.241921895599669,0.970295726275996,-4.53018992705835E-33));
#5642=DIRECTION('ref_axis',(0.970295726275996,-0.241921895599669,-1.02193968482807E-15));
#5643=DIRECTION('center_axis',(1.,6.12303176911189E-17,0.));
#5644=DIRECTION('ref_axis',(-6.12303176911189E-17,1.,-4.66887548236996E-33));
#5645=DIRECTION('',(-1.25366570532778E-16,-8.80672833935571E-33,1.));
#5646=DIRECTION('',(6.12303176911189E-17,-1.,4.66887548236996E-33));
#5647=DIRECTION('',(-2.85876729045788E-49,4.66887548236996E-33,1.));
#5648=DIRECTION('center_axis',(-6.12303176911189E-17,1.,-4.66887548236996E-33));
#5649=DIRECTION('ref_axis',(-0.707106781186547,-4.32963728535967E-17,-0.707106781186548));
#5650=DIRECTION('center_axis',(0.248629994125363,-0.968598537073654,4.52226596200259E-33));
#5651=DIRECTION('ref_axis',(-0.968598537073654,-0.248629994125363,-6.00089507520878E-17));
#5652=DIRECTION('',(6.12303176911189E-17,-1.,4.66887548236996E-33));
#5653=DIRECTION('',(-6.12303176911189E-17,1.,-4.66887548236996E-33));
#5654=DIRECTION('center_axis',(2.85876729045788E-49,-4.66887548236996E-33,
-1.));
#5655=DIRECTION('ref_axis',(-1.,-6.12303176911189E-17,0.));
#5656=DIRECTION('',(0.968598537073654,0.248629994125363,-1.16082248375369E-33));
#5657=DIRECTION('',(-0.241921895599669,0.970295726275996,-4.53018992705835E-33));
#5658=DIRECTION('center_axis',(0.241921895599669,-0.970295726275996,4.53018992705835E-33));
#5659=DIRECTION('ref_axis',(0.686102687806082,0.171064612896029,-0.707106781186549));
#5660=DIRECTION('center_axis',(0.248629994125363,-0.968598537073654,4.52226596200259E-33));
#5661=DIRECTION('ref_axis',(0.968598537073654,0.248629994125363,1.4423880393729E-12));
#5662=DIRECTION('',(0.241921895599669,-0.970295726275996,4.53018992705835E-33));
#5663=DIRECTION('center_axis',(0.241921895599669,-0.970295726275996,4.53018992705835E-33));
#5664=DIRECTION('ref_axis',(0.686102687806083,0.171064612896029,0.707106781186547));
#5665=DIRECTION('',(-0.241921895599669,0.970295726275996,-4.53018992705835E-33));
#5666=DIRECTION('center_axis',(0.248629994125363,-0.968598537073654,4.52226596200259E-33));
#5667=DIRECTION('ref_axis',(0.968598537073654,0.248629994125363,-1.44424662717382E-12));
#5668=DIRECTION('center_axis',(-1.,-6.12303176911189E-17,0.));
#5669=DIRECTION('ref_axis',(-2.85876729045788E-49,4.66887548236996E-33,
1.));
#5670=DIRECTION('',(6.12303176911189E-17,-1.,4.66887548236996E-33));
#5671=DIRECTION('',(2.85876729045788E-49,-4.66887548236996E-33,-1.));
#5672=DIRECTION('',(-6.12303176911189E-17,1.,-4.66887548236996E-33));
#5673=DIRECTION('center_axis',(-1.,-6.12303176911189E-17,0.));
#5674=DIRECTION('ref_axis',(-2.85876729045788E-49,4.66887548236996E-33,
1.));
#5675=DIRECTION('',(-6.12303176911189E-17,1.,-4.66887548236996E-33));
#5676=DIRECTION('',(-2.85876729045788E-49,4.66887548236996E-33,1.));
#5677=DIRECTION('',(6.12303176911189E-17,-1.,4.66887548236996E-33));
#5678=DIRECTION('center_axis',(-6.12303176911189E-17,1.,-4.66887548236996E-33));
#5679=DIRECTION('ref_axis',(-1.,-6.12303176911189E-17,6.30808536718839E-16));
#5680=DIRECTION('center_axis',(1.07489610383834E-16,-1.,4.66887548236996E-33));
#5681=DIRECTION('ref_axis',(-1.,-6.12303176911189E-17,6.30808536718839E-16));
#5682=DIRECTION('',(-6.12303176911189E-17,1.,-4.66887548236996E-33));
#5683=DIRECTION('center_axis',(-6.12303176911189E-17,1.,-4.66887548236996E-33));
#5684=DIRECTION('ref_axis',(-1.,-6.12303176911189E-17,6.30808536718839E-16));
#5685=DIRECTION('center_axis',(-1.4971024998404E-17,1.,-4.66887548236996E-33));
#5686=DIRECTION('ref_axis',(-1.,-6.12303176911189E-17,6.30808536718839E-16));
#5687=DIRECTION('center_axis',(-6.12303176911189E-17,1.,-4.66887548236996E-33));
#5688=DIRECTION('ref_axis',(1.,6.12303176911189E-17,0.));
#5689=DIRECTION('',(6.12303176911189E-17,-1.,4.66887548236996E-33));
#5690=DIRECTION('center_axis',(-1.4971024998404E-17,1.,-4.66887548236996E-33));
#5691=DIRECTION('ref_axis',(1.,6.12303176911189E-17,0.));
#5692=DIRECTION('',(6.12303176911189E-17,-1.,4.66887548236996E-33));
#5693=DIRECTION('center_axis',(1.,6.12303176911189E-17,3.08395284618098E-15));
#5694=DIRECTION('ref_axis',(3.08395284618098E-15,1.84162537033722E-31,-1.));
#5695=DIRECTION('',(-6.12303176911189E-17,1.,-4.66887548236996E-33));
#5696=DIRECTION('',(3.08395284618098E-15,4.15010596717047E-32,-1.));
#5697=DIRECTION('center_axis',(1.,6.12303176911189E-17,3.08395284618098E-15));
#5698=DIRECTION('ref_axis',(3.08395284618098E-15,1.84162537033722E-31,-1.));
#5699=DIRECTION('',(-3.08395284618098E-15,-3.26824014395738E-31,1.));
#5700=DIRECTION('',(-6.12303176911189E-17,1.,-4.66887548236996E-33));
#5701=DIRECTION('',(6.12303176911189E-17,-1.,4.66887548236996E-33));
#5702=DIRECTION('center_axis',(-6.12303176911189E-17,1.,-4.66887548236996E-33));
#5703=DIRECTION('ref_axis',(1.,6.12303176911189E-17,0.));
#5704=DIRECTION('center_axis',(1.07489610383834E-16,-1.,4.66887548236996E-33));
#5705=DIRECTION('ref_axis',(1.,6.12303176911189E-17,0.));
#5706=DIRECTION('center_axis',(-2.85876729045788E-49,4.66887548236996E-33,
1.));
#5707=DIRECTION('ref_axis',(1.,6.12303176911189E-17,0.));
#5708=DIRECTION('',(1.,1.4971024998404E-17,2.15978877484792E-49));
#5709=DIRECTION('center_axis',(1.4971024998404E-17,-1.,4.66887548236996E-33));
#5710=DIRECTION('ref_axis',(2.85876729045788E-49,-4.66887548236996E-33,
-1.));
#5711=DIRECTION('',(1.22451068892481E-16,6.50209349584058E-33,1.));
#5712=DIRECTION('',(4.62592926927149E-16,3.29935873597838E-32,1.));
#5713=DIRECTION('',(1.,1.4971024998404E-17,-1.03565580655358E-17));
#5714=DIRECTION('',(2.85876729045788E-49,-4.66887548236996E-33,-1.));
#5715=DIRECTION('',(1.,1.4971024998404E-17,2.15978877484792E-49));
#5716=DIRECTION('',(2.85876729045788E-49,-4.66887548236996E-33,-1.));
#5717=DIRECTION('',(1.,1.4971024998404E-17,3.1746573416569E-17));
#5718=DIRECTION('',(1.25366570532778E-16,-2.79200942095956E-33,-1.));
#5719=DIRECTION('center_axis',(1.,6.12303176911189E-17,0.));
#5720=DIRECTION('ref_axis',(2.85876729045788E-49,-4.66887548236996E-33,
-1.));
#5721=DIRECTION('center_axis',(-1.,-6.12303176911189E-17,0.));
#5722=DIRECTION('ref_axis',(-4.32963728535967E-17,0.707106781186547,0.707106781186548));
#5723=DIRECTION('',(-2.85876729045788E-49,4.66887548236996E-33,1.));
#5724=DIRECTION('',(-6.12303176911189E-17,1.,-4.66887548236996E-33));
#5725=DIRECTION('center_axis',(1.,6.12303176911189E-17,0.));
#5726=DIRECTION('ref_axis',(-4.32963728535968E-17,0.707106781186548,0.707106781186547));
#5727=DIRECTION('',(1.1575370282635E-17,-0.189046386155105,-0.981968158282994));
#5728=DIRECTION('',(0.968598537073654,-0.248629994125363,1.16082248375369E-33));
#5729=DIRECTION('center_axis',(-0.248629994125363,-0.968598537073654,4.52226596200259E-33));
#5730=DIRECTION('ref_axis',(0.968598537073654,-0.248629994125363,1.16082248375369E-33));
#5731=DIRECTION('',(0.968598537073654,-0.248629994125363,1.16082248375369E-33));
#5732=DIRECTION('center_axis',(-2.85876729045788E-49,4.66887548236996E-33,
1.));
#5733=DIRECTION('ref_axis',(-1.,-6.12303176911189E-17,0.));
#5734=DIRECTION('center_axis',(-0.970295726275996,-0.241921895599669,1.12950320701376E-33));
#5735=DIRECTION('ref_axis',(0.241921895599669,-0.970295726275996,4.53018992705835E-33));
#5736=DIRECTION('',(-2.85876729045788E-49,4.66887548236996E-33,1.));
#5737=DIRECTION('center_axis',(1.,6.12303176911189E-17,0.));
#5738=DIRECTION('ref_axis',(-6.12303176911189E-17,1.,-4.66887548236996E-33));
#5739=DIRECTION('',(-1.22451068892481E-16,-1.78310931687067E-32,-1.));
#5740=DIRECTION('',(-2.85876729045788E-49,4.66887548236996E-33,1.));
#5741=DIRECTION('',(-1.,-1.07489610383834E-16,1.03565580655358E-17));
#5742=DIRECTION('',(-1.1575370282635E-17,0.189046386155105,-0.981968158282994));
#5743=DIRECTION('',(0.968598537073654,0.248629994125363,-1.16082248375369E-33));
#5744=DIRECTION('',(-1.22451068892481E-16,-1.78310931687067E-32,-1.));
#5745=DIRECTION('',(-4.62592926927149E-16,-3.29935873597838E-32,-1.));
#5746=DIRECTION('center_axis',(0.248629994125363,-0.968598537073654,4.52226596200259E-33));
#5747=DIRECTION('ref_axis',(0.968598537073654,0.248629994125363,-1.16082248375369E-33));
#5748=DIRECTION('center_axis',(-1.07489610383834E-16,1.,-4.66887548236996E-33));
#5749=DIRECTION('ref_axis',(-2.85876729045788E-49,4.66887548236996E-33,
1.));
#5750=DIRECTION('',(-1.,-1.07489610383834E-16,2.15978877484792E-49));
#5751=DIRECTION('',(-1.25366570532778E-16,-8.80672833935571E-33,1.));
#5752=DIRECTION('',(-1.,-1.07489610383834E-16,-3.1746573416569E-17));
#5753=DIRECTION('',(-1.,-1.07489610383834E-16,2.15978877484792E-49));
#5754=DIRECTION('',(2.85876729045788E-49,-4.66887548236996E-33,-1.));
#5755=DIRECTION('center_axis',(0.970295726275996,0.241921895599669,-1.12950320701376E-33));
#5756=DIRECTION('ref_axis',(-0.241921895599669,0.970295726275996,-4.53018992705835E-33));
#5757=DIRECTION('',(-2.85876729045788E-49,4.66887548236996E-33,1.));
#5758=DIRECTION('center_axis',(-1.,-6.12303176911189E-17,0.));
#5759=DIRECTION('ref_axis',(6.12303176911189E-17,-1.,4.66887548236996E-33));
#5760=DIRECTION('',(1.25366570532778E-16,-2.79200942095956E-33,-1.));
#5761=DIRECTION('',(-2.85876729045788E-49,4.66887548236996E-33,1.));
#5762=DIRECTION('',(1.1575370282635E-17,-0.189046386155105,-0.981968158282994));
#5763=DIRECTION('',(-0.968598537073654,-0.248629994125363,1.16082248375369E-33));
#5764=DIRECTION('center_axis',(-0.248629994125363,0.968598537073654,-4.52226596200259E-33));
#5765=DIRECTION('ref_axis',(-0.968598537073654,-0.248629994125363,1.16082248375369E-33));
#5766=DIRECTION('center_axis',(-0.241921895599669,-0.970295726275996,4.53018992705835E-33));
#5767=DIRECTION('ref_axis',(0.970295726275996,-0.241921895599669,1.12950320701376E-33));
#5768=DIRECTION('center_axis',(1.,6.12303176911189E-17,0.));
#5769=DIRECTION('ref_axis',(2.85876729045788E-49,-4.66887548236996E-33,
-1.));
#5770=DIRECTION('center_axis',(1.,6.12303176911189E-17,0.));
#5771=DIRECTION('ref_axis',(4.32963728535968E-17,-0.707106781186548,0.707106781186547));
#5772=DIRECTION('',(-6.12303176911189E-17,1.,-4.66887548236996E-33));
#5773=DIRECTION('',(-2.85876729045788E-49,4.66887548236996E-33,1.));
#5774=DIRECTION('center_axis',(-1.,-6.12303176911189E-17,0.));
#5775=DIRECTION('ref_axis',(4.32963728535968E-17,-0.707106781186548,0.707106781186547));
#5776=DIRECTION('center_axis',(-6.12303176911189E-17,1.,-4.66887548236996E-33));
#5777=DIRECTION('ref_axis',(-0.707106781186548,-4.32963728535968E-17,0.707106781186547));
#5778=DIRECTION('center_axis',(7.55119708081843E-16,-1.,4.66887548236996E-33));
#5779=DIRECTION('ref_axis',(-0.707106781186548,-4.32963728535968E-17,0.707106781186547));
#5780=DIRECTION('',(6.12303176911189E-17,-1.,4.66887548236996E-33));
#5781=DIRECTION('center_axis',(6.32659072699605E-16,1.,-4.66887548236996E-33));
#5782=DIRECTION('ref_axis',(-0.707106781186548,-4.32963728535968E-17,0.707106781186547));
#5783=DIRECTION('',(-6.12303176911189E-17,1.,-4.66887548236996E-33));
#5784=DIRECTION('center_axis',(7.55119708081843E-16,-1.,4.66887548236996E-33));
#5785=DIRECTION('ref_axis',(2.85876729045788E-49,-4.66887548236996E-33,
-1.));
#5786=DIRECTION('',(-2.85876729045788E-49,4.66887548236996E-33,1.));
#5787=DIRECTION('',(-1.,-7.55119708081843E-16,3.23968316227189E-48));
#5788=DIRECTION('center_axis',(-7.55119708081843E-16,1.,-4.66887548236996E-33));
#5789=DIRECTION('ref_axis',(-0.707106781186548,-4.32963728535968E-17,0.707106781186547));
#5790=DIRECTION('',(2.85876729045788E-49,-4.66887548236996E-33,-1.));
#5791=DIRECTION('',(-1.,-4.0817501288648E-16,1.61984158113594E-48));
#5792=DIRECTION('',(2.85876729045788E-49,-4.66887548236996E-33,-1.));
#5793=DIRECTION('center_axis',(2.85876729045788E-49,-4.66887548236996E-33,
-1.));
#5794=DIRECTION('ref_axis',(0.707106781186548,-0.707106781186547,3.30139351409941E-33));
#5795=DIRECTION('',(2.85876729045788E-49,-4.66887548236996E-33,-1.));
#5796=DIRECTION('center_axis',(2.85876729045788E-49,-4.66887548236996E-33,
-1.));
#5797=DIRECTION('ref_axis',(0.707106781186548,-0.707106781186547,3.30139351409941E-33));
#5798=DIRECTION('center_axis',(-2.85876729045788E-49,4.66887548236996E-33,
1.));
#5799=DIRECTION('ref_axis',(1.,6.12303176911189E-17,0.));
#5800=DIRECTION('',(6.12303176911189E-17,-1.,4.66887548236996E-33));
#5801=DIRECTION('center_axis',(-2.85876729045788E-49,4.66887548236996E-33,
1.));
#5802=DIRECTION('ref_axis',(0.707106781186547,-0.707106781186547,3.30139351409941E-33));
#5803=DIRECTION('',(-1.,-6.12303176911189E-17,0.));
#5804=DIRECTION('',(-6.12303176911189E-17,1.,-4.66887548236996E-33));
#5805=DIRECTION('',(1.,6.12303176911189E-17,0.));
#5806=DIRECTION('',(-1.,-2.03566602899472E-16,6.64550392260899E-49));
#5807=DIRECTION('',(1.,-2.4716496692698E-16,1.43985918323195E-48));
#5808=DIRECTION('',(6.12303176911189E-17,-1.,4.66887548236996E-33));
#5809=DIRECTION('',(-1.,-6.12303176911189E-17,0.));
#5810=DIRECTION('center_axis',(-2.85876729045788E-49,4.66887548236996E-33,
1.));
#5811=DIRECTION('ref_axis',(-0.707106781186548,-0.707106781186547,3.30139351409941E-33));
#5812=DIRECTION('',(-6.12303176911189E-17,1.,-4.66887548236996E-33));
#5813=DIRECTION('',(6.12303176911189E-17,-1.,4.66887548236996E-33));
#5814=DIRECTION('',(-6.12303176911189E-17,1.,-4.66887548236996E-33));
#5815=DIRECTION('center_axis',(-2.85876729045788E-49,4.66887548236996E-33,
1.));
#5816=DIRECTION('ref_axis',(-0.707106781186547,0.707106781186547,-3.30139351409941E-33));
#5817=DIRECTION('',(1.,6.12303176911189E-17,0.));
#5818=DIRECTION('',(6.12303176911189E-17,-1.,4.66887548236996E-33));
#5819=DIRECTION('',(-1.,2.4716496692698E-16,-1.43985918323195E-48));
#5820=DIRECTION('',(1.,-8.11059675172345E-17,6.64550392260899E-49));
#5821=DIRECTION('',(-1.,-6.12303176911189E-17,0.));
#5822=DIRECTION('',(-6.12303176911189E-17,1.,-4.66887548236996E-33));
#5823=DIRECTION('',(1.,6.12303176911189E-17,0.));
#5824=DIRECTION('center_axis',(-2.85876729045788E-49,4.66887548236996E-33,
1.));
#5825=DIRECTION('ref_axis',(0.707106781186548,0.707106781186547,-3.30139351409941E-33));
#5826=DIRECTION('',(6.12303176911189E-17,-1.,4.66887548236996E-33));
#5827=DIRECTION('center_axis',(2.85876729045788E-49,-4.66887548236996E-33,
-1.));
#5828=DIRECTION('ref_axis',(-1.,-6.12303176911189E-17,0.));
#5829=DIRECTION('center_axis',(6.12303176911189E-17,-1.,4.66887548236996E-33));
#5830=DIRECTION('ref_axis',(0.707106781186548,4.32963728535968E-17,0.707106781186547));
#5831=DIRECTION('center_axis',(-4.08175012886481E-16,1.,-4.66887548236996E-33));
#5832=DIRECTION('ref_axis',(0.707106781186548,4.32963728535968E-17,0.707106781186547));
#5833=DIRECTION('',(-6.12303176911189E-17,1.,-4.66887548236996E-33));
#5834=DIRECTION('center_axis',(-2.85714377504243E-16,-1.,4.66887548236996E-33));
#5835=DIRECTION('ref_axis',(0.707106781186548,4.32963728535968E-17,0.707106781186547));
#5836=DIRECTION('center_axis',(-4.08175012886481E-16,1.,-4.66887548236996E-33));
#5837=DIRECTION('ref_axis',(-2.85876729045788E-49,4.66887548236996E-33,
1.));
#5838=DIRECTION('',(-2.85876729045788E-49,4.66887548236996E-33,1.));
#5839=DIRECTION('',(1.,4.08175012886481E-16,-1.61984158113594E-48));
#5840=DIRECTION('center_axis',(4.08175012886481E-16,-1.,4.66887548236996E-33));
#5841=DIRECTION('ref_axis',(0.707106781186548,4.32963728535968E-17,0.707106781186547));
#5842=DIRECTION('',(2.85876729045788E-49,-4.66887548236996E-33,-1.));
#5843=DIRECTION('',(1.,4.0817501288648E-16,-1.61984158113594E-48));
#5844=DIRECTION('',(2.85876729045788E-49,-4.66887548236996E-33,-1.));
#5845=DIRECTION('center_axis',(2.85876729045788E-49,-4.66887548236996E-33,
-1.));
#5846=DIRECTION('ref_axis',(-0.707106781186548,0.707106781186547,-3.30139351409941E-33));
#5847=DIRECTION('',(2.85876729045788E-49,-4.66887548236996E-33,-1.));
#5848=DIRECTION('center_axis',(2.85876729045788E-49,-4.66887548236996E-33,
-1.));
#5849=DIRECTION('ref_axis',(-0.707106781186548,0.707106781186547,-3.30139351409941E-33));
#5850=DIRECTION('center_axis',(1.,-8.11059675172345E-17,6.64550392260899E-49));
#5851=DIRECTION('ref_axis',(-4.32963728535967E-17,0.707106781186547,0.707106781186548));
#5852=DIRECTION('center_axis',(1.,6.12303176911189E-17,0.));
#5853=DIRECTION('ref_axis',(-4.32963728535967E-17,0.707106781186547,0.707106781186548));
#5854=DIRECTION('center_axis',(-1.,-2.03566602899472E-16,6.64550392260899E-49));
#5855=DIRECTION('ref_axis',(4.32963728535968E-17,-0.707106781186548,0.707106781186547));
#5856=DIRECTION('center_axis',(6.12303176911189E-17,-1.,4.66887548236996E-33));
#5857=DIRECTION('ref_axis',(0.707106781186548,4.32963728535968E-17,0.707106781186547));
#5858=DIRECTION('center_axis',(2.85714377504243E-16,1.,-4.66887548236996E-33));
#5859=DIRECTION('ref_axis',(0.707106781186548,4.32963728535968E-17,0.707106781186547));
#5860=DIRECTION('',(6.12303176911189E-17,-1.,4.66887548236996E-33));
#5861=DIRECTION('',(-6.12303176911189E-17,1.,-4.66887548236996E-33));
#5862=DIRECTION('center_axis',(-1.,-6.12303176911189E-17,0.));
#5863=DIRECTION('ref_axis',(-2.85876729045788E-49,4.66887548236996E-33,
1.));
#5864=DIRECTION('',(2.85876729045788E-49,-4.66887548236996E-33,-1.));
#5865=DIRECTION('',(6.12303176911189E-17,-1.,4.66887548236996E-33));
#5866=DIRECTION('center_axis',(-6.12303176911189E-17,1.,-4.66887548236996E-33));
#5867=DIRECTION('ref_axis',(-0.707106781186548,-4.32963728535968E-17,0.707106781186547));
#5868=DIRECTION('center_axis',(-6.32659072699605E-16,-1.,4.66887548236996E-33));
#5869=DIRECTION('ref_axis',(-0.707106781186548,-4.32963728535968E-17,0.707106781186547));
#5870=DIRECTION('',(-6.12303176911189E-17,1.,-4.66887548236996E-33));
#5871=DIRECTION('',(6.12303176911189E-17,-1.,4.66887548236996E-33));
#5872=DIRECTION('center_axis',(1.,6.12303176911189E-17,0.));
#5873=DIRECTION('ref_axis',(2.85876729045788E-49,-4.66887548236996E-33,
-1.));
#5874=DIRECTION('',(2.85876729045788E-49,-4.66887548236996E-33,-1.));
#5875=DIRECTION('',(-6.12303176911189E-17,1.,-4.66887548236996E-33));
#5876=DIRECTION('center_axis',(1.,1.4971024998404E-17,2.15978877484792E-49));
#5877=DIRECTION('ref_axis',(-4.32963728535968E-17,0.707106781186548,0.707106781186547));
#5878=DIRECTION('',(-1.,-1.4971024998404E-17,-2.15978877484792E-49));
#5879=DIRECTION('center_axis',(-1.,-6.12303176911189E-17,0.));
#5880=DIRECTION('ref_axis',(-4.32963728535968E-17,0.707106781186548,0.707106781186547));
#5881=DIRECTION('center_axis',(-1.,-1.07489610383834E-16,2.15978877484792E-49));
#5882=DIRECTION('ref_axis',(4.32963728535968E-17,-0.707106781186548,0.707106781186547));
#5883=DIRECTION('',(1.,1.07489610383834E-16,-2.15978877484792E-49));
#5884=DIRECTION('center_axis',(2.85876729045788E-49,-4.66887548236996E-33,
-1.));
#5885=DIRECTION('ref_axis',(-0.707106781186547,0.707106781186547,-3.30139351409941E-33));
#5886=DIRECTION('',(2.85876729045788E-49,-4.66887548236996E-33,-1.));
#5887=DIRECTION('center_axis',(2.85876729045788E-49,-4.66887548236996E-33,
-1.));
#5888=DIRECTION('ref_axis',(-0.707106781186547,0.707106781186547,-3.30139351409941E-33));
#5889=DIRECTION('',(-2.85876729045788E-49,4.66887548236996E-33,1.));
#5890=DIRECTION('center_axis',(-1.,-6.12303176911189E-17,0.));
#5891=DIRECTION('ref_axis',(-2.85876729045788E-49,4.66887548236996E-33,
1.));
#5892=DIRECTION('',(-2.85876729045788E-49,4.66887548236996E-33,1.));
#5893=DIRECTION('',(6.12303176911189E-17,-1.,4.66887548236996E-33));
#5894=DIRECTION('center_axis',(2.85876729045788E-49,-4.66887548236996E-33,
-1.));
#5895=DIRECTION('ref_axis',(-0.707106781186548,-0.707106781186547,3.30139351409941E-33));
#5896=DIRECTION('',(2.85876729045788E-49,-4.66887548236996E-33,-1.));
#5897=DIRECTION('center_axis',(2.85876729045788E-49,-4.66887548236996E-33,
-1.));
#5898=DIRECTION('ref_axis',(-0.707106781186548,-0.707106781186547,3.30139351409941E-33));
#5899=DIRECTION('center_axis',(2.85876729045788E-49,-4.66887548236996E-33,
-1.));
#5900=DIRECTION('ref_axis',(-0.707106781186548,-0.707106781186547,3.30139351409941E-33));
#5901=DIRECTION('',(2.85876729045788E-49,-4.66887548236996E-33,-1.));
#5902=DIRECTION('center_axis',(2.85876729045788E-49,-4.66887548236996E-33,
-1.));
#5903=DIRECTION('ref_axis',(-0.707106781186548,-0.707106781186547,3.30139351409941E-33));
#5904=DIRECTION('',(-2.85876729045788E-49,4.66887548236996E-33,1.));
#5905=DIRECTION('center_axis',(6.12303176911189E-17,-1.,4.66887548236996E-33));
#5906=DIRECTION('ref_axis',(2.85876729045788E-49,-4.66887548236996E-33,
-1.));
#5907=DIRECTION('',(-2.85876729045788E-49,4.66887548236996E-33,1.));
#5908=DIRECTION('',(1.,6.12303176911189E-17,0.));
#5909=DIRECTION('center_axis',(2.85876729045788E-49,-4.66887548236996E-33,
-1.));
#5910=DIRECTION('ref_axis',(0.707106781186547,-0.707106781186547,3.30139351409941E-33));
#5911=DIRECTION('',(2.85876729045788E-49,-4.66887548236996E-33,-1.));
#5912=DIRECTION('center_axis',(2.85876729045788E-49,-4.66887548236996E-33,
-1.));
#5913=DIRECTION('ref_axis',(0.707106781186547,-0.707106781186547,3.30139351409941E-33));
#5914=DIRECTION('',(-2.85876729045788E-49,4.66887548236996E-33,1.));
#5915=DIRECTION('center_axis',(1.,6.12303176911189E-17,0.));
#5916=DIRECTION('ref_axis',(2.85876729045788E-49,-4.66887548236996E-33,
-1.));
#5917=DIRECTION('',(-2.85876729045788E-49,4.66887548236996E-33,1.));
#5918=DIRECTION('',(-6.12303176911189E-17,1.,-4.66887548236996E-33));
#5919=DIRECTION('center_axis',(2.85876729045788E-49,-4.66887548236996E-33,
-1.));
#5920=DIRECTION('ref_axis',(0.707106781186548,0.707106781186547,-3.30139351409941E-33));
#5921=DIRECTION('',(2.85876729045788E-49,-4.66887548236996E-33,-1.));
#5922=DIRECTION('center_axis',(2.85876729045788E-49,-4.66887548236996E-33,
-1.));
#5923=DIRECTION('ref_axis',(0.707106781186548,0.707106781186547,-3.30139351409941E-33));
#5924=DIRECTION('center_axis',(2.85876729045788E-49,-4.66887548236996E-33,
-1.));
#5925=DIRECTION('ref_axis',(0.707106781186548,0.707106781186547,-3.30139351409941E-33));
#5926=DIRECTION('',(2.85876729045788E-49,-4.66887548236996E-33,-1.));
#5927=DIRECTION('center_axis',(2.85876729045788E-49,-4.66887548236996E-33,
-1.));
#5928=DIRECTION('ref_axis',(0.707106781186548,0.707106781186547,-3.30139351409941E-33));
#5929=DIRECTION('',(-2.85876729045788E-49,4.66887548236996E-33,1.));
#5930=DIRECTION('center_axis',(-6.12303176911189E-17,1.,-4.66887548236996E-33));
#5931=DIRECTION('ref_axis',(-2.85876729045788E-49,4.66887548236996E-33,
1.));
#5932=DIRECTION('',(-2.85876729045788E-49,4.66887548236996E-33,1.));
#5933=DIRECTION('',(-1.,-6.12303176911189E-17,0.));
#5934=DIRECTION('center_axis',(-2.4716496692698E-16,-1.,4.66887548236996E-33));
#5935=DIRECTION('ref_axis',(2.85876729045788E-49,-4.66887548236996E-33,
-1.));
#5936=DIRECTION('',(-2.85876729045788E-49,4.66887548236996E-33,1.));
#5937=DIRECTION('',(1.,-2.4716496692698E-16,1.43985918323195E-48));
#5938=DIRECTION('center_axis',(6.12303176911189E-17,-1.,4.66887548236996E-33));
#5939=DIRECTION('ref_axis',(2.85876729045788E-49,-4.66887548236996E-33,
-1.));
#5940=DIRECTION('',(-2.85876729045788E-49,4.66887548236996E-33,1.));
#5941=DIRECTION('',(1.,6.12303176911189E-17,0.));
#5942=DIRECTION('',(2.85876729045788E-49,-4.66887548236996E-33,-1.));
#5943=DIRECTION('center_axis',(-6.12303176911189E-17,1.,-4.66887548236996E-33));
#5944=DIRECTION('ref_axis',(-2.85876729045788E-49,4.66887548236996E-33,
1.));
#5945=DIRECTION('',(-2.85876729045788E-49,4.66887548236996E-33,1.));
#5946=DIRECTION('',(-1.,-6.12303176911189E-17,0.));
#5947=DIRECTION('center_axis',(2.4716496692698E-16,1.,-4.66887548236996E-33));
#5948=DIRECTION('ref_axis',(-2.85876729045788E-49,4.66887548236996E-33,
1.));
#5949=DIRECTION('',(-1.,2.4716496692698E-16,-1.43985918323195E-48));
#5950=DIRECTION('',(2.85876729045788E-49,-4.66887548236996E-33,-1.));
#5951=DIRECTION('center_axis',(-1.,-6.12303176911189E-17,0.));
#5952=DIRECTION('ref_axis',(-2.85876729045788E-49,4.66887548236996E-33,
1.));
#5953=DIRECTION('',(2.85876729045788E-49,-4.66887548236996E-33,-1.));
#5954=DIRECTION('',(-6.12303176911189E-17,1.,-4.66887548236996E-33));
#5955=DIRECTION('center_axis',(-2.85876729045788E-49,4.66887548236996E-33,
1.));
#5956=DIRECTION('ref_axis',(1.,6.12303176911189E-17,0.));
#5957=DIRECTION('',(-1.,-6.12303176911189E-17,0.));
#5958=DIRECTION('',(-6.12303176911189E-17,1.,-4.66887548236996E-33));
#5959=DIRECTION('center_axis',(-2.85876729045788E-49,4.66887548236996E-33,
1.));
#5960=DIRECTION('ref_axis',(1.,6.12303176911189E-17,0.));
#5961=DIRECTION('',(1.,-6.32659072699602E-16,3.23968316227187E-48));
#5962=DIRECTION('',(-2.85714377504242E-16,-1.,4.66887548236996E-33));
#5963=DIRECTION('center_axis',(6.12303176911189E-17,-1.,4.66887548236996E-33));
#5964=DIRECTION('ref_axis',(2.85876729045788E-49,-4.66887548236996E-33,
-1.));
#5965=DIRECTION('',(1.,6.12303176911189E-17,0.));
#5966=DIRECTION('center_axis',(6.32659072699605E-16,1.,-4.66887548236996E-33));
#5967=DIRECTION('ref_axis',(-2.85876729045788E-49,4.66887548236996E-33,
1.));
#5968=DIRECTION('',(-2.85876729045788E-49,4.66887548236996E-33,1.));
#5969=DIRECTION('',(1.,-6.32659072699605E-16,3.23968316227189E-48));
#5970=DIRECTION('center_axis',(1.,6.12303176911189E-17,0.));
#5971=DIRECTION('ref_axis',(2.85876729045788E-49,-4.66887548236996E-33,
-1.));
#5972=DIRECTION('',(-6.12303176911189E-17,1.,-4.66887548236996E-33));
#5973=DIRECTION('center_axis',(-2.85714377504243E-16,-1.,4.66887548236996E-33));
#5974=DIRECTION('ref_axis',(2.85876729045788E-49,-4.66887548236996E-33,
-1.));
#5975=DIRECTION('',(-2.85876729045788E-49,4.66887548236996E-33,1.));
#5976=DIRECTION('',(-1.,2.85714377504243E-16,-1.61984158113594E-48));
#5977=DIRECTION('center_axis',(-6.12303176911189E-17,1.,-4.66887548236996E-33));
#5978=DIRECTION('ref_axis',(-2.85876729045788E-49,4.66887548236996E-33,
1.));
#5979=DIRECTION('',(-1.,-6.12303176911189E-17,0.));
#5980=DIRECTION('',(2.85876729045788E-49,-4.66887548236996E-33,-1.));
#5981=DIRECTION('center_axis',(-1.,-6.12303176911189E-17,0.));
#5982=DIRECTION('ref_axis',(-2.85876729045788E-49,4.66887548236996E-33,
1.));
#5983=DIRECTION('',(6.12303176911189E-17,-1.,4.66887548236996E-33));
#5984=DIRECTION('center_axis',(-1.,-6.12303176911189E-17,0.));
#5985=DIRECTION('ref_axis',(-2.85876729045788E-49,4.66887548236996E-33,
1.));
#5986=DIRECTION('',(-6.12303176911189E-17,1.,-4.66887548236996E-33));
#5987=DIRECTION('center_axis',(1.,6.12303176911189E-17,0.));
#5988=DIRECTION('ref_axis',(2.85876729045788E-49,-4.66887548236996E-33,
-1.));
#5989=DIRECTION('center_axis',(1.,6.12303176911189E-17,0.));
#5990=DIRECTION('ref_axis',(2.85876729045788E-49,-4.66887548236996E-33,
-1.));
#5991=DIRECTION('',(6.12303176911189E-17,-1.,4.66887548236996E-33));
#5992=DIRECTION('center_axis',(-2.85876729045788E-49,4.66887548236996E-33,
1.));
#5993=DIRECTION('ref_axis',(1.,6.12303176911189E-17,0.));
#5994=DIRECTION('center_axis',(-1.,-6.12303176911189E-17,0.));
#5995=DIRECTION('ref_axis',(-2.85876729045788E-49,4.66887548236996E-33,
1.));
#5996=DIRECTION('',(6.12303176911189E-17,-1.,4.66887548236996E-33));
#5997=DIRECTION('center_axis',(-2.85876729045788E-49,4.66887548236996E-33,
1.));
#5998=DIRECTION('ref_axis',(1.,6.12303176911189E-17,0.));
#5999=DIRECTION('',(6.12303176911189E-17,-1.,4.66887548236996E-33));
#6000=DIRECTION('center_axis',(-2.85876729045788E-49,4.66887548236996E-33,
1.));
#6001=DIRECTION('ref_axis',(-1.,-6.12303176911189E-17,0.));
#6002=DIRECTION('center_axis',(-2.85876729045788E-49,4.66887548236996E-33,
1.));
#6003=DIRECTION('ref_axis',(-1.,-6.12303176911189E-17,0.));
#6004=DIRECTION('',(-2.85876729045788E-49,4.66887548236996E-33,1.));
#6005=DIRECTION('center_axis',(1.,6.12303176911189E-17,0.));
#6006=DIRECTION('ref_axis',(2.85876729045788E-49,-4.66887548236996E-33,
-1.));
#6007=DIRECTION('center_axis',(-1.,-6.12303176911189E-17,0.));
#6008=DIRECTION('ref_axis',(-2.85876729045788E-49,4.66887548236996E-33,
1.));
#6009=DIRECTION('center_axis',(0.,0.,1.));
#6010=DIRECTION('ref_axis',(1.,0.,0.));
#6011=DIRECTION('center_axis',(0.,0.,-1.));
#6012=DIRECTION('ref_axis',(0.,-1.,0.));
#6013=DIRECTION('',(-1.,1.46081976924363E-16,0.));
#6014=DIRECTION('center_axis',(0.,0.,-1.));
#6015=DIRECTION('ref_axis',(1.,-1.2490009027033E-15,0.));
#6016=DIRECTION('',(-5.04646829375071E-16,-1.,0.));
#6017=DIRECTION('center_axis',(0.,0.,-1.));
#6018=DIRECTION('ref_axis',(1.11022302462516E-15,1.,0.));
#6019=DIRECTION('',(1.,-2.19122965386544E-16,0.));
#6020=DIRECTION('center_axis',(0.,0.,-1.));
#6021=DIRECTION('ref_axis',(-1.,1.38777878078145E-16,0.));
#6022=DIRECTION('',(2.52323414687536E-16,1.,0.));
#6023=DIRECTION('center_axis',(0.,0.,-1.));
#6024=DIRECTION('ref_axis',(-1.,0.,0.));
#6025=DIRECTION('center_axis',(-1.46081976924363E-16,-1.,0.));
#6026=DIRECTION('ref_axis',(0.,0.,-1.));
#6027=DIRECTION('',(1.,-1.46081976924363E-16,0.));
#6028=DIRECTION('',(0.,0.,-1.));
#6029=DIRECTION('',(0.,0.,-1.));
#6030=DIRECTION('center_axis',(0.,0.,-1.));
#6031=DIRECTION('ref_axis',(1.,-1.2490009027033E-15,0.));
#6032=DIRECTION('center_axis',(0.,0.,1.));
#6033=DIRECTION('ref_axis',(1.,-1.2490009027033E-15,0.));
#6034=DIRECTION('',(0.,0.,-1.));
#6035=DIRECTION('center_axis',(1.,-5.04646829375071E-16,0.));
#6036=DIRECTION('ref_axis',(0.,0.,-1.));
#6037=DIRECTION('',(5.04646829375071E-16,1.,0.));
#6038=DIRECTION('',(0.,0.,-1.));
#6039=DIRECTION('center_axis',(0.,0.,-1.));
#6040=DIRECTION('ref_axis',(1.11022302462516E-15,1.,0.));
#6041=DIRECTION('center_axis',(0.,0.,1.));
#6042=DIRECTION('ref_axis',(1.11022302462516E-15,1.,0.));
#6043=DIRECTION('',(0.,0.,-1.));
#6044=DIRECTION('center_axis',(2.19122965386544E-16,1.,0.));
#6045=DIRECTION('ref_axis',(0.,0.,1.));
#6046=DIRECTION('',(-1.,2.19122965386544E-16,0.));
#6047=DIRECTION('',(0.,0.,-1.));
#6048=DIRECTION('center_axis',(0.,0.,-1.));
#6049=DIRECTION('ref_axis',(-1.,1.38777878078145E-16,0.));
#6050=DIRECTION('center_axis',(0.,0.,1.));
#6051=DIRECTION('ref_axis',(-1.,1.38777878078145E-16,0.));
#6052=DIRECTION('',(0.,0.,-1.));
#6053=DIRECTION('center_axis',(-1.,2.52323414687536E-16,0.));
#6054=DIRECTION('ref_axis',(0.,0.,1.));
#6055=DIRECTION('',(-2.52323414687536E-16,-1.,0.));
#6056=DIRECTION('',(0.,0.,-1.));
#6057=DIRECTION('center_axis',(0.,0.,-1.));
#6058=DIRECTION('ref_axis',(0.,-1.,0.));
#6059=DIRECTION('center_axis',(0.,0.,1.));
#6060=DIRECTION('ref_axis',(0.,-1.,0.));
#6061=DIRECTION('center_axis',(0.,0.,1.));
#6062=DIRECTION('ref_axis',(1.,0.,0.));
#6063=DIRECTION('center_axis',(0.,0.,-1.));
#6064=DIRECTION('ref_axis',(-1.,0.,0.));
#6065=DIRECTION('center_axis',(0.,0.,1.));
#6066=DIRECTION('ref_axis',(-1.,0.,0.));
#6067=DIRECTION('center_axis',(-1.22464679914735E-16,-1.,0.));
#6068=DIRECTION('ref_axis',(1.,-1.22464679914735E-16,0.));
#6069=DIRECTION('center_axis',(0.,0.,-1.));
#6070=DIRECTION('ref_axis',(-1.,0.,0.));
#6071=DIRECTION('center_axis',(0.,0.,1.));
#6072=DIRECTION('ref_axis',(-1.,0.,0.));
#6073=DIRECTION('',(0.,0.,-1.));
#6074=DIRECTION('center_axis',(0.,0.,-1.));
#6075=DIRECTION('ref_axis',(-1.,0.,0.));
#6076=DIRECTION('center_axis',(1.,-1.38777878078145E-16,-3.34095588761525E-48));
#6077=DIRECTION('ref_axis',(-3.34095588761525E-48,2.31825384417964E-63,
-1.));
#6078=DIRECTION('',(3.34095588761525E-48,-2.31825384417964E-63,1.));
#6079=DIRECTION('',(1.38777878078145E-16,1.,1.85460307534371E-63));
#6080=DIRECTION('',(-3.34095588761525E-48,2.31825384417964E-63,-1.));
#6081=DIRECTION('',(-1.38777878078145E-16,-1.,-1.85460307534371E-63));
#6082=DIRECTION('center_axis',(-1.38777878078145E-16,-1.,-1.85460307534371E-63));
#6083=DIRECTION('ref_axis',(1.,-1.38777878078145E-16,-3.34095588761525E-48));
#6084=DIRECTION('',(-1.,1.38777878078145E-16,-2.88512541962593E-16));
#6085=DIRECTION('center_axis',(1.38777878078145E-16,1.,1.85460307534371E-63));
#6086=DIRECTION('ref_axis',(3.85494105772624E-16,-5.34980540107565E-32,
-1.));
#6087=DIRECTION('',(-0.138404497794842,1.92074825204394E-17,-0.990375784735349));
#6088=DIRECTION('',(0.990375784735349,-1.37442249905549E-16,-0.138404497794841));
#6089=DIRECTION('',(0.138404497794844,-1.92074825204397E-17,0.990375784735348));
#6090=DIRECTION('center_axis',(-1.38777878078145E-16,-1.,-1.85460307534371E-63));
#6091=DIRECTION('ref_axis',(3.34095588761525E-48,-2.31825384417964E-63,
1.));
#6092=DIRECTION('',(1.,-1.38777878078145E-16,1.67033576925712E-16));
#6093=DIRECTION('center_axis',(2.88512541962593E-16,-4.00391583725003E-32,
-1.));
#6094=DIRECTION('ref_axis',(1.38777878078145E-16,1.,1.85460307534371E-63));
#6095=DIRECTION('',(1.,-1.38777878078145E-16,2.88512541962593E-16));
#6096=DIRECTION('',(-1.38777878078145E-16,-1.,-1.85460307534371E-63));
#6097=DIRECTION('center_axis',(-1.38777878078145E-16,-1.,-1.85460307534371E-63));
#6098=DIRECTION('ref_axis',(1.,-1.38777878078145E-16,-3.34095588761525E-48));
#6099=DIRECTION('',(-1.,1.38777878078145E-16,-1.67033576925712E-16));
#6100=DIRECTION('center_axis',(1.38777878078145E-16,1.,1.85460307534371E-63));
#6101=DIRECTION('ref_axis',(3.34095588761525E-48,-2.31825384417964E-63,
1.));
#6102=DIRECTION('',(-0.138404497794844,1.92074825204397E-17,-0.990375784735348));
#6103=DIRECTION('',(-0.990375784735349,1.37442249905549E-16,0.138404497794841));
#6104=DIRECTION('',(0.138404497794842,-1.92074825204394E-17,0.990375784735349));
#6105=DIRECTION('center_axis',(-1.38777878078145E-16,-1.,-1.85460307534371E-63));
#6106=DIRECTION('ref_axis',(3.85494105772624E-16,-5.34980540107565E-32,
-1.));
#6107=DIRECTION('center_axis',(-1.67033576925712E-16,2.31805653735528E-32,
1.));
#6108=DIRECTION('ref_axis',(-1.38777878078145E-16,-1.,-1.85460307534371E-63));
#6109=DIRECTION('',(-1.38777878078145E-16,-1.,-1.85460307534371E-63));
#6110=DIRECTION('center_axis',(-1.38777878078145E-16,-1.,-1.85460307534371E-63));
#6111=DIRECTION('ref_axis',(3.34095588761525E-48,-2.31825384417964E-63,
1.));
#6112=DIRECTION('',(-1.38777878078145E-16,-1.,-1.85460307534371E-63));
#6113=DIRECTION('center_axis',(-0.990375784735348,1.37442249905549E-16,
0.138404497794844));
#6114=DIRECTION('ref_axis',(-1.38777878078145E-16,-1.,-1.85460307534371E-63));
#6115=DIRECTION('',(-1.38777878078145E-16,-1.,-1.85460307534371E-63));
#6116=DIRECTION('center_axis',(0.138404497794841,-1.92074825204393E-17,
0.990375784735349));
#6117=DIRECTION('ref_axis',(-1.38777878078145E-16,-1.,-1.85460307534371E-63));
#6118=DIRECTION('',(-1.38777878078145E-16,-1.,-1.85460307534371E-63));
#6119=DIRECTION('center_axis',(0.990375784735349,-1.37442249905549E-16,
-0.138404497794842));
#6120=DIRECTION('ref_axis',(1.38777878078145E-16,1.,1.85460307534371E-63));
#6121=DIRECTION('',(-1.38777878078145E-16,-1.,-1.85460307534371E-63));
#6122=DIRECTION('center_axis',(-1.38777878078145E-16,-1.,-1.85460307534371E-63));
#6123=DIRECTION('ref_axis',(3.85494105772624E-16,-5.34980540107565E-32,
-1.));
#6124=DIRECTION('center_axis',(-1.,2.77555756156289E-16,-8.87468518373639E-31));
#6125=DIRECTION('ref_axis',(8.87468518373639E-31,-2.46321995682097E-46,
-1.));
#6126=DIRECTION('',(-8.87468518373639E-31,2.46321995682097E-46,1.));
#6127=DIRECTION('',(-2.77555756156289E-16,-1.,-7.77876909732643E-62));
#6128=DIRECTION('',(8.87468518373639E-31,-2.46321995682097E-46,-1.));
#6129=DIRECTION('',(2.77555756156289E-16,1.,7.77876909732643E-62));
#6130=DIRECTION('center_axis',(2.77555756156289E-16,1.,7.77876909732643E-62));
#6131=DIRECTION('ref_axis',(-1.,2.77555756156289E-16,-8.87468518373639E-31));
#6132=DIRECTION('',(1.,-2.77555756156289E-16,-2.88512541962592E-16));
#6133=DIRECTION('center_axis',(-2.77555756156289E-16,-1.,-7.77876909732643E-62));
#6134=DIRECTION('ref_axis',(-3.85494105772623E-16,1.06996108021513E-31,
-1.));
#6135=DIRECTION('',(0.138404497794842,-3.84149650408787E-17,-0.990375784735349));
#6136=DIRECTION('',(-0.990375784735349,2.74884499811098E-16,-0.138404497794841));
#6137=DIRECTION('',(-0.138404497794844,3.84149650408793E-17,0.990375784735348));
#6138=DIRECTION('center_axis',(2.77555756156289E-16,1.,7.77876909732643E-62));
#6139=DIRECTION('ref_axis',(-8.87468518373639E-31,2.46321995682097E-46,
1.));
#6140=DIRECTION('',(-1.,2.77555756156289E-16,1.67033576925711E-16));
#6141=DIRECTION('center_axis',(-2.88512541962592E-16,8.00783167450003E-32,
-1.));
#6142=DIRECTION('ref_axis',(-2.77555756156289E-16,-1.,-7.77876909732643E-62));
#6143=DIRECTION('',(-1.,2.77555756156289E-16,2.88512541962592E-16));
#6144=DIRECTION('',(2.77555756156289E-16,1.,7.77876909732643E-62));
#6145=DIRECTION('center_axis',(2.77555756156289E-16,1.,7.77876909732643E-62));
#6146=DIRECTION('ref_axis',(-1.,2.77555756156289E-16,-8.87468518373639E-31));
#6147=DIRECTION('',(1.,-2.77555756156289E-16,-1.67033576925711E-16));
#6148=DIRECTION('center_axis',(-2.77555756156289E-16,-1.,-7.77876909732643E-62));
#6149=DIRECTION('ref_axis',(-8.87468518373639E-31,2.46321995682097E-46,
1.));
#6150=DIRECTION('',(0.138404497794844,-3.84149650408793E-17,-0.990375784735348));
#6151=DIRECTION('',(0.990375784735349,-2.74884499811098E-16,0.138404497794841));
#6152=DIRECTION('',(-0.138404497794842,3.84149650408787E-17,0.990375784735349));
#6153=DIRECTION('center_axis',(2.77555756156289E-16,1.,7.77876909732643E-62));
#6154=DIRECTION('ref_axis',(-3.85494105772623E-16,1.06996108021513E-31,
-1.));
#6155=DIRECTION('center_axis',(1.67033576925711E-16,-4.63611307471054E-32,
1.));
#6156=DIRECTION('ref_axis',(2.77555756156289E-16,1.,7.77876909732643E-62));
#6157=DIRECTION('',(2.77555756156289E-16,1.,7.77876909732643E-62));
#6158=DIRECTION('center_axis',(2.77555756156289E-16,1.,7.77876909732643E-62));
#6159=DIRECTION('ref_axis',(-8.87468518373639E-31,2.46321995682097E-46,
1.));
#6160=DIRECTION('',(2.77555756156289E-16,1.,7.77876909732643E-62));
#6161=DIRECTION('center_axis',(0.990375784735348,-2.74884499811098E-16,
0.138404497794844));
#6162=DIRECTION('ref_axis',(2.77555756156289E-16,1.,7.77876909732643E-62));
#6163=DIRECTION('',(2.77555756156289E-16,1.,7.77876909732643E-62));
#6164=DIRECTION('center_axis',(-0.138404497794841,3.84149650408786E-17,
0.990375784735349));
#6165=DIRECTION('ref_axis',(2.77555756156289E-16,1.,7.77876909732643E-62));
#6166=DIRECTION('',(2.77555756156289E-16,1.,7.77876909732643E-62));
#6167=DIRECTION('center_axis',(-0.990375784735349,2.74884499811098E-16,
-0.138404497794842));
#6168=DIRECTION('ref_axis',(-2.77555756156289E-16,-1.,-7.77876909732643E-62));
#6169=DIRECTION('',(2.77555756156289E-16,1.,7.77876909732643E-62));
#6170=DIRECTION('center_axis',(2.77555756156289E-16,1.,7.77876909732643E-62));
#6171=DIRECTION('ref_axis',(-3.85494105772623E-16,1.06996108021513E-31,
-1.));
#6172=CARTESIAN_POINT('',(0.,0.,0.));
#6173=CARTESIAN_POINT('Origin',(-0.0471683532338476,0.0247169224142336,
0.));
#6174=CARTESIAN_POINT('',(-0.051682606923072,0.0285243603164801,0.));
#6175=CARTESIAN_POINT('',(-0.050975791136094,0.0202026687250092,0.));
#6176=CARTESIAN_POINT('Origin',(-0.0471683532338476,0.0247169224142336,
0.));
#6177=CARTESIAN_POINT('',(-0.051682606923072,0.0285243603164801,0.000196850393700787));
#6178=CARTESIAN_POINT('',(-0.051682606923072,0.0285243603164801,0.));
#6179=CARTESIAN_POINT('',(-0.050975791136094,0.0202026687250092,0.000196850393700787));
#6180=CARTESIAN_POINT('Origin',(-0.0471683532338476,0.0247169224142336,
0.000196850393700787));
#6181=CARTESIAN_POINT('',(-0.050975791136094,0.0202026687250092,0.));
#6182=CARTESIAN_POINT('Origin',(-0.0369605137010524,0.0459794745814813,
0.));
#6183=CARTESIAN_POINT('',(-0.0369605137010524,0.0459794745814813,0.));
#6184=CARTESIAN_POINT('',(-0.0406089954831336,0.0416536857524342,0.));
#6185=CARTESIAN_POINT('',(-0.0369605137010524,0.0459794745814813,0.000196850393700787));
#6186=CARTESIAN_POINT('',(-0.0369605137010524,0.0459794745814813,0.));
#6187=CARTESIAN_POINT('',(-0.051682606923072,0.0285243603164801,0.000196850393700787));
#6188=CARTESIAN_POINT('Origin',(-0.0324462600118279,0.0421720366792349,
0.));
#6189=CARTESIAN_POINT('',(-0.0286388221095815,0.0466862903684593,0.));
#6190=CARTESIAN_POINT('Origin',(-0.0324462600118279,0.0421720366792349,
0.));
#6191=CARTESIAN_POINT('',(-0.0286388221095815,0.0466862903684593,0.000196850393700787));
#6192=CARTESIAN_POINT('',(-0.0286388221095815,0.0466862903684593,0.));
#6193=CARTESIAN_POINT('Origin',(-0.0324462600118279,0.0421720366792349,
0.000196850393700787));
#6194=CARTESIAN_POINT('Origin',(0.0500553447894427,-0.0196863980899353,
0.));
#6195=CARTESIAN_POINT('',(0.0500553447894427,-0.0196863980899353,0.));
#6196=CARTESIAN_POINT('',(0.0305798731279258,-0.00326028337130826,0.));
#6197=CARTESIAN_POINT('',(0.0500553447894427,-0.0196863980899353,0.000196850393700787));
#6198=CARTESIAN_POINT('',(0.0500553447894427,-0.0196863980899353,0.));
#6199=CARTESIAN_POINT('',(-0.0286388221095815,0.0466862903684593,0.000196850393700787));
#6200=CARTESIAN_POINT('Origin',(0.0462479068871962,-0.0242006517791597,
0.));
#6201=CARTESIAN_POINT('',(0.0505734841839233,-0.0282211555784588,0.));
#6202=CARTESIAN_POINT('Origin',(0.0462479068871962,-0.0242006517791597,
0.));
#6203=CARTESIAN_POINT('',(0.0505734841839233,-0.0282211555784588,0.000196850393700787));
#6204=CARTESIAN_POINT('',(0.0505734841839233,-0.0282211555784588,0.));
#6205=CARTESIAN_POINT('Origin',(0.0462479068871962,-0.0242006517791597,
0.000196850393700787));
#6206=CARTESIAN_POINT('Origin',(0.0350094627730104,-0.0449661659108845,
0.));
#6207=CARTESIAN_POINT('',(0.0350094627730105,-0.0449661659108845,0.));
#6208=CARTESIAN_POINT('',(0.0381076336494461,-0.0416329076244907,0.));
#6209=CARTESIAN_POINT('',(0.0350094627730105,-0.0449661659108845,0.000196850393700787));
#6210=CARTESIAN_POINT('',(0.0350094627730105,-0.0449661659108845,0.));
#6211=CARTESIAN_POINT('',(0.0505734841839233,-0.0282211555784588,0.000196850393700787));
#6212=CARTESIAN_POINT('Origin',(0.0306838854762833,-0.0409456621115854,
0.));
#6213=CARTESIAN_POINT('',(0.0268764475740369,-0.0454599158008099,0.));
#6214=CARTESIAN_POINT('Origin',(0.0306838854762833,-0.0409456621115854,
0.));
#6215=CARTESIAN_POINT('',(0.0268764475740369,-0.0454599158008099,0.000196850393700787));
#6216=CARTESIAN_POINT('',(0.0268764475740369,-0.0454599158008099,0.));
#6217=CARTESIAN_POINT('Origin',(0.0306838854762833,-0.0409456621115854,
0.000196850393700787));
#6218=CARTESIAN_POINT('Origin',(-0.050975791136094,0.0202026687250092,0.));
#6219=CARTESIAN_POINT('',(-0.0311041793480988,0.00344243921443891,0.));
#6220=CARTESIAN_POINT('',(0.0268764475740369,-0.0454599158008099,0.000196850393700787));
#6221=CARTESIAN_POINT('Origin',(-0.000625071368149716,0.000479191734568408,
0.000196850393700787));
#6222=CARTESIAN_POINT('',(-0.0078740157480315,9.64288818226262E-19,0.000196850393700787));
#6223=CARTESIAN_POINT('Origin',(0.,0.,0.000196850393700787));
#6224=CARTESIAN_POINT('',(-0.0408278193093232,0.027606408096623,0.000196850393700787));
#6225=CARTESIAN_POINT('Origin',(-0.0328854509660269,0.027606408096623,0.000196850393700787));
#6226=CARTESIAN_POINT('',(0.0236619688477179,-0.0267282982781528,0.000196850393700787));
#6227=CARTESIAN_POINT('Origin',(0.0315359933234621,-0.0267282982781528,
0.000196850393700787));
#6228=CARTESIAN_POINT('Origin',(0.0315359933234621,-0.0267282982781528,
0.));
#6229=CARTESIAN_POINT('',(0.0236619688477179,-0.0267282982781528,0.00047244094488189));
#6230=CARTESIAN_POINT('',(0.0236619688477179,-0.0267282982781528,0.));
#6231=CARTESIAN_POINT('Origin',(0.0315359933234621,-0.0267282982781528,
0.00047244094488189));
#6232=CARTESIAN_POINT('Origin',(0.0315359933234621,-0.0267282982781528,
0.00047244094488189));
#6233=CARTESIAN_POINT('Origin',(0.,0.,0.));
#6234=CARTESIAN_POINT('',(-0.0078740157480315,9.64288818226262E-19,0.00047244094488189));
#6235=CARTESIAN_POINT('',(-0.0078740157480315,-9.64288818226262E-19,0.));
#6236=CARTESIAN_POINT('Origin',(0.,0.,0.00047244094488189));
#6237=CARTESIAN_POINT('Origin',(8.03574015188552E-20,0.,0.00047244094488189));
#6238=CARTESIAN_POINT('Origin',(-0.0328854509660269,0.027606408096623,0.));
#6239=CARTESIAN_POINT('',(-0.0408278193093232,0.027606408096623,0.00047244094488189));
#6240=CARTESIAN_POINT('',(-0.0408278193093232,0.027606408096623,0.));
#6241=CARTESIAN_POINT('Origin',(-0.0328854509660269,0.027606408096623,0.00047244094488189));
#6242=CARTESIAN_POINT('Origin',(-0.0328854509660269,0.027606408096623,0.00047244094488189));
#6243=CARTESIAN_POINT('Origin',(0.0590551181102362,0.0570866141732283,0.0511811023622047));
#6244=CARTESIAN_POINT('',(0.0590551181102362,0.0492125984251968,0.0200787401574803));
#6245=CARTESIAN_POINT('',(0.0590551181102362,0.0570866141732283,0.0200787401574803));
#6246=CARTESIAN_POINT('',(0.0590551181102362,0.053837603648264,0.0200787401574803));
#6247=CARTESIAN_POINT('',(0.0590551181102362,0.0492125984251968,0.0511811023622047));
#6248=CARTESIAN_POINT('',(0.0590551181102362,0.0492125984251968,0.0196850393700787));
#6249=CARTESIAN_POINT('',(0.0590551181102362,0.0570866141732283,0.0511811023622047));
#6250=CARTESIAN_POINT('',(0.0590551181102362,0.0285433070866142,0.0511811023622047));
#6251=CARTESIAN_POINT('',(0.0590551181102362,0.0570866141732283,0.0255905511811024));
#6252=CARTESIAN_POINT('Origin',(-0.0590551181102362,0.0570866141732283,
0.0196850393700787));
#6253=CARTESIAN_POINT('',(-0.0590551181102362,0.0570866141732283,0.0200787401574803));
#6254=CARTESIAN_POINT('',(-0.0590551181102362,0.0492125984251968,0.0200787401574803));
#6255=CARTESIAN_POINT('',(-0.0590551181102362,0.053837603648264,0.0200787401574803));
#6256=CARTESIAN_POINT('',(-0.0590551181102362,0.0570866141732283,0.0511811023622047));
#6257=CARTESIAN_POINT('',(-0.0590551181102362,0.0570866141732283,0.00984251968503937));
#6258=CARTESIAN_POINT('',(-0.0590551181102362,0.0492125984251968,0.0511811023622047));
#6259=CARTESIAN_POINT('',(-0.0590551181102362,0.0285433070866142,0.0511811023622047));
#6260=CARTESIAN_POINT('',(-0.0590551181102362,0.0492125984251968,0.0511811023622047));
#6261=CARTESIAN_POINT('Origin',(0.0413385826771654,0.0570866141732283,0.031496062992126));
#6262=CARTESIAN_POINT('',(-0.0413385826771654,0.0570866141732283,0.031496062992126));
#6263=CARTESIAN_POINT('',(0.0413385826771653,0.0570866141732283,0.031496062992126));
#6264=CARTESIAN_POINT('',(-0.015748031496063,0.0570866141732283,0.031496062992126));
#6265=CARTESIAN_POINT('',(-0.0413385826771654,0.0492125984251968,0.031496062992126));
#6266=CARTESIAN_POINT('',(-0.0413385826771654,0.0570866141732283,0.031496062992126));
#6267=CARTESIAN_POINT('',(0.0413385826771653,0.0492125984251968,0.031496062992126));
#6268=CARTESIAN_POINT('',(-0.0413385826771654,0.0492125984251968,0.031496062992126));
#6269=CARTESIAN_POINT('',(0.0413385826771653,0.0570866141732283,0.031496062992126));
#6270=CARTESIAN_POINT('Origin',(1.09273919746571E-17,0.0492125984251968,
0.0377376608411753));
#6271=CARTESIAN_POINT('',(-0.0413385826771654,0.0492125984251968,0.0200787401574803));
#6272=CARTESIAN_POINT('',(-0.0303593818072199,0.0492125984251968,0.0200787401574803));
#6273=CARTESIAN_POINT('',(6.82961998416066E-19,0.0492125984251968,0.0511811023622047));
#6274=CARTESIAN_POINT('',(0.0413385826771654,0.0492125984251968,0.0200787401574803));
#6275=CARTESIAN_POINT('',(0.0303593818072199,0.0492125984251968,0.0200787401574803));
#6276=CARTESIAN_POINT('',(0.0413385826771653,0.0492125984251968,0.031496062992126));
#6277=CARTESIAN_POINT('',(-0.0413385826771654,0.0492125984251968,0.0196850393700787));
#6278=CARTESIAN_POINT('Origin',(-0.0413385826771654,0.0492125984251968,
0.));
#6279=CARTESIAN_POINT('',(-0.0413385826771653,0.0570866141732284,0.));
#6280=CARTESIAN_POINT('',(-0.0413385826771653,0.0570866141732283,0.));
#6281=CARTESIAN_POINT('',(-0.0413385826771654,0.0492125984251968,0.));
#6282=CARTESIAN_POINT('',(-0.0413385826771657,0.0246062992125986,0.));
#6283=CARTESIAN_POINT('',(-0.0413385826771654,0.0492125984251968,0.));
#6284=CARTESIAN_POINT('Origin',(0.0413385826771654,0.0492125984251968,0.));
#6285=CARTESIAN_POINT('',(0.0413385826771654,0.0492125984251968,0.));
#6286=CARTESIAN_POINT('',(0.0413385826771654,0.0492125984251968,0.));
#6287=CARTESIAN_POINT('',(0.0413385826771653,0.0570866141732284,0.));
#6288=CARTESIAN_POINT('',(0.0413385826771657,0.0246062992125986,0.));
#6289=CARTESIAN_POINT('',(0.0413385826771653,0.0570866141732283,0.));
#6290=CARTESIAN_POINT('Origin',(0.0607187636144399,0.0505885931232997,0.0200787401574803));
#6291=CARTESIAN_POINT('',(0.0728346456692913,0.0570866141732284,0.0200787401574803));
#6292=CARTESIAN_POINT('',(-0.00605794102742573,0.0570866141732283,0.0200787401574803));
#6293=CARTESIAN_POINT('',(0.0767716535433071,0.0531496062992126,0.0200787401574803));
#6294=CARTESIAN_POINT('Origin',(0.0728346456692913,0.0531496062992126,0.0200787401574803));
#6295=CARTESIAN_POINT('',(0.0767716535433071,0.0401172675279311,0.0200787401574803));
#6296=CARTESIAN_POINT('',(0.0767716535433071,0.0518690997112562,0.0200787401574803));
#6297=CARTESIAN_POINT('',(0.0767716535433071,0.0401172675279311,0.0200787401574803));
#6298=CARTESIAN_POINT('Origin',(-0.0728346456692913,0.0570866141732283,
0.));
#6299=CARTESIAN_POINT('',(0.0728346456692913,0.0570866141732283,0.0511811023622047));
#6300=CARTESIAN_POINT('',(-0.0364173228346457,0.0570866141732283,0.0511811023622047));
#6301=CARTESIAN_POINT('',(0.0728346456692913,0.0570866141732283,0.));
#6302=CARTESIAN_POINT('Origin',(-0.0728346456692913,0.0570866141732283,
0.));
#6303=CARTESIAN_POINT('',(-0.0728346456692913,0.0570866141732284,0.0200787401574803));
#6304=CARTESIAN_POINT('',(-0.0667767046418656,0.0570866141732283,0.0200787401574803));
#6305=CARTESIAN_POINT('',(-0.0728346456692913,0.0570866141732283,0.0511811023622047));
#6306=CARTESIAN_POINT('',(-0.0728346456692913,0.0570866141732283,0.));
#6307=CARTESIAN_POINT('',(-0.0364173228346457,0.0570866141732283,0.0511811023622047));
#6308=CARTESIAN_POINT('Origin',(-0.0728346456692913,0.0570866141732283,
0.));
#6309=CARTESIAN_POINT('',(0.0728346456692913,0.0570866141732283,0.));
#6310=CARTESIAN_POINT('Origin',(-0.0728346456692913,0.0531496062992126,
0.));
#6311=CARTESIAN_POINT('',(-0.0767716535433071,0.0531496062992126,0.0511811023622047));
#6312=CARTESIAN_POINT('Origin',(-0.0728346456692913,0.0531496062992126,
0.0511811023622047));
#6313=CARTESIAN_POINT('',(-0.0767716535433071,0.0531496062992126,0.0200787401574803));
#6314=CARTESIAN_POINT('Origin',(-0.0728346456692913,0.0531496062992126,
0.0200787401574803));
#6315=CARTESIAN_POINT('',(-0.0767716535433071,0.0531496062992126,0.));
#6316=CARTESIAN_POINT('Origin',(0.0728346456692913,0.0531496062992126,0.));
#6317=CARTESIAN_POINT('',(0.0767716535433071,0.0531496062992126,0.0511811023622047));
#6318=CARTESIAN_POINT('Origin',(0.0728346456692913,0.0531496062992126,0.0511811023622047));
#6319=CARTESIAN_POINT('',(0.0767716535433071,0.0531496062992126,0.));
#6320=CARTESIAN_POINT('Origin',(0.0728346456692913,-0.0570866141732283,
0.));
#6321=CARTESIAN_POINT('',(0.0728346456692913,-0.0570866141732284,0.0511811023622047));
#6322=CARTESIAN_POINT('',(0.0590551181102362,-0.0570866141732284,0.0511811023622047));
#6323=CARTESIAN_POINT('',(0.0364173228346457,-0.0570866141732283,0.0511811023622047));
#6324=CARTESIAN_POINT('',(0.0590551181102362,-0.0570866141732284,0.0200787401574803));
#6325=CARTESIAN_POINT('',(0.0590551181102362,-0.0570866141732283,0.0295275590551181));
#6326=CARTESIAN_POINT('',(0.0728346456692913,-0.0570866141732284,0.0200787401574803));
#6327=CARTESIAN_POINT('',(0.0667767046418656,-0.0570866141732283,0.0200787401574803));
#6328=CARTESIAN_POINT('',(0.0728346456692913,-0.0570866141732283,0.));
#6329=CARTESIAN_POINT('Origin',(0.0590551181102362,-0.0570866141732283,
0.0590551181102362));
#6330=CARTESIAN_POINT('',(0.0590551181102362,-0.0492125984251968,0.0511811023622047));
#6331=CARTESIAN_POINT('',(0.0590551181102362,-0.0285433070866142,0.0511811023622047));
#6332=CARTESIAN_POINT('',(0.0590551181102362,-0.0492125984251968,0.0200787401574803));
#6333=CARTESIAN_POINT('',(0.0590551181102362,-0.0492125984251968,0.0196850393700787));
#6334=CARTESIAN_POINT('',(0.0590551181102362,-0.053837603648264,0.0200787401574803));
#6335=CARTESIAN_POINT('Origin',(0.0767716535433071,0.0531496062992126,0.));
#6336=CARTESIAN_POINT('',(0.0767716535433071,0.0196850393700787,0.0511811023622047));
#6337=CARTESIAN_POINT('',(0.0767716535433071,0.0265748031496063,0.0511811023622047));
#6338=CARTESIAN_POINT('',(0.0767716535433071,0.0196850393700787,0.0267716535433071));
#6339=CARTESIAN_POINT('',(0.0767716535433071,0.0196850393700787,0.0255905511811024));
#6340=CARTESIAN_POINT('',(0.0767716535433071,-0.0196850393700787,0.0267716535433071));
#6341=CARTESIAN_POINT('',(0.0767716535433071,0.0265748031496063,0.0267716535433071));
#6342=CARTESIAN_POINT('',(0.0767716535433071,-0.0196850393700787,0.0511811023622047));
#6343=CARTESIAN_POINT('',(0.0767716535433071,-0.0196850393700787,0.0255905511811024));
#6344=CARTESIAN_POINT('',(0.0767716535433071,-0.0531496062992126,0.0511811023622047));
#6345=CARTESIAN_POINT('',(0.0767716535433071,0.0265748031496063,0.0511811023622047));
#6346=CARTESIAN_POINT('',(0.0767716535433071,-0.0531496062992126,0.0200787401574803));
#6347=CARTESIAN_POINT('',(0.0767716535433071,-0.0531496062992126,0.));
#6348=CARTESIAN_POINT('',(0.0767716535433071,-0.0401172675279311,0.0200787401574803));
#6349=CARTESIAN_POINT('',(0.0767716535433071,0.00128050658795642,0.0200787401574803));
#6350=CARTESIAN_POINT('',(0.0767716535433071,-0.0401172675279311,0.));
#6351=CARTESIAN_POINT('',(0.0767716535433071,-0.0401172675279311,0.));
#6352=CARTESIAN_POINT('',(0.0767716535433071,-0.0196850393700787,0.));
#6353=CARTESIAN_POINT('',(0.0767716535433071,-0.0531496062992126,0.));
#6354=CARTESIAN_POINT('',(0.0767716535433071,-0.0196850393700787,0.00551181102362205));
#6355=CARTESIAN_POINT('',(0.0767716535433071,-0.0196850393700787,0.));
#6356=CARTESIAN_POINT('',(0.0767716535433071,0.0196850393700787,0.00551181102362205));
#6357=CARTESIAN_POINT('',(0.0767716535433071,0.0265748031496063,0.00551181102362205));
#6358=CARTESIAN_POINT('',(0.0767716535433071,0.0196850393700787,0.));
#6359=CARTESIAN_POINT('',(0.0767716535433071,0.0196850393700787,0.));
#6360=CARTESIAN_POINT('',(0.0767716535433071,0.0401172675279311,0.));
#6361=CARTESIAN_POINT('',(0.0767716535433071,-0.0531496062992126,0.));
#6362=CARTESIAN_POINT('',(0.0767716535433071,0.040117267527931,0.));
#6363=CARTESIAN_POINT('Origin',(-0.0767716535433071,0.0401172675279311,
0.));
#6364=CARTESIAN_POINT('',(-0.0767716535433071,0.0401172675279311,0.));
#6365=CARTESIAN_POINT('',(-0.0455892918977517,0.0481214819635346,0.));
#6366=CARTESIAN_POINT('',(-0.0767716535433071,0.0401172675279311,0.0200787401574803));
#6367=CARTESIAN_POINT('',(-0.0767716535433071,0.0401172675279311,0.));
#6368=CARTESIAN_POINT('',(-0.0767716535433071,0.0401172675279311,0.0200787401574803));
#6369=CARTESIAN_POINT('Origin',(-0.0607187636144399,0.0505885931232997,
0.0200787401574803));
#6370=CARTESIAN_POINT('',(-0.0767716535433071,-0.00128050658795644,0.0200787401574803));
#6371=CARTESIAN_POINT('Origin',(-9.90294897703295E-18,-1.53666449643615E-18,
0.));
#6372=CARTESIAN_POINT('',(0.0455892918977517,0.0481214819635346,0.));
#6373=CARTESIAN_POINT('',(0.0688976377952756,0.0196850393700787,0.));
#6374=CARTESIAN_POINT('',(0.0344488188976378,0.0196850393700787,0.));
#6375=CARTESIAN_POINT('',(0.0688976377952756,-0.0196850393700787,0.));
#6376=CARTESIAN_POINT('',(0.0688976377952756,-0.00984251968503938,0.));
#6377=CARTESIAN_POINT('',(0.0383858267716535,-0.0196850393700788,0.));
#6378=CARTESIAN_POINT('',(0.0413385826771654,-0.0492125984251968,0.));
#6379=CARTESIAN_POINT('',(0.0455892918977517,-0.0481214819635346,0.));
#6380=CARTESIAN_POINT('',(0.0413385826771653,-0.0570866141732284,0.));
#6381=CARTESIAN_POINT('',(0.0413385826771657,-0.0246062992125986,0.));
#6382=CARTESIAN_POINT('',(-0.0413385826771653,-0.0570866141732284,0.));
#6383=CARTESIAN_POINT('',(-0.0728346456692913,-0.0570866141732284,0.));
#6384=CARTESIAN_POINT('',(-0.0413385826771654,-0.0492125984251968,0.));
#6385=CARTESIAN_POINT('',(-0.0413385826771657,-0.0246062992125986,0.));
#6386=CARTESIAN_POINT('',(-0.0767716535433071,-0.0401172675279311,0.));
#6387=CARTESIAN_POINT('',(-0.0455892918977517,-0.0481214819635346,0.));
#6388=CARTESIAN_POINT('',(-0.0767716535433071,-0.0196850393700787,0.));
#6389=CARTESIAN_POINT('',(-0.0767716535433071,0.0531496062992126,0.));
#6390=CARTESIAN_POINT('',(-0.0688976377952756,-0.0196850393700787,0.));
#6391=CARTESIAN_POINT('',(-0.0344488188976378,-0.0196850393700787,0.));
#6392=CARTESIAN_POINT('',(-0.0688976377952756,0.0196850393700787,0.));
#6393=CARTESIAN_POINT('',(-0.0688976377952756,0.00984251968503937,0.));
#6394=CARTESIAN_POINT('',(-0.0767716535433071,0.0196850393700787,0.));
#6395=CARTESIAN_POINT('',(-0.0383858267716535,0.0196850393700787,0.));
#6396=CARTESIAN_POINT('',(-0.0767716535433071,0.0531496062992126,0.));
#6397=CARTESIAN_POINT('Origin',(-0.0607187636144399,-0.0505885931232997,
0.0200787401574803));
#6398=CARTESIAN_POINT('',(-0.0767716535433071,-0.0531496062992126,0.0200787401574803));
#6399=CARTESIAN_POINT('',(-0.0728346456692913,-0.0570866141732284,0.0200787401574803));
#6400=CARTESIAN_POINT('Origin',(-0.0728346456692913,-0.0531496062992126,
0.0200787401574803));
#6401=CARTESIAN_POINT('',(-0.0767716535433071,-0.0401172675279311,0.0200787401574803));
#6402=CARTESIAN_POINT('',(-0.0767716535433071,-0.0518690997112562,0.0200787401574803));
#6403=CARTESIAN_POINT('',(-0.0413385826771654,-0.0492125984251968,0.0200787401574803));
#6404=CARTESIAN_POINT('',(-0.0767716535433071,-0.0401172675279311,0.0200787401574803));
#6405=CARTESIAN_POINT('',(-0.0590551181102362,-0.0492125984251968,0.0200787401574803));
#6406=CARTESIAN_POINT('',(-0.0303593818072199,-0.0492125984251968,0.0200787401574803));
#6407=CARTESIAN_POINT('',(-0.0590551181102362,-0.0570866141732284,0.0200787401574803));
#6408=CARTESIAN_POINT('',(-0.0590551181102362,-0.0449793359317286,0.0200787401574803));
#6409=CARTESIAN_POINT('',(0.00605794102742573,-0.0570866141732283,0.0200787401574803));
#6410=CARTESIAN_POINT('Origin',(-0.0767716535433071,-0.0401172675279311,
0.));
#6411=CARTESIAN_POINT('',(-0.0413385826771654,-0.0492125984251968,0.));
#6412=CARTESIAN_POINT('',(-0.0767716535433071,-0.040117267527931,0.));
#6413=CARTESIAN_POINT('Origin',(-0.0767716535433071,-0.0531496062992126,
0.));
#6414=CARTESIAN_POINT('',(-0.0767716535433071,0.0196850393700787,0.0511811023622047));
#6415=CARTESIAN_POINT('',(-0.0767716535433071,-0.0265748031496063,0.0511811023622047));
#6416=CARTESIAN_POINT('',(-0.0767716535433071,0.0196850393700787,0.00551181102362205));
#6417=CARTESIAN_POINT('',(-0.0767716535433071,0.0196850393700787,0.));
#6418=CARTESIAN_POINT('',(-0.0767716535433071,-0.0196850393700787,0.00551181102362205));
#6419=CARTESIAN_POINT('',(-0.0767716535433071,-0.0265748031496063,0.00551181102362205));
#6420=CARTESIAN_POINT('',(-0.0767716535433071,-0.0196850393700787,0.));
#6421=CARTESIAN_POINT('',(-0.0767716535433071,-0.0531496062992126,0.0511811023622047));
#6422=CARTESIAN_POINT('',(-0.0767716535433071,-0.0531496062992126,0.));
#6423=CARTESIAN_POINT('',(-0.0767716535433071,-0.0196850393700787,0.0511811023622047));
#6424=CARTESIAN_POINT('',(-0.0767716535433071,-0.0265748031496063,0.0511811023622047));
#6425=CARTESIAN_POINT('',(-0.0767716535433071,-0.0196850393700787,0.0267716535433071));
#6426=CARTESIAN_POINT('',(-0.0767716535433071,-0.0196850393700787,0.0255905511811024));
#6427=CARTESIAN_POINT('',(-0.0767716535433071,0.0196850393700787,0.0267716535433071));
#6428=CARTESIAN_POINT('',(-0.0767716535433071,-0.0265748031496063,0.0267716535433071));
#6429=CARTESIAN_POINT('',(-0.0767716535433071,0.0196850393700787,0.0255905511811024));
#6430=CARTESIAN_POINT('Origin',(-0.0728346456692913,-0.0531496062992126,
0.));
#6431=CARTESIAN_POINT('',(-0.0728346456692913,-0.0570866141732284,0.0511811023622047));
#6432=CARTESIAN_POINT('Origin',(-0.0728346456692913,-0.0531496062992126,
0.0511811023622047));
#6433=CARTESIAN_POINT('',(-0.0728346456692913,-0.0570866141732284,0.));
#6434=CARTESIAN_POINT('Origin',(1.09273919746571E-17,-0.0492125984251968,
0.0377376608411753));
#6435=CARTESIAN_POINT('',(-0.0413385826771654,-0.0492125984251968,0.031496062992126));
#6436=CARTESIAN_POINT('',(-0.0413385826771654,-0.0492125984251968,0.0196850393700787));
#6437=CARTESIAN_POINT('',(0.0413385826771653,-0.0492125984251968,0.031496062992126));
#6438=CARTESIAN_POINT('',(-0.0413385826771654,-0.0492125984251968,0.031496062992126));
#6439=CARTESIAN_POINT('',(0.0413385826771654,-0.0492125984251968,0.0200787401574803));
#6440=CARTESIAN_POINT('',(0.0413385826771653,-0.0492125984251968,0.031496062992126));
#6441=CARTESIAN_POINT('',(0.0303593818072199,-0.0492125984251968,0.0200787401574803));
#6442=CARTESIAN_POINT('',(-0.0590551181102362,-0.0492125984251968,0.0511811023622047));
#6443=CARTESIAN_POINT('',(6.82961998416066E-19,-0.0492125984251968,0.0511811023622047));
#6444=CARTESIAN_POINT('',(-0.0590551181102362,-0.0492125984251968,0.0511811023622047));
#6445=CARTESIAN_POINT('Origin',(-0.0413385826771654,-0.0570866141732283,
0.031496062992126));
#6446=CARTESIAN_POINT('',(-0.0413385826771654,-0.0570866141732283,0.031496062992126));
#6447=CARTESIAN_POINT('',(-0.0413385826771653,-0.0570866141732284,0.));
#6448=CARTESIAN_POINT('',(-0.0413385826771654,-0.0570866141732283,0.031496062992126));
#6449=CARTESIAN_POINT('Origin',(0.0728346456692913,-0.0570866141732283,
0.));
#6450=CARTESIAN_POINT('',(0.0413385826771653,-0.0570866141732283,0.031496062992126));
#6451=CARTESIAN_POINT('',(0.0413385826771653,-0.0570866141732283,0.00984251968503937));
#6452=CARTESIAN_POINT('',(0.0570866141732283,-0.0570866141732283,0.031496062992126));
#6453=CARTESIAN_POINT('Origin',(0.0728346456692913,-0.0570866141732283,
0.));
#6454=CARTESIAN_POINT('',(-0.0590551181102362,-0.0570866141732284,0.0511811023622047));
#6455=CARTESIAN_POINT('',(0.0364173228346457,-0.0570866141732283,0.0511811023622047));
#6456=CARTESIAN_POINT('',(-0.0590551181102362,-0.0570866141732284,0.0295275590551181));
#6457=CARTESIAN_POINT('Origin',(0.0767716535433071,0.0401172675279311,0.));
#6458=CARTESIAN_POINT('Origin',(0.0607187636144399,-0.0505885931232997,
0.0200787401574803));
#6459=CARTESIAN_POINT('',(0.0767716535433071,-0.0401172675279311,0.0200787401574803));
#6460=CARTESIAN_POINT('Origin',(0.0728346456692913,-0.0531496062992126,
0.0200787401574803));
#6461=CARTESIAN_POINT('Origin',(0.0767716535433071,-0.0401172675279311,
0.));
#6462=CARTESIAN_POINT('',(0.0413385826771653,-0.0492125984251968,0.031496062992126));
#6463=CARTESIAN_POINT('Origin',(0.0688976377952756,0.0196850393700787,0.0511811023622047));
#6464=CARTESIAN_POINT('',(0.0688976377952756,0.0196850393700787,0.0267716535433071));
#6465=CARTESIAN_POINT('',(0.0688976377952756,-0.0196850393700787,0.0267716535433071));
#6466=CARTESIAN_POINT('',(0.0688976377952756,0.0196850393700787,0.0267716535433071));
#6467=CARTESIAN_POINT('',(0.0688976377952756,0.0196850393700787,0.0511811023622047));
#6468=CARTESIAN_POINT('',(0.0688976377952756,0.0196850393700787,0.0511811023622047));
#6469=CARTESIAN_POINT('',(0.0688976377952756,-0.0196850393700787,0.0511811023622047));
#6470=CARTESIAN_POINT('',(0.0688976377952756,0.00984251968503937,0.0511811023622047));
#6471=CARTESIAN_POINT('',(0.0688976377952756,-0.0196850393700787,0.0511811023622047));
#6472=CARTESIAN_POINT('Origin',(0.0688976377952756,-0.0196850393700787,
0.0511811023622047));
#6473=CARTESIAN_POINT('',(0.0688976377952756,-0.0196850393700787,0.0267716535433071));
#6474=CARTESIAN_POINT('',(0.0344488188976378,-0.0196850393700788,0.0511811023622047));
#6475=CARTESIAN_POINT('Origin',(0.0767716535433071,0.0196850393700787,0.0511811023622047));
#6476=CARTESIAN_POINT('',(0.0767716535433071,0.0196850393700787,0.0267716535433071));
#6477=CARTESIAN_POINT('',(0.0383858267716536,0.0196850393700788,0.0511811023622047));
#6478=CARTESIAN_POINT('Origin',(0.0728346456692913,-4.76003817077864E-19,
0.0267716535433071));
#6479=CARTESIAN_POINT('Origin',(-0.0767716535433071,-0.0196850393700787,
0.0511811023622047));
#6480=CARTESIAN_POINT('',(-0.0688976377952756,-0.0196850393700787,0.0267716535433071));
#6481=CARTESIAN_POINT('',(-0.0767716535433071,-0.0196850393700787,0.0267716535433071));
#6482=CARTESIAN_POINT('',(-0.0688976377952756,-0.0196850393700787,0.0511811023622047));
#6483=CARTESIAN_POINT('',(-0.0383858267716536,-0.0196850393700787,0.0511811023622047));
#6484=CARTESIAN_POINT('',(-0.0688976377952756,-0.0196850393700787,0.0511811023622047));
#6485=CARTESIAN_POINT('Origin',(-0.0688976377952756,-0.0196850393700787,
0.0511811023622047));
#6486=CARTESIAN_POINT('',(-0.0688976377952756,0.0196850393700787,0.0267716535433071));
#6487=CARTESIAN_POINT('',(-0.0688976377952756,-0.0196850393700787,0.0267716535433071));
#6488=CARTESIAN_POINT('',(-0.0688976377952756,0.0196850393700787,0.0511811023622047));
#6489=CARTESIAN_POINT('',(-0.0688976377952756,-0.00984251968503937,0.0511811023622047));
#6490=CARTESIAN_POINT('',(-0.0688976377952756,0.0196850393700787,0.0511811023622047));
#6491=CARTESIAN_POINT('Origin',(-0.0688976377952756,0.0196850393700787,
0.0511811023622047));
#6492=CARTESIAN_POINT('',(-0.0688976377952756,0.0196850393700787,0.0267716535433071));
#6493=CARTESIAN_POINT('',(-0.0344488188976378,0.0196850393700787,0.0511811023622047));
#6494=CARTESIAN_POINT('Origin',(-0.0728346456692913,0.,0.0267716535433071));
#6495=CARTESIAN_POINT('Origin',(-0.0602362204724409,-0.0275590551181102,
0.0511811023622047));
#6496=CARTESIAN_POINT('',(-0.0602362204724409,0.0303420647206949,0.0196850393700787));
#6497=CARTESIAN_POINT('',(-0.0602362204724409,-0.0303420647206949,0.0196850393700787));
#6498=CARTESIAN_POINT('',(-0.0602362204724409,0.0275590551181102,0.0196850393700787));
#6499=CARTESIAN_POINT('',(-0.0602362204724409,0.0303420647206949,0.0511811023622047));
#6500=CARTESIAN_POINT('',(-0.0602362204724409,0.0303420647206949,0.0511811023622047));
#6501=CARTESIAN_POINT('',(-0.0602362204724409,-0.0303420647206949,0.0511811023622047));
#6502=CARTESIAN_POINT('',(-0.0602362204724409,-0.0137795275590551,0.0511811023622047));
#6503=CARTESIAN_POINT('',(-0.0602362204724409,-0.0303420647206949,0.0511811023622047));
#6504=CARTESIAN_POINT('Origin',(-0.0602362204724409,-0.0303420647206949,
0.0511811023622047));
#6505=CARTESIAN_POINT('',(-0.0507593333255571,-0.0437946663456679,0.0196850393700787));
#6506=CARTESIAN_POINT('',(-0.0602362204724409,-0.0303420647206949,0.0196850393700787));
#6507=CARTESIAN_POINT('',(-0.0507593333255571,-0.0437946663456679,0.0511811023622047));
#6508=CARTESIAN_POINT('',(-0.0573896225757402,-0.0343828585907994,0.0511811023622047));
#6509=CARTESIAN_POINT('',(-0.0507593333255571,-0.0437946663456679,0.0511811023622047));
#6510=CARTESIAN_POINT('Origin',(-0.0507593333255571,-0.0437946663456679,
0.0511811023622047));
#6511=CARTESIAN_POINT('',(-0.0343705949978968,-0.0452755905511811,0.0196850393700787));
#6512=CARTESIAN_POINT('',(-0.0507593333255571,-0.0437946663456679,0.0196850393700787));
#6513=CARTESIAN_POINT('',(-0.0343705949978968,-0.0452755905511811,0.0511811023622047));
#6514=CARTESIAN_POINT('',(-0.0275478896883377,-0.0458921059435195,0.0511811023622047));
#6515=CARTESIAN_POINT('',(-0.0343705949978968,-0.0452755905511811,0.0511811023622047));
#6516=CARTESIAN_POINT('Origin',(-0.0343705949978968,-0.0452755905511811,
0.0511811023622047));
#6517=CARTESIAN_POINT('',(0.0343705949978968,-0.0452755905511811,0.0196850393700787));
#6518=CARTESIAN_POINT('',(-0.0343705949978968,-0.0452755905511811,0.0196850393700787));
#6519=CARTESIAN_POINT('',(0.0343705949978968,-0.0452755905511811,0.0511811023622047));
#6520=CARTESIAN_POINT('',(-0.0171852974989484,-0.0452755905511811,0.0511811023622047));
#6521=CARTESIAN_POINT('',(0.0343705949978968,-0.0452755905511811,0.0511811023622047));
#6522=CARTESIAN_POINT('Origin',(0.0343705949978968,-0.0452755905511811,
0.0511811023622047));
#6523=CARTESIAN_POINT('',(0.0507593333255571,-0.0437946663456679,0.0196850393700787));
#6524=CARTESIAN_POINT('',(0.0343705949978968,-0.0452755905511811,0.0196850393700787));
#6525=CARTESIAN_POINT('',(0.0507593333255571,-0.0437946663456679,0.0511811023622047));
#6526=CARTESIAN_POINT('',(0.0193535205245075,-0.0466325680462761,0.0511811023622047));
#6527=CARTESIAN_POINT('',(0.0507593333255571,-0.0437946663456679,0.0511811023622047));
#6528=CARTESIAN_POINT('Origin',(0.0507593333255571,-0.0437946663456679,
0.0511811023622047));
#6529=CARTESIAN_POINT('',(0.0602362204724409,-0.0303420647206949,0.0196850393700787));
#6530=CARTESIAN_POINT('',(0.0507593333255571,-0.0437946663456679,0.0196850393700787));
#6531=CARTESIAN_POINT('',(0.0602362204724409,-0.0303420647206949,0.0511811023622047));
#6532=CARTESIAN_POINT('',(0.0526511790022984,-0.0411091594032859,0.0511811023622047));
#6533=CARTESIAN_POINT('',(0.0602362204724409,-0.0303420647206949,0.0511811023622047));
#6534=CARTESIAN_POINT('Origin',(0.0602362204724409,-0.0303420647206949,
0.0511811023622047));
#6535=CARTESIAN_POINT('',(0.0602362204724409,0.0303420647206949,0.0196850393700787));
#6536=CARTESIAN_POINT('',(0.0602362204724409,-0.0303420647206949,0.0196850393700787));
#6537=CARTESIAN_POINT('',(0.0602362204724409,0.0303420647206949,0.0511811023622047));
#6538=CARTESIAN_POINT('',(0.0602362204724409,-0.0151710323603475,0.0511811023622047));
#6539=CARTESIAN_POINT('',(0.0602362204724409,0.0303420647206949,0.0511811023622047));
#6540=CARTESIAN_POINT('Origin',(0.0602362204724409,0.0303420647206949,0.0511811023622047));
#6541=CARTESIAN_POINT('',(0.0507593333255571,0.0437946663456679,0.0196850393700787));
#6542=CARTESIAN_POINT('',(0.0602362204724409,0.0303420647206949,0.0196850393700787));
#6543=CARTESIAN_POINT('',(0.0507593333255571,0.0437946663456679,0.0511811023622047));
#6544=CARTESIAN_POINT('',(0.0573896225757402,0.0343828585907994,0.0511811023622047));
#6545=CARTESIAN_POINT('',(0.0507593333255571,0.0437946663456679,0.0511811023622047));
#6546=CARTESIAN_POINT('Origin',(0.0507593333255571,0.0437946663456679,0.0511811023622047));
#6547=CARTESIAN_POINT('',(0.0343705949978968,0.0452755905511811,0.0196850393700787));
#6548=CARTESIAN_POINT('',(0.0507593333255571,0.0437946663456679,0.0196850393700787));
#6549=CARTESIAN_POINT('',(0.0343705949978968,0.0452755905511811,0.0511811023622047));
#6550=CARTESIAN_POINT('',(0.0275478896883377,0.0458921059435195,0.0511811023622047));
#6551=CARTESIAN_POINT('',(0.0343705949978968,0.0452755905511811,0.0511811023622047));
#6552=CARTESIAN_POINT('Origin',(0.0343705949978968,0.0452755905511811,0.0511811023622047));
#6553=CARTESIAN_POINT('',(-0.0343705949978968,0.0452755905511811,0.0196850393700787));
#6554=CARTESIAN_POINT('',(0.0343705949978968,0.0452755905511811,0.0196850393700787));
#6555=CARTESIAN_POINT('',(-0.0343705949978968,0.0452755905511811,0.0511811023622047));
#6556=CARTESIAN_POINT('',(0.0171852974989484,0.0452755905511811,0.0511811023622047));
#6557=CARTESIAN_POINT('',(-0.0343705949978968,0.0452755905511811,0.0511811023622047));
#6558=CARTESIAN_POINT('Origin',(-0.0343705949978968,0.0452755905511811,
0.0511811023622047));
#6559=CARTESIAN_POINT('',(-0.0507593333255571,0.0437946663456679,0.0196850393700787));
#6560=CARTESIAN_POINT('',(-0.0343705949978968,0.0452755905511811,0.0196850393700787));
#6561=CARTESIAN_POINT('',(-0.0507593333255571,0.0437946663456679,0.0511811023622047));
#6562=CARTESIAN_POINT('',(-0.0193535205245075,0.0466325680462761,0.0511811023622047));
#6563=CARTESIAN_POINT('',(-0.0507593333255571,0.0437946663456679,0.0511811023622047));
#6564=CARTESIAN_POINT('Origin',(-0.0507593333255571,0.0437946663456679,
0.0511811023622047));
#6565=CARTESIAN_POINT('',(-0.0507593333255571,0.0437946663456679,0.0196850393700787));
#6566=CARTESIAN_POINT('',(-0.0526511790022984,0.0411091594032859,0.0511811023622047));
#6567=CARTESIAN_POINT('Origin',(-1.36592399683213E-18,-4.69536373911045E-19,
0.0196850393700787));
#6568=CARTESIAN_POINT('Origin',(0.0688976377952756,-0.0196850393700787,
0.));
#6569=CARTESIAN_POINT('',(0.0688976377952756,-0.0196850393700787,0.00551181102362205));
#6570=CARTESIAN_POINT('',(0.0688976377952756,0.0196850393700787,0.00551181102362205));
#6571=CARTESIAN_POINT('',(0.0688976377952756,-0.0196850393700787,0.00551181102362205));
#6572=CARTESIAN_POINT('',(0.0688976377952756,-0.0196850393700787,0.));
#6573=CARTESIAN_POINT('',(0.0688976377952756,0.0196850393700787,0.));
#6574=CARTESIAN_POINT('Origin',(0.0688976377952756,0.0196850393700787,0.));
#6575=CARTESIAN_POINT('',(0.0688976377952756,0.0196850393700787,0.00551181102362205));
#6576=CARTESIAN_POINT('Origin',(0.0767716535433071,-0.0196850393700787,
0.));
#6577=CARTESIAN_POINT('',(0.0767716535433071,-0.0196850393700787,0.00551181102362205));
#6578=CARTESIAN_POINT('Origin',(0.0728346456692913,1.28314072429685E-18,
0.00551181102362205));
#6579=CARTESIAN_POINT('Origin',(-0.0767716535433071,0.0196850393700787,
0.));
#6580=CARTESIAN_POINT('',(-0.0688976377952756,0.0196850393700787,0.00551181102362205));
#6581=CARTESIAN_POINT('',(-0.0767716535433071,0.0196850393700787,0.00551181102362205));
#6582=CARTESIAN_POINT('',(-0.0688976377952756,0.0196850393700787,0.));
#6583=CARTESIAN_POINT('Origin',(-0.0688976377952756,0.0196850393700787,
0.));
#6584=CARTESIAN_POINT('',(-0.0688976377952756,-0.0196850393700787,0.00551181102362205));
#6585=CARTESIAN_POINT('',(-0.0688976377952756,0.0196850393700787,0.00551181102362205));
#6586=CARTESIAN_POINT('',(-0.0688976377952756,-0.0196850393700787,0.));
#6587=CARTESIAN_POINT('Origin',(-0.0688976377952756,-0.0196850393700787,
0.));
#6588=CARTESIAN_POINT('',(-0.0688976377952756,-0.0196850393700787,0.00551181102362205));
#6589=CARTESIAN_POINT('Origin',(-0.0728346456692913,-4.09777199049639E-18,
0.00551181102362205));
#6590=CARTESIAN_POINT('Origin',(0.0413385826771654,-0.0570866141732283,
0.031496062992126));
#6591=CARTESIAN_POINT('',(0.0413385826771653,-0.0570866141732283,0.031496062992126));
#6592=CARTESIAN_POINT('Origin',(0.0413385826771653,-0.0570866141732283,
0.0196850393700787));
#6593=CARTESIAN_POINT('Origin',(-9.56146797782492E-18,3.0733289928723E-18,
0.0511811023622047));
#6594=CARTESIAN_POINT('',(-0.0590551181102362,-0.0196850393700788,0.0511811023622047));
#6595=CARTESIAN_POINT('Origin',(0.0728346456692913,-0.0531496062992126,
0.0511811023622047));
#6596=CARTESIAN_POINT('Origin',(-0.0590551181102362,-0.0393700787401575,
0.0590551181102362));
#6597=CARTESIAN_POINT('Origin',(0.0728346456692913,-0.0531496062992126,
0.));
#6598=CARTESIAN_POINT('Ctrl Pts',(0.0595367078879083,0.0570866141732283,
0.0425010569093306));
#6599=CARTESIAN_POINT('Ctrl Pts',(0.0569390630125238,0.0570866141732283,
0.0425010569093306));
#6600=CARTESIAN_POINT('Ctrl Pts',(0.052629497048858,0.0570866141732283,
0.0425010569093307));
#6601=CARTESIAN_POINT('Ctrl Pts',(0.047366091564665,0.0570866141732283,
0.0425010569093307));
#6602=CARTESIAN_POINT('Ctrl Pts',(0.0439991486053396,0.0570866141732283,
0.0425010569093307));
#6603=CARTESIAN_POINT('Ctrl Pts',(0.0423079608980111,0.0570866141732283,
0.0425010569093307));
#6604=CARTESIAN_POINT('Ctrl Pts',(0.0415974661274717,0.0570866141732283,
0.0425010569093307));
#6605=CARTESIAN_POINT('Ctrl Pts',(0.0593756225141062,0.0568505662575497,
0.0418017024361475));
#6606=CARTESIAN_POINT('Ctrl Pts',(0.0567843744806358,0.0568920194709066,
0.0418414142599686));
#6607=CARTESIAN_POINT('Ctrl Pts',(0.0524858275065974,0.0569582282075131,
0.0419082735795274));
#6608=CARTESIAN_POINT('Ctrl Pts',(0.0472459912992744,0.0570278727016047,
0.042048756321449));
#6609=CARTESIAN_POINT('Ctrl Pts',(0.0439038623145549,0.0570652424910055,
0.0421969925420683));
#6610=CARTESIAN_POINT('Ctrl Pts',(0.0422269720624471,0.0570806336454546,
0.0422825762031439));
#6611=CARTESIAN_POINT('Ctrl Pts',(0.0415400666900105,0.0570854248123204,
0.0424244162904173));
#6612=CARTESIAN_POINT('Ctrl Pts',(0.0592145382910229,0.0566661190596651,
0.0410849371213338));
#6613=CARTESIAN_POINT('Ctrl Pts',(0.0566296866922595,0.0567426576532809,
0.041168577764216));
#6614=CARTESIAN_POINT('Ctrl Pts',(0.0523421583148706,0.0568636634398902,
0.0413083266202726));
#6615=CARTESIAN_POINT('Ctrl Pts',(0.0471258910846557,0.0569876644890778,
0.0415940523733295));
#6616=CARTESIAN_POINT('Ctrl Pts',(0.0438085760228747,0.0570522497897373,
0.0418923722977822));
#6617=CARTESIAN_POINT('Ctrl Pts',(0.0421459832276837,0.0570778557843948,
0.0420640162831728));
#6618=CARTESIAN_POINT('Ctrl Pts',(0.0414826672526553,0.0570851088029254,
0.0423477621183867));
#6619=CARTESIAN_POINT('Ctrl Pts',(0.0590551183331989,0.0565351769052178,
0.0403581612105149));
#6620=CARTESIAN_POINT('Ctrl Pts',(0.0564763724484179,0.0566398139555938,
0.0404884961622609));
#6621=CARTESIAN_POINT('Ctrl Pts',(0.0521993859062011,0.0568034495373789,
0.0407048678266544));
#6622=CARTESIAN_POINT('Ctrl Pts',(0.0470061878760099,0.0569661079505362,
0.0411383806031627));
#6623=CARTESIAN_POINT('Ctrl Pts',(0.0437134284086967,0.0570476491591434,
0.0415876010101449));
#6624=CARTESIAN_POINT('Ctrl Pts',(0.0420650333427727,0.0570782811924782,
0.0418454475329996));
#6625=CARTESIAN_POINT('Ctrl Pts',(0.0414252773655574,0.0570856661976213,
0.0422711071470039));
#6626=CARTESIAN_POINT('',(0.059055118330273,0.0565351768950174,0.0403581611998078));
#6627=CARTESIAN_POINT('',(0.0590551181102362,0.0570866141732283,0.0425010569093307));
#6628=CARTESIAN_POINT('Ctrl Pts',(0.0590551181102362,0.0570866141732283,
0.0425010569093307));
#6629=CARTESIAN_POINT('Ctrl Pts',(0.0590551181102362,0.0569717050694968,
0.0421529368835526));
#6630=CARTESIAN_POINT('Ctrl Pts',(0.0590551181102362,0.0568683929293789,
0.0418010781356353));
#6631=CARTESIAN_POINT('Ctrl Pts',(0.0590551181102362,0.0566840957742462,
0.0410862746389999));
#6632=CARTESIAN_POINT('Ctrl Pts',(0.0590551181102362,0.0566034779359295,
0.0407234151356955));
#6633=CARTESIAN_POINT('Ctrl Pts',(0.0590551181102362,0.0565351769142649,
0.0403581612217838));
#6634=CARTESIAN_POINT('',(0.0414252773655577,0.0570856661976213,0.0422711071470042));
#6635=CARTESIAN_POINT('Ctrl Pts',(0.0590551183331989,0.0565351769052178,
0.0403581612105149));
#6636=CARTESIAN_POINT('Ctrl Pts',(0.0564763724484179,0.0566398139555938,
0.0404884961622609));
#6637=CARTESIAN_POINT('Ctrl Pts',(0.0521993859062011,0.0568034495373789,
0.0407048678266544));
#6638=CARTESIAN_POINT('Ctrl Pts',(0.0470061878760099,0.0569661079505362,
0.0411383806031627));
#6639=CARTESIAN_POINT('Ctrl Pts',(0.0437134284086967,0.0570476491591434,
0.0415876010101449));
#6640=CARTESIAN_POINT('Ctrl Pts',(0.0420650333427727,0.0570782811924782,
0.0418454475329996));
#6641=CARTESIAN_POINT('Ctrl Pts',(0.0414252773655574,0.0570856661976213,
0.0422711071470039));
#6642=CARTESIAN_POINT('',(0.0415974661274721,0.0570866141732283,0.0425010569093307));
#6643=CARTESIAN_POINT('Origin',(0.0415974661274721,0.0728327497180773,0.0422566977387759));
#6644=CARTESIAN_POINT('',(-0.0177165354330709,0.0570866141732283,0.0425010569093307));
#6645=CARTESIAN_POINT('Ctrl Pts',(0.0415974661274722,0.0570866141732283,
0.0425010569093307));
#6646=CARTESIAN_POINT('Ctrl Pts',(0.041488687965991,0.0570866141732283,
0.0425010569093306));
#6647=CARTESIAN_POINT('Ctrl Pts',(0.0413799069997089,0.0570866141732283,
0.0425010569093307));
#6648=CARTESIAN_POINT('Ctrl Pts',(0.0412711261613875,0.0570866141732283,
0.0425010569093307));
#6649=CARTESIAN_POINT('Ctrl Pts',(0.0415400666899872,0.0570854248071232,
0.0424244162904663));
#6650=CARTESIAN_POINT('Ctrl Pts',(0.0414504234254238,0.0570862176852716,
0.0424499557035671));
#6651=CARTESIAN_POINT('Ctrl Pts',(0.0413607747346021,0.0570866141773179,
0.0424755063349787));
#6652=CARTESIAN_POINT('Ctrl Pts',(0.0412711261613875,0.0570866141732283,
0.0425010569093307));
#6653=CARTESIAN_POINT('Ctrl Pts',(0.0414826672526231,0.0570851087977283,
0.0423477621184242));
#6654=CARTESIAN_POINT('Ctrl Pts',(0.0414121588848012,0.0570861123611894,
0.0423988544977851));
#6655=CARTESIAN_POINT('Ctrl Pts',(0.0413416424695136,0.0570866141758521,
0.0424499557606344));
#6656=CARTESIAN_POINT('Ctrl Pts',(0.0412711261613876,0.0570866141732283,
0.0425010569093306));
#6657=CARTESIAN_POINT('Ctrl Pts',(0.0414252773655582,0.0570856661976214,
0.042271107147005));
#6658=CARTESIAN_POINT('Ctrl Pts',(0.0413738943441282,0.0570862981872163,
0.0423477532920782));
#6659=CARTESIAN_POINT('Ctrl Pts',(0.0413225102044405,0.0570866141725902,
0.0424244051862651));
#6660=CARTESIAN_POINT('Ctrl Pts',(0.0412711261613875,0.0570866141732283,
0.0425010569093306));
#6661=CARTESIAN_POINT('',(0.0412711261613875,0.0570866141732283,0.0425010569093308));
#6662=CARTESIAN_POINT('Ctrl Pts',(0.0414252773655582,0.0570856661976214,
0.042271107147005));
#6663=CARTESIAN_POINT('Ctrl Pts',(0.0413738943441282,0.0570862981872163,
0.0423477532920782));
#6664=CARTESIAN_POINT('Ctrl Pts',(0.0413225102044405,0.0570866141725902,
0.0424244051862651));
#6665=CARTESIAN_POINT('Ctrl Pts',(0.0412711261613875,0.0570866141732283,
0.0425010569093306));
#6666=CARTESIAN_POINT('',(-0.0177165354330709,0.0570866141732283,0.0425010569093307));
#6667=CARTESIAN_POINT('Ctrl Pts',(0.0414069881332928,0.057086024001151,
0.042489687071602));
#6668=CARTESIAN_POINT('Ctrl Pts',(0.0415841253359319,0.0570829673037194,
0.0403727743789012));
#6669=CARTESIAN_POINT('Ctrl Pts',(0.0417610154916401,0.0570679972472346,
0.0382559230986474));
#6670=CARTESIAN_POINT('Ctrl Pts',(0.0419358250049534,0.0570414314862583,
0.0361395825079749));
#6671=CARTESIAN_POINT('Ctrl Pts',(0.0413617019407934,0.0570864174467451,
0.0424934769228227));
#6672=CARTESIAN_POINT('Ctrl Pts',(0.0414215709835985,0.0570853985248759,
0.0403863768943698));
#6673=CARTESIAN_POINT('Ctrl Pts',(0.0414813719611025,0.0570804092545686,
0.0382793095697291));
#6674=CARTESIAN_POINT('Ctrl Pts',(0.0415405981312012,0.057071538865558,
0.0361725153412996));
#6675=CARTESIAN_POINT('Ctrl Pts',(0.0413164140510926,0.0570866141732283,
0.0424972669160766));
#6676=CARTESIAN_POINT('Ctrl Pts',(0.0412590017484774,0.0570866141759595,
0.0403999806552877));
#6677=CARTESIAN_POINT('Ctrl Pts',(0.0412015943816098,0.0570866123550069,
0.0383027074545473));
#6678=CARTESIAN_POINT('Ctrl Pts',(0.0411442342666805,0.0570866141732283,
0.0362055429159742));
#6679=CARTESIAN_POINT('Ctrl Pts',(0.0412711261613875,0.0570866141732283,
0.0425010569093308));
#6680=CARTESIAN_POINT('Ctrl Pts',(0.0410964325132894,0.0570866141732283,
0.0404135844162111));
#6681=CARTESIAN_POINT('Ctrl Pts',(0.0409218169497502,0.0570866141732283,
0.038326105327117));
#6682=CARTESIAN_POINT('Ctrl Pts',(0.0407478701844933,0.0570866141732283,
0.0362385705087861));
#6683=CARTESIAN_POINT('',(0.0419358250049534,0.0570414314862583,0.0361395825079749));
#6684=CARTESIAN_POINT('Ctrl Pts',(0.04142527734317,0.0570856660593871,0.0422711071523894));
#6685=CARTESIAN_POINT('Ctrl Pts',(0.041596299307167,0.0570819230864638,
0.0402270591074095));
#6686=CARTESIAN_POINT('Ctrl Pts',(0.0417670320979277,0.05706708290498,0.0381830827373696));
#6687=CARTESIAN_POINT('Ctrl Pts',(0.0419358250049534,0.0570414314862583,
0.0361395825079749));
#6688=CARTESIAN_POINT('',(0.0407478702855058,0.0570866141732283,0.036238570500369));
#6689=CARTESIAN_POINT('Origin',(0.0407478701844933,0.0413385826771653,0.036238570508786));
#6690=CARTESIAN_POINT('Ctrl Pts',(0.0407478701844933,0.0570866141732283,
0.0362385705087861));
#6691=CARTESIAN_POINT('Ctrl Pts',(0.0409218169497502,0.0570866141732283,
0.038326105327117));
#6692=CARTESIAN_POINT('Ctrl Pts',(0.0410964325132894,0.0570866141732283,
0.0404135844162111));
#6693=CARTESIAN_POINT('Ctrl Pts',(0.0412711261613875,0.0570866141732283,
0.0425010569093308));
#6694=CARTESIAN_POINT('Ctrl Pts',(0.0413385826771654,0.0570866141732283,
0.0422711071473248));
#6695=CARTESIAN_POINT('Ctrl Pts',(0.0413385826771654,0.0570866141732283,
0.0347424178882428));
#6696=CARTESIAN_POINT('Ctrl Pts',(0.0413385826771654,0.0570866141732283,
0.0272137286291607));
#6697=CARTESIAN_POINT('Ctrl Pts',(0.0413385826771654,0.0570866141732283,
0.0196850393700787));
#6698=CARTESIAN_POINT('Ctrl Pts',(0.0478074169797067,0.0570158797691217,
0.0422711071473248));
#6699=CARTESIAN_POINT('Ctrl Pts',(0.0478074169797067,0.0565018373913652,
0.0347424178882428));
#6700=CARTESIAN_POINT('Ctrl Pts',(0.0478074169797067,0.0559877950136087,
0.0272137286291607));
#6701=CARTESIAN_POINT('Ctrl Pts',(0.0478074169797067,0.0554737526358522,
0.0196850393700787));
#6702=CARTESIAN_POINT('Ctrl Pts',(0.054276251282248,0.0569451453650149,
0.0422711071473248));
#6703=CARTESIAN_POINT('Ctrl Pts',(0.054276251282248,0.055917060609502,0.0347424178882428));
#6704=CARTESIAN_POINT('Ctrl Pts',(0.054276251282248,0.0548889758539891,
0.0272137286291607));
#6705=CARTESIAN_POINT('Ctrl Pts',(0.054276251282248,0.0538608910984761,
0.0196850393700787));
#6706=CARTESIAN_POINT('Ctrl Pts',(0.0607450855847893,0.0568744109609083,
0.0422711071473248));
#6707=CARTESIAN_POINT('Ctrl Pts',(0.0607450855847893,0.0553322838276389,
0.0347424178882428));
#6708=CARTESIAN_POINT('Ctrl Pts',(0.0607450855847893,0.0537901566943695,
0.0272137286291607));
#6709=CARTESIAN_POINT('Ctrl Pts',(0.0607450855847893,0.0522480295611001,
0.0196850393700787));
#6710=CARTESIAN_POINT('',(0.0590551181102362,0.0537000724023269,0.0251968503937008));
#6711=CARTESIAN_POINT('',(0.0590551181102362,0.0570866141732283,0.0433070866141732));
#6712=CARTESIAN_POINT('',(0.0607450855847881,0.0525635171198051,0.0212252546631974));
#6713=CARTESIAN_POINT('Ctrl Pts',(0.0607450855847881,0.0525635171198051,
0.0212252546631974));
#6714=CARTESIAN_POINT('Ctrl Pts',(0.0604279658126048,0.0526999360886945,
0.0215304171817017));
#6715=CARTESIAN_POINT('Ctrl Pts',(0.0601469024559295,0.0528326739875653,
0.021874030294306));
#6716=CARTESIAN_POINT('Ctrl Pts',(0.0595224848135023,0.0531648932819107,
0.022860905985296));
#6717=CARTESIAN_POINT('Ctrl Pts',(0.0592569724077499,0.0533503274655225,
0.0235466181628636));
#6718=CARTESIAN_POINT('Ctrl Pts',(0.0590813801442412,0.0535789952048015,
0.0245762291770103));
#6719=CARTESIAN_POINT('Ctrl Pts',(0.0590551181102357,0.0536419845539275,
0.0248862135472598));
#6720=CARTESIAN_POINT('Ctrl Pts',(0.0590551181102362,0.0537000724023285,
0.0251968503937098));
#6721=CARTESIAN_POINT('',(0.0413385826771654,0.0570866141732283,0.0196850393700787));
#6722=CARTESIAN_POINT('Ctrl Pts',(0.0413385826771654,0.0570866141732283,
0.0196850393700787));
#6723=CARTESIAN_POINT('Ctrl Pts',(0.0413743986735869,0.0570776842423707,
0.0196879454971857));
#6724=CARTESIAN_POINT('Ctrl Pts',(0.0414102157123703,0.0570687623545446,
0.019690848812053));
#6725=CARTESIAN_POINT('Ctrl Pts',(0.0478573395606049,0.0554612169584431,
0.020214789991872));
#6726=CARTESIAN_POINT('Ctrl Pts',(0.0542953008563508,0.053971534222822,
0.0207370022010759));
#6727=CARTESIAN_POINT('Ctrl Pts',(0.0607460031052272,0.0525668613791381,
0.0212227408396493));
#6728=CARTESIAN_POINT('',(0.0413385826771654,0.0570866141732283,0.0340551181102362));
#6729=CARTESIAN_POINT('',(0.0413385826771653,0.0570866141732283,0.0433070866141732));
#6730=CARTESIAN_POINT('Ctrl Pts',(0.0419358250049533,0.0570414314862583,
0.0361395825079749));
#6731=CARTESIAN_POINT('Ctrl Pts',(0.0419994231084363,0.0570317664914248,
0.0353696277823212));
#6732=CARTESIAN_POINT('Ctrl Pts',(0.0418074688323,0.0570414640526425,0.0346557951809358));
#6733=CARTESIAN_POINT('Ctrl Pts',(0.0413839277243987,0.0570822110186238,
0.0341097180240934));
#6734=CARTESIAN_POINT('Ctrl Pts',(0.0413615735101354,0.0570843690386617,
0.0340821341629914));
#6735=CARTESIAN_POINT('Ctrl Pts',(0.0413385826771654,0.0570866141732283,
0.0340551181102362));
#6736=CARTESIAN_POINT('Ctrl Pts',(0.0415974661274716,-0.0570866141732283,
0.0425010569093306));
#6737=CARTESIAN_POINT('Ctrl Pts',(0.0421303372073834,-0.0570866141732283,
0.0425010569093306));
#6738=CARTESIAN_POINT('Ctrl Pts',(0.0433971772689784,-0.0570866141732284,
0.0425010569093307));
#6739=CARTESIAN_POINT('Ctrl Pts',(0.0458858141839687,-0.0570866141732283,
0.0425010569093307));
#6740=CARTESIAN_POINT('Ctrl Pts',(0.0484892290710705,-0.0570866141732284,
0.0425010569093307));
#6741=CARTESIAN_POINT('Ctrl Pts',(0.0532703441023313,-0.0570866141732284,
0.0425010569093307));
#6742=CARTESIAN_POINT('Ctrl Pts',(0.056722592664028,-0.0570866141732283,
0.0425010569093306));
#6743=CARTESIAN_POINT('Ctrl Pts',(0.0595367079563911,-0.0570866141732283,
0.0425010569093306));
#6744=CARTESIAN_POINT('Ctrl Pts',(0.0415400666900105,-0.0570854248123204,
0.0424244162904174));
#6745=CARTESIAN_POINT('Ctrl Pts',(0.0420552457212785,-0.0570818314371575,
0.0423180362245615));
#6746=CARTESIAN_POINT('Ctrl Pts',(0.0433093546944457,-0.057070856066031,
0.0422417336760298));
#6747=CARTESIAN_POINT('Ctrl Pts',(0.045776461479204,-0.0570449473085365,
0.0421129484328119));
#6748=CARTESIAN_POINT('Ctrl Pts',(0.0483661794082139,-0.0570130662590564,
0.042031320698552));
#6749=CARTESIAN_POINT('Ctrl Pts',(0.053125203125941,-0.0569483424533114,
0.0418993011148318));
#6750=CARTESIAN_POINT('Ctrl Pts',(0.0565684372021262,-0.0568954739044608,
0.0418447235775672));
#6751=CARTESIAN_POINT('Ctrl Pts',(0.0593756225824203,-0.056850566256457,
0.0418017024351005));
#6752=CARTESIAN_POINT('Ctrl Pts',(0.0414826672526553,-0.0570851088029254,
0.0423477621183868));
#6753=CARTESIAN_POINT('Ctrl Pts',(0.0419801542358005,-0.0570796690390069,
0.0421349527411745));
#6754=CARTESIAN_POINT('Ctrl Pts',(0.0432215321140431,-0.0570616149395239,
0.0419820439640473));
#6755=CARTESIAN_POINT('Ctrl Pts',(0.0456671088036025,-0.0570173677150827,
0.0417233437556874));
#6756=CARTESIAN_POINT('Ctrl Pts',(0.0482431298507253,-0.0569613102729978,
0.041558191861492));
#6757=CARTESIAN_POINT('Ctrl Pts',(0.0529800625866734,-0.0568455718608874,
0.0412894616123663));
#6758=CARTESIAN_POINT('Ctrl Pts',(0.0564142824498023,-0.0567490358677826,
0.0411755478156004));
#6759=CARTESIAN_POINT('Ctrl Pts',(0.0592145383591684,-0.0566661190576474,
0.0410849371191286));
#6760=CARTESIAN_POINT('Ctrl Pts',(0.0414252773655574,-0.0570856661976213,
0.0422711071470041));
#6761=CARTESIAN_POINT('Ctrl Pts',(0.0419050943502762,-0.0570801274437431,
0.041951862435298));
#6762=CARTESIAN_POINT('Ctrl Pts',(0.0431338111354787,-0.0570588982119846,
0.0417222651390491));
#6763=CARTESIAN_POINT('Ctrl Pts',(0.0455580338377346,-0.0570039375181614,
0.0413331901522404));
#6764=CARTESIAN_POINT('Ctrl Pts',(0.0481205833430295,-0.0569315464393369,
0.0410835751338812));
#6765=CARTESIAN_POINT('Ctrl Pts',(0.0528358898058104,-0.0567789510431016,
0.040675533555237));
#6766=CARTESIAN_POINT('Ctrl Pts',(0.0562614770152924,-0.0566485337075803,
0.0404993574048628));
#6767=CARTESIAN_POINT('Ctrl Pts',(0.0590551184011834,-0.0565351769024592,
0.0403581612070788));
#6768=CARTESIAN_POINT('',(0.0590551183977121,-0.0565351769005799,0.0403581611909251));
#6769=CARTESIAN_POINT('',(0.0590551181102362,-0.0570866141732283,0.0425010569093307));
#6770=CARTESIAN_POINT('Ctrl Pts',(0.0590551181102362,-0.0565351769142649,
0.0403581612217839));
#6771=CARTESIAN_POINT('Ctrl Pts',(0.0590551181102362,-0.0566034329581239,
0.0407231746075284));
#6772=CARTESIAN_POINT('Ctrl Pts',(0.0590551181102362,-0.0566839896129752,
0.0410857967929467));
#6773=CARTESIAN_POINT('Ctrl Pts',(0.0590551181102362,-0.0568682550341521,
0.0418006084684239));
#6774=CARTESIAN_POINT('Ctrl Pts',(0.0590551181102362,-0.0569716283696113,
0.0421527045193163));
#6775=CARTESIAN_POINT('Ctrl Pts',(0.0590551181102362,-0.0570866141732283,
0.0425010569093306));
#6776=CARTESIAN_POINT('',(0.0415974661274713,-0.0570866141732283,0.0425010569093307));
#6777=CARTESIAN_POINT('',(0.0590551181102362,-0.0570866141732283,0.0425010569093306));
#6778=CARTESIAN_POINT('',(0.0414252773655576,-0.0570856661976213,0.0422711071470042));
#6779=CARTESIAN_POINT('Origin',(0.0415974661274713,-0.0728327497180773,
0.0422566977387751));
#6780=CARTESIAN_POINT('Ctrl Pts',(0.0414252773655574,-0.0570856661976213,
0.0422711071470041));
#6781=CARTESIAN_POINT('Ctrl Pts',(0.0419050943502762,-0.0570801274437431,
0.041951862435298));
#6782=CARTESIAN_POINT('Ctrl Pts',(0.0431338111354787,-0.0570588982119846,
0.0417222651390491));
#6783=CARTESIAN_POINT('Ctrl Pts',(0.0455580338377346,-0.0570039375181614,
0.0413331901522404));
#6784=CARTESIAN_POINT('Ctrl Pts',(0.0481205833430295,-0.0569315464393369,
0.0410835751338812));
#6785=CARTESIAN_POINT('Ctrl Pts',(0.0528358898058104,-0.0567789510431016,
0.040675533555237));
#6786=CARTESIAN_POINT('Ctrl Pts',(0.0562614770152924,-0.0566485337075803,
0.0404993574048628));
#6787=CARTESIAN_POINT('Ctrl Pts',(0.0590551184011834,-0.0565351769024592,
0.0403581612070788));
#6788=CARTESIAN_POINT('Ctrl Pts',(0.0412711261613883,-0.0570866141732283,
0.0425010569093306));
#6789=CARTESIAN_POINT('Ctrl Pts',(0.041379906999715,-0.0570866141732284,
0.0425010569093307));
#6790=CARTESIAN_POINT('Ctrl Pts',(0.0414886879659897,-0.0570866141732283,
0.0425010569093306));
#6791=CARTESIAN_POINT('Ctrl Pts',(0.0415974661274714,-0.0570866141732283,
0.0425010569093306));
#6792=CARTESIAN_POINT('Ctrl Pts',(0.0412711261613883,-0.0570866141732284,
0.0425010569093305));
#6793=CARTESIAN_POINT('Ctrl Pts',(0.0413607747346066,-0.0570866141773181,
0.0424755063349819));
#6794=CARTESIAN_POINT('Ctrl Pts',(0.041450423425423,-0.0570862176852716,
0.0424499557035657));
#6795=CARTESIAN_POINT('Ctrl Pts',(0.0415400666899862,-0.0570854248071233,
0.0424244162904659));
#6796=CARTESIAN_POINT('Ctrl Pts',(0.0412711261613882,-0.0570866141732283,
0.0425010569093305));
#6797=CARTESIAN_POINT('Ctrl Pts',(0.041341642469517,-0.0570866141758518,
0.042449955760641));
#6798=CARTESIAN_POINT('Ctrl Pts',(0.0414121588848005,-0.0570861123611895,
0.0423988544977823));
#6799=CARTESIAN_POINT('Ctrl Pts',(0.041482667252622,-0.0570851087977283,
0.0423477621184231));
#6800=CARTESIAN_POINT('Ctrl Pts',(0.0412711261613881,-0.0570866141732283,
0.0425010569093304));
#6801=CARTESIAN_POINT('Ctrl Pts',(0.0413225102044422,-0.0570866141725902,
0.0424244051862749));
#6802=CARTESIAN_POINT('Ctrl Pts',(0.041373894344128,-0.0570862981872164,
0.042347753292074));
#6803=CARTESIAN_POINT('Ctrl Pts',(0.041425277365557,-0.0570856661976213,
0.0422711071470035));
#6804=CARTESIAN_POINT('',(0.0412711261613883,-0.0570866141732283,0.0425010569093306));
#6805=CARTESIAN_POINT('',(0.0590551181102362,-0.0570866141732283,0.0425010569093306));
#6806=CARTESIAN_POINT('Ctrl Pts',(0.0412711261613881,-0.0570866141732283,
0.0425010569093304));
#6807=CARTESIAN_POINT('Ctrl Pts',(0.0413225102044422,-0.0570866141725902,
0.0424244051862749));
#6808=CARTESIAN_POINT('Ctrl Pts',(0.041373894344128,-0.0570862981872164,
0.042347753292074));
#6809=CARTESIAN_POINT('Ctrl Pts',(0.041425277365557,-0.0570856661976213,
0.0422711071470035));
#6810=CARTESIAN_POINT('Ctrl Pts',(0.0758208054978873,0.0494310012192653,
0.0222726351867996));
#6811=CARTESIAN_POINT('Ctrl Pts',(0.0643304213780151,0.051719192170762,
0.0215504027667442));
#6812=CARTESIAN_POINT('Ctrl Pts',(0.0528460900360714,0.0542173067982045,
0.0206202129171124));
#6813=CARTESIAN_POINT('Ctrl Pts',(0.0414102157123703,0.0570687623545446,
0.019690848812053));
#6814=CARTESIAN_POINT('Ctrl Pts',(0.0413743986735869,0.0570776842423707,
0.0196879454971857));
#6815=CARTESIAN_POINT('Ctrl Pts',(0.0413385826771654,0.0570866141732283,
0.0196850393700787));
#6816=CARTESIAN_POINT('Ctrl Pts',(0.0755555930449014,0.0488754224869227,
0.0205843532281345));
#6817=CARTESIAN_POINT('Ctrl Pts',(0.064179811459349,0.0515127224754398,
0.0203207340498773));
#6818=CARTESIAN_POINT('Ctrl Pts',(0.0527986757205502,0.0542294131065438,
0.0200004271115533));
#6819=CARTESIAN_POINT('Ctrl Pts',(0.0414099206040153,0.0570688300173169,
0.0196870002024249));
#6820=CARTESIAN_POINT('Ctrl Pts',(0.0413742515827882,0.0570777209162258,
0.0196860200141308));
#6821=CARTESIAN_POINT('Ctrl Pts',(0.0413385826771654,0.0570866141732283,
0.0196850393700787));
#6822=CARTESIAN_POINT('Ctrl Pts',(0.0753538668001624,0.0486056513166981,
0.0187924802412683));
#6823=CARTESIAN_POINT('Ctrl Pts',(0.0640572835373599,0.0514230126307259,
0.019082960507638));
#6824=CARTESIAN_POINT('Ctrl Pts',(0.0527512827891292,0.0542411762277138,
0.0193814972325999));
#6825=CARTESIAN_POINT('Ctrl Pts',(0.0414096260682004,0.0570689009231347,
0.0196831497032056));
#6826=CARTESIAN_POINT('Ctrl Pts',(0.0413741044919896,0.0570777575900809,
0.0196840945310759));
#6827=CARTESIAN_POINT('Ctrl Pts',(0.0413385826771654,0.0570866141732283,
0.0196850393700787));
#6828=CARTESIAN_POINT('Ctrl Pts',(0.0752272429502819,0.0486372221883011,
0.0170001992851367));
#6829=CARTESIAN_POINT('Ctrl Pts',(0.0639628156480537,0.0514457593507379,
0.0178454981835443));
#6830=CARTESIAN_POINT('Ctrl Pts',(0.0527038853770259,0.0542529259493631,
0.0187625489026031));
#6831=CARTESIAN_POINT('Ctrl Pts',(0.0414093321623562,0.0570689743453835,
0.0196792992452333));
#6832=CARTESIAN_POINT('Ctrl Pts',(0.0413739574011909,0.0570777942639359,
0.019682169048021));
#6833=CARTESIAN_POINT('Ctrl Pts',(0.0413385826771654,0.0570866141732283,
0.0196850393700787));
#6834=CARTESIAN_POINT('',(0.0645669291338637,0.0514085752084088,0.0196850393700787));
#6835=CARTESIAN_POINT('Ctrl Pts',(0.0607451303378869,0.0525670514291497,
0.0212226751199374));
#6836=CARTESIAN_POINT('Ctrl Pts',(0.0608900021207944,0.0525043860376348,
0.0210835438300262));
#6837=CARTESIAN_POINT('Ctrl Pts',(0.0610426806603171,0.0524432210814885,
0.020952123376));
#6838=CARTESIAN_POINT('Ctrl Pts',(0.0612025485571896,0.0523831660260897,
0.0208291253827688));
#6839=CARTESIAN_POINT('Ctrl Pts',(0.0616761499601403,0.0522052556447838,
0.0204647493992598));
#6840=CARTESIAN_POINT('Ctrl Pts',(0.0622079996028756,0.0520383207382459,
0.0201781132972815));
#6841=CARTESIAN_POINT('Ctrl Pts',(0.0627776086019829,0.0518761535077411,
0.0199828029773319));
#6842=CARTESIAN_POINT('Ctrl Pts',(0.0631734317717132,0.0517634629650962,
0.0198470811926611));
#6843=CARTESIAN_POINT('Ctrl Pts',(0.0635843753738882,0.0516540762607833,
0.0197565167183764));
#6844=CARTESIAN_POINT('Ctrl Pts',(0.0640024267104424,0.0515485606808889,
0.0197135160706924));
#6845=CARTESIAN_POINT('Ctrl Pts',(0.0641897048894715,0.0515012919271881,
0.0196942526877268));
#6846=CARTESIAN_POINT('Ctrl Pts',(0.064378172258904,0.0514548950989381,
0.0196845624271448));
#6847=CARTESIAN_POINT('Ctrl Pts',(0.064566924727437,0.0514096294184702,
0.0196845676221194));
#6848=CARTESIAN_POINT('',(0.0706781033666036,0.0499501108550826,0.0196850393700787));
#6849=CARTESIAN_POINT('Ctrl Pts',(0.0645669247274369,0.0514096294184702,
0.0196845676221194));
#6850=CARTESIAN_POINT('Ctrl Pts',(0.0665952433538887,0.0509232078734815,
0.0196846215235667));
#6851=CARTESIAN_POINT('Ctrl Pts',(0.0686314329056585,0.05043716062352,0.0196847245282371));
#6852=CARTESIAN_POINT('Ctrl Pts',(0.0706781856605432,0.0499507985434215,
0.0196848146816259));
#6853=CARTESIAN_POINT('',(0.0752272429502807,0.0486372221883014,0.01700019928512));
#6854=CARTESIAN_POINT('Ctrl Pts',(0.0706781856605432,0.0499507985434215,
0.0196848146816259));
#6855=CARTESIAN_POINT('Ctrl Pts',(0.0708787486635358,0.0499031395173685,
0.0196848235045588));
#6856=CARTESIAN_POINT('Ctrl Pts',(0.0710788854356366,0.0498538125309372,
0.0196732602418648));
#6857=CARTESIAN_POINT('Ctrl Pts',(0.0712773679005907,0.0498030946613443,
0.0196501914004439));
#6858=CARTESIAN_POINT('Ctrl Pts',(0.0715103022445,0.0497435733646856,0.0196231183517372));
#6859=CARTESIAN_POINT('Ctrl Pts',(0.0717405998313162,0.049682224388046,
0.0195802584675708));
#6860=CARTESIAN_POINT('Ctrl Pts',(0.0719668945843802,0.0496196559583363,
0.0195218899489079));
#6861=CARTESIAN_POINT('Ctrl Pts',(0.072589973026072,0.0494473804673905,
0.0193611784646163));
#6862=CARTESIAN_POINT('Ctrl Pts',(0.073174898796912,0.0492671022628449,
0.0190848313258504));
#6863=CARTESIAN_POINT('Ctrl Pts',(0.0736971172822555,0.0491016422852472,
0.0187068451429492));
#6864=CARTESIAN_POINT('Ctrl Pts',(0.0740315219142,0.0489956893470365,0.0184648002251213));
#6865=CARTESIAN_POINT('Ctrl Pts',(0.0743377167238115,0.0488969468153993,
0.0181829457236812));
#6866=CARTESIAN_POINT('Ctrl Pts',(0.0746109045918479,0.0488129556933212,
0.0178668611187358));
#6867=CARTESIAN_POINT('Ctrl Pts',(0.0748418223248484,0.0487419604487598,
0.0175996840257889));
#6868=CARTESIAN_POINT('Ctrl Pts',(0.0750479751939934,0.0486819186599507,
0.0173094332872842));
#6869=CARTESIAN_POINT('Ctrl Pts',(0.0752272429502819,0.0486372221883011,
0.0170001992851367));
#6870=CARTESIAN_POINT('Ctrl Pts',(0.0752272429502819,0.0486372221883011,
0.0170001992851367));
#6871=CARTESIAN_POINT('Ctrl Pts',(0.0639628156480537,0.0514457593507379,
0.0178454981835443));
#6872=CARTESIAN_POINT('Ctrl Pts',(0.0527038853770259,0.0542529259493631,
0.0187625489026031));
#6873=CARTESIAN_POINT('Ctrl Pts',(0.0414093321623562,0.0570689743453835,
0.0196792992452333));
#6874=CARTESIAN_POINT('Ctrl Pts',(0.0413739574011909,0.0570777942639359,
0.019682169048021));
#6875=CARTESIAN_POINT('Ctrl Pts',(0.0413385826771654,0.0570866141732283,
0.0196850393700787));
#6876=CARTESIAN_POINT('Ctrl Pts',(-0.0752272429502819,0.0486372221883011,
0.0170001992851367));
#6877=CARTESIAN_POINT('Ctrl Pts',(-0.0639628236985535,0.0514457573435229,
0.0178454975794232));
#6878=CARTESIAN_POINT('Ctrl Pts',(-0.0527039014622762,0.05425292193886,
0.0187625475892704));
#6879=CARTESIAN_POINT('Ctrl Pts',(-0.0414093482516545,0.0570689703338709,
0.0196792979398528));
#6880=CARTESIAN_POINT('Ctrl Pts',(-0.0413739654458366,0.0570777922581805,
0.0196821683952914));
#6881=CARTESIAN_POINT('Ctrl Pts',(-0.0413385826771654,0.0570866141732283,
0.0196850393700787));
#6882=CARTESIAN_POINT('Ctrl Pts',(-0.0753538668001624,0.0486056513166981,
0.0187924802412683));
#6883=CARTESIAN_POINT('Ctrl Pts',(-0.064057291610841,0.0514230106172044,
0.0190829603000366));
#6884=CARTESIAN_POINT('Ctrl Pts',(-0.0527512989428927,0.0542411722002573,
0.0193814968064365));
#6885=CARTESIAN_POINT('Ctrl Pts',(-0.0414096422243403,0.057068896894925,
0.0196831492734861));
#6886=CARTESIAN_POINT('Ctrl Pts',(-0.0413741125700846,0.0570777555759855,
0.019684094316225));
#6887=CARTESIAN_POINT('Ctrl Pts',(-0.0413385826771654,0.0570866141732283,
0.0196850393700787));
#6888=CARTESIAN_POINT('Ctrl Pts',(-0.0755555930449014,0.0488754224869227,
0.0205843532281345));
#6889=CARTESIAN_POINT('Ctrl Pts',(-0.0641798195894318,0.0515127205906051,
0.0203207342382815));
#6890=CARTESIAN_POINT('Ctrl Pts',(-0.0527986919808347,0.0542294092145587,
0.0200004275726243));
#6891=CARTESIAN_POINT('Ctrl Pts',(-0.0414099368271978,0.0570688259732135,
0.0196870006483757));
#6892=CARTESIAN_POINT('Ctrl Pts',(-0.0413742596943327,0.0570777188937906,
0.0196860202371585));
#6893=CARTESIAN_POINT('Ctrl Pts',(-0.0413385826771654,0.0570866141732283,
0.0196850393700787));
#6894=CARTESIAN_POINT('Ctrl Pts',(-0.0758208054978873,0.0494310012192653,
0.0222726351867996));
#6895=CARTESIAN_POINT('Ctrl Pts',(-0.0643304295900025,0.0517191905354298,
0.0215504032829117));
#6896=CARTESIAN_POINT('Ctrl Pts',(-0.0528461064409347,0.0542173031953578,
0.020620214263283));
#6897=CARTESIAN_POINT('Ctrl Pts',(-0.0414102320027829,0.0570687582955137,
0.0196908501332467));
#6898=CARTESIAN_POINT('Ctrl Pts',(-0.0413744068185808,0.0570776822115957,
0.0196879461580921));
#6899=CARTESIAN_POINT('Ctrl Pts',(-0.0413385826771654,0.0570866141732283,
0.0196850393700787));
#6900=CARTESIAN_POINT('',(-0.0607450855847882,0.0525635171198051,0.0212252546631974));
#6901=CARTESIAN_POINT('',(-0.0645669291338625,0.0514085752084091,0.0196850393700787));
#6902=CARTESIAN_POINT('Ctrl Pts',(-0.0645669247256292,0.0514096294171399,
0.0196845676227646));
#6903=CARTESIAN_POINT('Ctrl Pts',(-0.064405758809809,0.0514482794287097,
0.01968456319795));
#6904=CARTESIAN_POINT('Ctrl Pts',(-0.0642447984909418,0.0514877563617019,
0.0196916262028505));
#6905=CARTESIAN_POINT('Ctrl Pts',(-0.0640846079669439,0.0515278938420284,
0.0197056839696965));
#6906=CARTESIAN_POINT('Ctrl Pts',(-0.0639102158960404,0.0515715896745926,
0.0197209880152254));
#6907=CARTESIAN_POINT('Ctrl Pts',(-0.0637368206104343,0.0516160458603827,
0.0197445714893526));
#6908=CARTESIAN_POINT('Ctrl Pts',(-0.0635650193300521,0.0516611539167418,
0.0197763011967537));
#6909=CARTESIAN_POINT('Ctrl Pts',(-0.0631406383619906,0.051772579166789,
0.0198546794481454));
#6910=CARTESIAN_POINT('Ctrl Pts',(-0.0627277494157373,0.0518873297425939,
0.0199824485448607));
#6911=CARTESIAN_POINT('Ctrl Pts',(-0.0623347900312179,0.0520057643991287,
0.0201563083727572));
#6912=CARTESIAN_POINT('Ctrl Pts',(-0.061743966182479,0.0521838337425636,
0.0204177107891535));
#6913=CARTESIAN_POINT('Ctrl Pts',(-0.0612063717882264,0.0523675379249022,
0.0207797102007142));
#6914=CARTESIAN_POINT('Ctrl Pts',(-0.0607451303370996,0.0525670514185894,
0.0212226751252684));
#6915=CARTESIAN_POINT('',(-0.0413385826771654,0.0570866141732283,0.0196850393700787));
#6916=CARTESIAN_POINT('Ctrl Pts',(-0.0607460031026194,0.052566861368975,
0.0212227408448428));
#6917=CARTESIAN_POINT('Ctrl Pts',(-0.0542953090483654,0.0539715324229027,
0.0207370028259811));
#6918=CARTESIAN_POINT('Ctrl Pts',(-0.0478573559150327,0.0554612131567186,
0.0202147913271055));
#6919=CARTESIAN_POINT('Ctrl Pts',(-0.0414102320027829,0.0570687582955137,
0.0196908501332467));
#6920=CARTESIAN_POINT('Ctrl Pts',(-0.0413744068185808,0.0570776822115957,
0.0196879461580921));
#6921=CARTESIAN_POINT('Ctrl Pts',(-0.0413385826771654,0.0570866141732283,
0.0196850393700787));
#6922=CARTESIAN_POINT('',(-0.0752272429502807,0.0486372221883014,0.01700019928512));
#6923=CARTESIAN_POINT('Ctrl Pts',(-0.0413385826771654,0.0570866141732283,
0.0196850393700787));
#6924=CARTESIAN_POINT('Ctrl Pts',(-0.0413739654458366,0.0570777922581805,
0.0196821683952914));
#6925=CARTESIAN_POINT('Ctrl Pts',(-0.0414093482516545,0.0570689703338709,
0.0196792979398528));
#6926=CARTESIAN_POINT('Ctrl Pts',(-0.0527039014622762,0.05425292193886,
0.0187625475892704));
#6927=CARTESIAN_POINT('Ctrl Pts',(-0.0639628236985535,0.0514457573435229,
0.0178454975794232));
#6928=CARTESIAN_POINT('Ctrl Pts',(-0.0752272429502819,0.0486372221883011,
0.0170001992851367));
#6929=CARTESIAN_POINT('',(-0.0706781033666036,0.0499501108550826,0.0196850393700787));
#6930=CARTESIAN_POINT('Ctrl Pts',(-0.0752272429502819,0.0486372221883011,
0.0170001992851367));
#6931=CARTESIAN_POINT('Ctrl Pts',(-0.0750531342782822,0.0486806323557685,
0.0173005339496943));
#6932=CARTESIAN_POINT('Ctrl Pts',(-0.074853653322434,0.0487385202883045,
0.0175829834339945));
#6933=CARTESIAN_POINT('Ctrl Pts',(-0.0746307317607281,0.0488068681969322,
0.0178437927544311));
#6934=CARTESIAN_POINT('Ctrl Pts',(-0.0742030343366919,0.0489380005299135,
0.0183441816520402));
#6935=CARTESIAN_POINT('Ctrl Pts',(-0.0736942062616862,0.0491055302177949,
0.0187587801223387));
#6936=CARTESIAN_POINT('Ctrl Pts',(-0.0731240213346162,0.0492808581881207,
0.0190673026031858));
#6937=CARTESIAN_POINT('Ctrl Pts',(-0.0725851002967885,0.0494465727260581,
0.0193589084448655));
#6938=CARTESIAN_POINT('Ctrl Pts',(-0.0719993820888082,0.0496163153340211,
0.0195513797097728));
#6939=CARTESIAN_POINT('Ctrl Pts',(-0.0713899501772951,0.049774133639254,
0.0196358489243389));
#6940=CARTESIAN_POINT('Ctrl Pts',(-0.0711546811998262,0.0498350588231778,
0.0196684579580359));
#6941=CARTESIAN_POINT('Ctrl Pts',(-0.0709167427613317,0.0498941111256851,
0.0196848251900075));
#6942=CARTESIAN_POINT('Ctrl Pts',(-0.0706781856601356,0.0499507985430803,
0.0196848146817872));
#6943=CARTESIAN_POINT('Ctrl Pts',(-0.0706781856601356,0.0499507985430803,
0.0196848146817873));
#6944=CARTESIAN_POINT('Ctrl Pts',(-0.06863143290492,0.0504371606229167,
0.0196847245285237));
#6945=CARTESIAN_POINT('Ctrl Pts',(-0.0665952433524707,0.0509232078725553,
0.0196846215240992));
#6946=CARTESIAN_POINT('Ctrl Pts',(-0.064566924725629,0.0514096294171399,
0.0196845676227646));
#6947=CARTESIAN_POINT('Origin',(-0.0590551181102362,0.0526693857764003,
0.00393700787401575));
#6948=CARTESIAN_POINT('',(-0.0413385826771654,0.0570866141732283,0.00944881889763779));
#6949=CARTESIAN_POINT('',(-0.0413385826771654,0.0570866141732283,0.00393700787401575));
#6950=CARTESIAN_POINT('',(-0.0468503937007874,0.0557123653386596,0.00393700787401575));
#6951=CARTESIAN_POINT('Origin',(-0.0468503937007874,0.0557123653386596,
0.00944881889763779));
#6952=CARTESIAN_POINT('',(-0.0706361652882425,0.0497819064126753,0.00393700787401575));
#6953=CARTESIAN_POINT('',(-0.0590551181102362,0.0526693857764003,0.00393700787401575));
#6954=CARTESIAN_POINT('',(-0.0759842519685039,0.0484484786416535,0.00944881889763779));
#6955=CARTESIAN_POINT('Origin',(-0.0706361652882425,0.0497819064126753,
0.00944881889763779));
#6956=CARTESIAN_POINT('',(-0.0759842519685039,0.0484484786416535,0.0141732283464567));
#6957=CARTESIAN_POINT('',(-0.0759842519685039,0.0484484786416535,0.00393700787401575));
#6958=CARTESIAN_POINT('Origin',(-0.0706361652882425,0.0497819064126753,
0.0141732283464567));
#6959=CARTESIAN_POINT('Ctrl Pts',(-0.0413385826771654,0.0570866141732283,
0.0433070866141732));
#6960=CARTESIAN_POINT('Ctrl Pts',(-0.0413385826771654,0.0570866141732283,
0.0354330708661417));
#6961=CARTESIAN_POINT('Ctrl Pts',(-0.0413385826771654,0.0570866141732283,
0.0275590551181102));
#6962=CARTESIAN_POINT('Ctrl Pts',(-0.0413385826771654,0.0570866141732283,
0.0196850393700787));
#6963=CARTESIAN_POINT('Ctrl Pts',(-0.0478074169797066,0.0570866141732283,
0.0433070866141732));
#6964=CARTESIAN_POINT('Ctrl Pts',(-0.0478074169797066,0.0565489936607696,
0.0354330708661417));
#6965=CARTESIAN_POINT('Ctrl Pts',(-0.0478074169797066,0.0560113731483109,
0.0275590551181102));
#6966=CARTESIAN_POINT('Ctrl Pts',(-0.0478074169797066,0.0554737526358522,
0.0196850393700787));
#6967=CARTESIAN_POINT('Ctrl Pts',(-0.0542762512822479,0.0570866141732283,
0.0433070866141732));
#6968=CARTESIAN_POINT('Ctrl Pts',(-0.0542762512822479,0.056011373148311,
0.0354330708661417));
#6969=CARTESIAN_POINT('Ctrl Pts',(-0.0542762512822479,0.0549361321233935,
0.0275590551181102));
#6970=CARTESIAN_POINT('Ctrl Pts',(-0.0542762512822479,0.0538608910984762,
0.0196850393700787));
#6971=CARTESIAN_POINT('Ctrl Pts',(-0.0607450855847892,0.0570866141732283,
0.0433070866141732));
#6972=CARTESIAN_POINT('Ctrl Pts',(-0.0607450855847892,0.0554737526358522,
0.0354330708661417));
#6973=CARTESIAN_POINT('Ctrl Pts',(-0.0607450855847892,0.0538608910984762,
0.0275590551181102));
#6974=CARTESIAN_POINT('Ctrl Pts',(-0.0607450855847892,0.0522480295611001,
0.0196850393700787));
#6975=CARTESIAN_POINT('',(-0.0590551181102362,0.0537000724023269,0.0251968503937008));
#6976=CARTESIAN_POINT('Ctrl Pts',(-0.0590551181102363,0.0537000724023281,
0.0251968503937075));
#6977=CARTESIAN_POINT('Ctrl Pts',(-0.0590551136818673,0.0536199192168996,
0.024768210043092));
#6978=CARTESIAN_POINT('Ctrl Pts',(-0.0591051216029495,0.0535305760311231,
0.0243416483345713));
#6979=CARTESIAN_POINT('Ctrl Pts',(-0.0592036776330862,0.0534319987915094,
0.0239257901671233));
#6980=CARTESIAN_POINT('Ctrl Pts',(-0.0593771135620105,0.0532585255387871,
0.0231939755082729));
#6981=CARTESIAN_POINT('Ctrl Pts',(-0.0596968560322492,0.0530598247427914,
0.0225114434447496));
#6982=CARTESIAN_POINT('Ctrl Pts',(-0.0601378713018559,0.0528421162397926,
0.0219160719066798));
#6983=CARTESIAN_POINT('Ctrl Pts',(-0.0603213850070775,0.0527515241519513,
0.021668328020097));
#6984=CARTESIAN_POINT('Ctrl Pts',(-0.0605246282628854,0.0526583536758856,
0.0214373992586153));
#6985=CARTESIAN_POINT('Ctrl Pts',(-0.0607450855847892,0.0525635171198047,
0.0212252546631965));
#6986=CARTESIAN_POINT('',(-0.0590551173795045,0.0568165588354311,0.0418629095803825));
#6987=CARTESIAN_POINT('',(-0.0590551181102362,0.0570866141732283,0.0433070866141732));
#6988=CARTESIAN_POINT('',(-0.0413385826771654,0.0570866141732283,0.0433070866141732));
#6989=CARTESIAN_POINT('Ctrl Pts',(-0.0413385826771654,0.0570866141732283,
0.0433070866141732));
#6990=CARTESIAN_POINT('Ctrl Pts',(-0.0413744004021208,0.0570866141732283,
0.0433040889767013));
#6991=CARTESIAN_POINT('Ctrl Pts',(-0.0414102180092936,0.0570866099010361,
0.0433010917076965));
#6992=CARTESIAN_POINT('Ctrl Pts',(-0.0473189555011668,0.0570856928250154,
0.0428064983763691));
#6993=CARTESIAN_POINT('Ctrl Pts',(-0.0531914935046018,0.0569906361577754,
0.042316147805099));
#6994=CARTESIAN_POINT('Ctrl Pts',(-0.0590551171873296,0.0568165578139407,
0.0418629101079587));
#6995=CARTESIAN_POINT('',(-0.041935825010994,0.0570414314853403,0.0361395824348456));
#6996=CARTESIAN_POINT('Ctrl Pts',(-0.0419358250109937,0.0570414314853404,
0.0361395824348457));
#6997=CARTESIAN_POINT('Ctrl Pts',(-0.0417415230508273,0.0570709595092236,
0.0384919093618138));
#6998=CARTESIAN_POINT('Ctrl Pts',(-0.041544649709898,0.0570861550780527,
0.0408448668009754));
#6999=CARTESIAN_POINT('Ctrl Pts',(-0.0413446781313595,0.0570866105979536,
0.0432342540412508));
#7000=CARTESIAN_POINT('Ctrl Pts',(-0.0413416304092687,0.0570866141732283,
0.043270670325966));
#7001=CARTESIAN_POINT('Ctrl Pts',(-0.0413385826771653,0.0570866141732283,
0.0433070866141732));
#7002=CARTESIAN_POINT('',(-0.0413385826771654,0.0570866141732283,0.0340551181102362));
#7003=CARTESIAN_POINT('Ctrl Pts',(-0.0413385826771654,0.0570866141732283,
0.0340551181102362));
#7004=CARTESIAN_POINT('Ctrl Pts',(-0.0413620580505325,0.0570843217216116,
0.0340827036018178));
#7005=CARTESIAN_POINT('Ctrl Pts',(-0.0413848670642431,0.0570821201435562,
0.0341108707006061));
#7006=CARTESIAN_POINT('Ctrl Pts',(-0.0418080454081342,0.0570414267966723,
0.0346577140050023));
#7007=CARTESIAN_POINT('Ctrl Pts',(-0.0419993622798283,0.0570317757342604,
0.0353703640205753));
#7008=CARTESIAN_POINT('Ctrl Pts',(-0.0419358250109939,0.0570414314853404,
0.0361395824348456));
#7009=CARTESIAN_POINT('',(-0.0413385826771654,0.0570866141732283,0.047244094488189));
#7010=CARTESIAN_POINT('Ctrl Pts',(-0.0758208054978873,-0.0494310012192653,
0.0222726351867996));
#7011=CARTESIAN_POINT('Ctrl Pts',(-0.0643304295900034,-0.0517191905354296,
0.0215504032829118));
#7012=CARTESIAN_POINT('Ctrl Pts',(-0.0528461064407886,-0.0542173031953952,
0.020620214262622));
#7013=CARTESIAN_POINT('Ctrl Pts',(-0.0414102320027831,-0.0570687582955136,
0.0196908501332454));
#7014=CARTESIAN_POINT('Ctrl Pts',(-0.0413744068185843,-0.0570776822115948,
0.0196879461580866));
#7015=CARTESIAN_POINT('Ctrl Pts',(-0.0413385826771654,-0.0570866141732283,
0.0196850393700787));
#7016=CARTESIAN_POINT('Ctrl Pts',(-0.0755555930449014,-0.0488754224869227,
0.0205843532281345));
#7017=CARTESIAN_POINT('Ctrl Pts',(-0.0641798195894327,-0.0515127205906049,
0.0203207342382815));
#7018=CARTESIAN_POINT('Ctrl Pts',(-0.0527986919807221,-0.0542294092145885,
0.0200004275719714));
#7019=CARTESIAN_POINT('Ctrl Pts',(-0.0414099368271981,-0.0570688259732134,
0.0196870006483744));
#7020=CARTESIAN_POINT('Ctrl Pts',(-0.041374259694336,-0.0570777188937898,
0.0196860202371532));
#7021=CARTESIAN_POINT('Ctrl Pts',(-0.0413385826771654,-0.0570866141732283,
0.0196850393700787));
#7022=CARTESIAN_POINT('Ctrl Pts',(-0.0753538668001624,-0.0486056513166981,
0.0187924802412683));
#7023=CARTESIAN_POINT('Ctrl Pts',(-0.0640572916108419,-0.0514230106172042,
0.0190829603000366));
#7024=CARTESIAN_POINT('Ctrl Pts',(-0.0527512989428134,-0.0542411722002794,
0.0193814968057911));
#7025=CARTESIAN_POINT('Ctrl Pts',(-0.0414096422243407,-0.0570688968949249,
0.0196831492734848));
#7026=CARTESIAN_POINT('Ctrl Pts',(-0.0413741125700877,-0.0570777555759848,
0.0196840943162197));
#7027=CARTESIAN_POINT('Ctrl Pts',(-0.0413385826771654,-0.0570866141732283,
0.0196850393700787));
#7028=CARTESIAN_POINT('Ctrl Pts',(-0.0752272429502819,-0.0486372221883011,
0.0170001992851367));
#7029=CARTESIAN_POINT('Ctrl Pts',(-0.0639628236985545,-0.0514457573435226,
0.0178454975794231));
#7030=CARTESIAN_POINT('Ctrl Pts',(-0.0527039014622301,-0.054252921938873,
0.0187625475886333));
#7031=CARTESIAN_POINT('Ctrl Pts',(-0.041409348251655,-0.0570689703338708,
0.0196792979398515));
#7032=CARTESIAN_POINT('Ctrl Pts',(-0.0413739654458394,-0.0570777922581798,
0.0196821683952862));
#7033=CARTESIAN_POINT('Ctrl Pts',(-0.0413385826771654,-0.0570866141732283,
0.0196850393700787));
#7034=CARTESIAN_POINT('',(-0.0607450855847882,-0.0525635171198051,0.0212252546631974));
#7035=CARTESIAN_POINT('',(-0.0645669291338637,-0.0514085752084088,0.0196850393700787));
#7036=CARTESIAN_POINT('Ctrl Pts',(-0.0607451303370519,-0.0525670514186016,
0.0212226751250545));
#7037=CARTESIAN_POINT('Ctrl Pts',(-0.06089000211992,-0.0525043860283469,
0.0210835438344713));
#7038=CARTESIAN_POINT('Ctrl Pts',(-0.0610426806593663,-0.0524432210732545,
0.0209521233799126));
#7039=CARTESIAN_POINT('Ctrl Pts',(-0.0612025485561373,-0.052383166018756,
0.0208291253862416));
#7040=CARTESIAN_POINT('Ctrl Pts',(-0.0616761499588799,-0.0522052556400826,
0.0204647494013587));
#7041=CARTESIAN_POINT('Ctrl Pts',(-0.0622079996012194,-0.0520383207348688,
0.0201781132988064));
#7042=CARTESIAN_POINT('Ctrl Pts',(-0.0627776086000134,-0.051876153505222,
0.0199828029784767));
#7043=CARTESIAN_POINT('Ctrl Pts',(-0.0631734317696547,-0.0517634629631368,
0.0198470811934973));
#7044=CARTESIAN_POINT('Ctrl Pts',(-0.0635843753717934,-0.0516540762591342,
0.0197565167190487));
#7045=CARTESIAN_POINT('Ctrl Pts',(-0.0640024267084209,-0.0515485606794151,
0.019713516071276));
#7046=CARTESIAN_POINT('Ctrl Pts',(-0.0641897048874672,-0.0515012919257969,
0.0196942526882722));
#7047=CARTESIAN_POINT('Ctrl Pts',(-0.0643781722569958,-0.0514548950975869,
0.0196845624276671));
#7048=CARTESIAN_POINT('Ctrl Pts',(-0.0645669247256097,-0.0514096294171451,
0.0196845676226287));
#7049=CARTESIAN_POINT('',(-0.0706781033666036,-0.0499501108550826,0.0196850393700787));
#7050=CARTESIAN_POINT('Ctrl Pts',(-0.0645669247256097,-0.0514096294171451,
0.0196845676226287));
#7051=CARTESIAN_POINT('Ctrl Pts',(-0.0665952433524373,-0.0509232078725489,
0.0196846215238813));
#7052=CARTESIAN_POINT('Ctrl Pts',(-0.0686314329049044,-0.0504371606229207,
0.0196847245284645));
#7053=CARTESIAN_POINT('Ctrl Pts',(-0.0706781856601306,-0.0499507985430817,
0.019684814681754));
#7054=CARTESIAN_POINT('',(-0.0752272429502807,-0.0486372221883014,0.01700019928512));
#7055=CARTESIAN_POINT('Ctrl Pts',(-0.0706781856601306,-0.0499507985430817,
0.019684814681754));
#7056=CARTESIAN_POINT('Ctrl Pts',(-0.0708787486631926,-0.0499031395170456,
0.0196848235046772));
#7057=CARTESIAN_POINT('Ctrl Pts',(-0.0710788854353588,-0.0498538125306344,
0.0196732602419677));
#7058=CARTESIAN_POINT('Ctrl Pts',(-0.0712773679003768,-0.0498030946610609,
0.0196501914005272));
#7059=CARTESIAN_POINT('Ctrl Pts',(-0.0715103022443659,-0.0497435733644236,
0.0196231183517969));
#7060=CARTESIAN_POINT('Ctrl Pts',(-0.0717405998312581,-0.0496822243878046,
0.0195802584676006));
#7061=CARTESIAN_POINT('Ctrl Pts',(-0.0719668945843928,-0.0496196559581119,
0.0195218899489035));
#7062=CARTESIAN_POINT('Ctrl Pts',(-0.0725899730262979,-0.0494473804672076,
0.0193611784645126));
#7063=CARTESIAN_POINT('Ctrl Pts',(-0.0731748987973032,-0.0492671022626675,
0.0190848313256121));
#7064=CARTESIAN_POINT('Ctrl Pts',(-0.0736971172827523,-0.0491016422850618,
0.0187068451425512));
#7065=CARTESIAN_POINT('Ctrl Pts',(-0.0740315219145785,-0.0489956893469049,
0.0184648002247556));
#7066=CARTESIAN_POINT('Ctrl Pts',(-0.0743377167240784,-0.0488969468153111,
0.0181829457233815));
#7067=CARTESIAN_POINT('Ctrl Pts',(-0.0746109045920178,-0.0488129556932671,
0.0178668611185268));
#7068=CARTESIAN_POINT('Ctrl Pts',(-0.0748418223249526,-0.0487419604487296,
0.0175996840256377));
#7069=CARTESIAN_POINT('Ctrl Pts',(-0.0750479751940398,-0.0486819186599391,
0.0173094332872041));
#7070=CARTESIAN_POINT('Ctrl Pts',(-0.0752272429502819,-0.0486372221883011,
0.0170001992851367));
#7071=CARTESIAN_POINT('',(-0.0413385826771654,-0.0570866141732283,0.0196850393700787));
#7072=CARTESIAN_POINT('Ctrl Pts',(-0.0752272429502819,-0.0486372221883011,
0.0170001992851367));
#7073=CARTESIAN_POINT('Ctrl Pts',(-0.0639628236985545,-0.0514457573435226,
0.0178454975794231));
#7074=CARTESIAN_POINT('Ctrl Pts',(-0.0527039014622301,-0.054252921938873,
0.0187625475886333));
#7075=CARTESIAN_POINT('Ctrl Pts',(-0.041409348251655,-0.0570689703338708,
0.0196792979398515));
#7076=CARTESIAN_POINT('Ctrl Pts',(-0.0413739654458394,-0.0570777922581798,
0.0196821683952862));
#7077=CARTESIAN_POINT('Ctrl Pts',(-0.0413385826771654,-0.0570866141732283,
0.0196850393700787));
#7078=CARTESIAN_POINT('Ctrl Pts',(-0.0413385826771654,-0.0570866141732283,
0.0196850393700787));
#7079=CARTESIAN_POINT('Ctrl Pts',(-0.0413744068185843,-0.0570776822115948,
0.0196879461580866));
#7080=CARTESIAN_POINT('Ctrl Pts',(-0.0414102320027831,-0.0570687582955136,
0.0196908501332454));
#7081=CARTESIAN_POINT('Ctrl Pts',(-0.0478573559149711,-0.0554612131567345,
0.0202147913267339));
#7082=CARTESIAN_POINT('Ctrl Pts',(-0.0542953090483352,-0.0539715324229115,
0.0207370028256584));
#7083=CARTESIAN_POINT('Ctrl Pts',(-0.0607460031026348,-0.0525668613689735,
0.0212227408446337));
#7084=CARTESIAN_POINT('Ctrl Pts',(0.0752272429502819,-0.0486372221883011,
0.0170001992851367));
#7085=CARTESIAN_POINT('Ctrl Pts',(0.0639628156480542,-0.0514457593507378,
0.0178454981835443));
#7086=CARTESIAN_POINT('Ctrl Pts',(0.0527038853770518,-0.0542529259493569,
0.0187625489029789));
#7087=CARTESIAN_POINT('Ctrl Pts',(0.0414093321623565,-0.0570689743453835,
0.0196792992452297));
#7088=CARTESIAN_POINT('Ctrl Pts',(0.0413739574011915,-0.0570777942639358,
0.019682169048016));
#7089=CARTESIAN_POINT('Ctrl Pts',(0.0413385826771654,-0.0570866141732283,
0.0196850393700787));
#7090=CARTESIAN_POINT('Ctrl Pts',(0.0753538668001624,-0.0486056513166981,
0.0187924802412683));
#7091=CARTESIAN_POINT('Ctrl Pts',(0.0640572835373604,-0.0514230126307258,
0.019082960507638));
#7092=CARTESIAN_POINT('Ctrl Pts',(0.0527512827891756,-0.0542411762277044,
0.0193814972329807));
#7093=CARTESIAN_POINT('Ctrl Pts',(0.0414096260682005,-0.0570689009231347,
0.019683149703202));
#7094=CARTESIAN_POINT('Ctrl Pts',(0.0413741044919904,-0.0570777575900807,
0.0196840945310708));
#7095=CARTESIAN_POINT('Ctrl Pts',(0.0413385826771654,-0.0570866141732283,
0.0196850393700787));
#7096=CARTESIAN_POINT('Ctrl Pts',(0.0755555930449014,-0.0488754224869227,
0.0205843532281346));
#7097=CARTESIAN_POINT('Ctrl Pts',(0.0641798114593494,-0.0515127224754397,
0.0203207340498773));
#7098=CARTESIAN_POINT('Ctrl Pts',(0.0527986757206167,-0.0542294131065282,
0.020000427111939));
#7099=CARTESIAN_POINT('Ctrl Pts',(0.0414099206040152,-0.0570688300173169,
0.0196870002024213));
#7100=CARTESIAN_POINT('Ctrl Pts',(0.0413742515827893,-0.0570777209162255,
0.0196860200141256));
#7101=CARTESIAN_POINT('Ctrl Pts',(0.0413385826771654,-0.0570866141732283,
0.0196850393700787));
#7102=CARTESIAN_POINT('Ctrl Pts',(0.0758208054978873,-0.0494310012192653,
0.0222726351867996));
#7103=CARTESIAN_POINT('Ctrl Pts',(0.0643304213780156,-0.0517191921707619,
0.0215504027667442));
#7104=CARTESIAN_POINT('Ctrl Pts',(0.0528460900361557,-0.0542173067981871,
0.0206202129175029));
#7105=CARTESIAN_POINT('Ctrl Pts',(0.04141021571237,-0.0570687623545446,
0.0196908488120494));
#7106=CARTESIAN_POINT('Ctrl Pts',(0.0413743986735882,-0.0570776842423704,
0.0196879454971804));
#7107=CARTESIAN_POINT('Ctrl Pts',(0.0413385826771654,-0.0570866141732283,
0.0196850393700787));
#7108=CARTESIAN_POINT('',(0.0607450855847881,-0.0525635171198051,0.0212252546631974));
#7109=CARTESIAN_POINT('',(0.0645669291338625,-0.0514085752084091,0.0196850393700787));
#7110=CARTESIAN_POINT('Ctrl Pts',(0.0645669247274474,-0.0514096294184679,
0.0196845676221995));
#7111=CARTESIAN_POINT('Ctrl Pts',(0.0644057588116629,-0.0514482794300681,
0.0196845631973726));
#7112=CARTESIAN_POINT('Ctrl Pts',(0.0642447984928637,-0.051487756363096,
0.0196916262022553));
#7113=CARTESIAN_POINT('Ctrl Pts',(0.064084607968834,-0.0515278938434992,
0.0197056839690789));
#7114=CARTESIAN_POINT('Ctrl Pts',(0.0639102158978711,-0.0515715896761532,
0.0197209880145856));
#7115=CARTESIAN_POINT('Ctrl Pts',(0.0637368206121876,-0.0516160458620579,
0.0197445714886865));
#7116=CARTESIAN_POINT('Ctrl Pts',(0.0635650193317187,-0.0516611539185607,
0.0197763011960521));
#7117=CARTESIAN_POINT('Ctrl Pts',(0.063140638363391,-0.0517725791689768,
0.0198546794473658));
#7118=CARTESIAN_POINT('Ctrl Pts',(0.0627277494167927,-0.0518873297453245,
0.0199824485439702));
#7119=CARTESIAN_POINT('Ctrl Pts',(0.0623347900319391,-0.0520057644027459,
0.0201563083716107));
#7120=CARTESIAN_POINT('Ctrl Pts',(0.0617439661831794,-0.0521838337473687,
0.0204177107874089));
#7121=CARTESIAN_POINT('Ctrl Pts',(0.0612063717888538,-0.0523675379315801,
0.0207797101979557));
#7122=CARTESIAN_POINT('Ctrl Pts',(0.0607451303379139,-0.0525670514291441,
0.0212226751200634));
#7123=CARTESIAN_POINT('',(0.0413385826771654,-0.0570866141732283,0.0196850393700787));
#7124=CARTESIAN_POINT('Ctrl Pts',(0.0607460031052184,-0.0525668613791403,
0.0212227408397725));
#7125=CARTESIAN_POINT('Ctrl Pts',(0.0542953008563683,-0.053971534222819,
0.0207370022012657));
#7126=CARTESIAN_POINT('Ctrl Pts',(0.0478573395606404,-0.0554612169584363,
0.0202147899920896));
#7127=CARTESIAN_POINT('Ctrl Pts',(0.04141021571237,-0.0570687623545446,
0.0196908488120494));
#7128=CARTESIAN_POINT('Ctrl Pts',(0.0413743986735882,-0.0570776842423704,
0.0196879454971804));
#7129=CARTESIAN_POINT('Ctrl Pts',(0.0413385826771654,-0.0570866141732283,
0.0196850393700787));
#7130=CARTESIAN_POINT('',(0.0752272429502807,-0.0486372221883014,0.01700019928512));
#7131=CARTESIAN_POINT('Ctrl Pts',(0.0413385826771654,-0.0570866141732283,
0.0196850393700787));
#7132=CARTESIAN_POINT('Ctrl Pts',(0.0413739574011915,-0.0570777942639358,
0.019682169048016));
#7133=CARTESIAN_POINT('Ctrl Pts',(0.0414093321623565,-0.0570689743453835,
0.0196792992452297));
#7134=CARTESIAN_POINT('Ctrl Pts',(0.0527038853770518,-0.0542529259493569,
0.0187625489029789));
#7135=CARTESIAN_POINT('Ctrl Pts',(0.0639628156480542,-0.0514457593507378,
0.0178454981835443));
#7136=CARTESIAN_POINT('Ctrl Pts',(0.0752272429502819,-0.0486372221883011,
0.0170001992851367));
#7137=CARTESIAN_POINT('',(0.0706781033666036,-0.0499501108550826,0.0196850393700787));
#7138=CARTESIAN_POINT('Ctrl Pts',(0.0752272429502819,-0.0486372221883011,
0.0170001992851367));
#7139=CARTESIAN_POINT('Ctrl Pts',(0.0750531342783026,-0.0486806323557634,
0.0173005339496592));
#7140=CARTESIAN_POINT('Ctrl Pts',(0.0748536533224829,-0.0487385202882901,
0.0175829834339296));
#7141=CARTESIAN_POINT('Ctrl Pts',(0.0746307317608145,-0.0488068681969073,
0.0178437927543415));
#7142=CARTESIAN_POINT('Ctrl Pts',(0.0742030343367951,-0.0489380005298855,
0.018344181651968));
#7143=CARTESIAN_POINT('Ctrl Pts',(0.0736942062618168,-0.0491055302177693,
0.0187587801222826));
#7144=CARTESIAN_POINT('Ctrl Pts',(0.0731240213347956,-0.0492808581881355,
0.0190673026031279));
#7145=CARTESIAN_POINT('Ctrl Pts',(0.0725851002969824,-0.0494465727261206,
0.019358908444823));
#7146=CARTESIAN_POINT('Ctrl Pts',(0.0719993820890308,-0.0496163153341714,
0.0195513797097148));
#7147=CARTESIAN_POINT('Ctrl Pts',(0.0713899501775627,-0.0497741336395034,
0.0196358489242445));
#7148=CARTESIAN_POINT('Ctrl Pts',(0.0711546812001389,-0.0498350588234584,
0.0196684579579236));
#7149=CARTESIAN_POINT('Ctrl Pts',(0.0709167427616951,-0.0498941111259971,
0.0196848251898785));
#7150=CARTESIAN_POINT('Ctrl Pts',(0.070678185660546,-0.0499507985434209,
0.0196848146816455));
#7151=CARTESIAN_POINT('Ctrl Pts',(0.070678185660546,-0.0499507985434209,
0.0196848146816455));
#7152=CARTESIAN_POINT('Ctrl Pts',(0.0686314329056667,-0.0504371606235182,
0.019684724528272));
#7153=CARTESIAN_POINT('Ctrl Pts',(0.0665952433538426,-0.0509232078734247,
0.0196846215230691));
#7154=CARTESIAN_POINT('Ctrl Pts',(0.0645669247274472,-0.051409629418468,
0.0196845676221995));
#7155=CARTESIAN_POINT('Origin',(0.0590551181102362,-0.0526693857764003,
0.00393700787401575));
#7156=CARTESIAN_POINT('',(0.0413385826771654,-0.0570866141732283,0.00944881889763779));
#7157=CARTESIAN_POINT('',(0.0413385826771654,-0.0570866141732283,0.00393700787401575));
#7158=CARTESIAN_POINT('',(0.0468503937007874,-0.0557123653386596,0.00393700787401575));
#7159=CARTESIAN_POINT('Origin',(0.0468503937007874,-0.0557123653386596,
0.00944881889763779));
#7160=CARTESIAN_POINT('',(0.0706361652882425,-0.0497819064126753,0.00393700787401575));
#7161=CARTESIAN_POINT('',(0.0590551181102362,-0.0526693857764003,0.00393700787401575));
#7162=CARTESIAN_POINT('',(0.0759842519685039,-0.0484484786416535,0.00944881889763779));
#7163=CARTESIAN_POINT('Origin',(0.0706361652882425,-0.0497819064126753,
0.00944881889763779));
#7164=CARTESIAN_POINT('',(0.0759842519685039,-0.0484484786416535,0.0141732283464567));
#7165=CARTESIAN_POINT('',(0.0759842519685039,-0.0484484786416535,0.00393700787401575));
#7166=CARTESIAN_POINT('Origin',(0.0706361652882425,-0.0497819064126753,
0.0141732283464567));
#7167=CARTESIAN_POINT('Ctrl Pts',(0.0413385826771654,-0.0570866141732283,
0.0422711071473248));
#7168=CARTESIAN_POINT('Ctrl Pts',(0.0413385826771654,-0.0570866141732283,
0.0347424178882428));
#7169=CARTESIAN_POINT('Ctrl Pts',(0.0413385826771654,-0.0570866141732283,
0.0272137286291608));
#7170=CARTESIAN_POINT('Ctrl Pts',(0.0413385826771654,-0.0570866141732283,
0.0196850393700787));
#7171=CARTESIAN_POINT('Ctrl Pts',(0.0478074169797066,-0.0570158797691216,
0.0422711071473248));
#7172=CARTESIAN_POINT('Ctrl Pts',(0.0478074169797066,-0.0565018373913652,
0.0347424178882428));
#7173=CARTESIAN_POINT('Ctrl Pts',(0.0478074169797066,-0.0559877950136087,
0.0272137286291608));
#7174=CARTESIAN_POINT('Ctrl Pts',(0.0478074169797066,-0.0554737526358523,
0.0196850393700787));
#7175=CARTESIAN_POINT('Ctrl Pts',(0.0542762512822479,-0.056945145365015,
0.0422711071473248));
#7176=CARTESIAN_POINT('Ctrl Pts',(0.0542762512822479,-0.055917060609502,
0.0347424178882428));
#7177=CARTESIAN_POINT('Ctrl Pts',(0.0542762512822479,-0.0548889758539891,
0.0272137286291608));
#7178=CARTESIAN_POINT('Ctrl Pts',(0.0542762512822479,-0.0538608910984762,
0.0196850393700787));
#7179=CARTESIAN_POINT('Ctrl Pts',(0.0607450855847892,-0.0568744109609083,
0.0422711071473248));
#7180=CARTESIAN_POINT('Ctrl Pts',(0.0607450855847892,-0.0553322838276389,
0.0347424178882428));
#7181=CARTESIAN_POINT('Ctrl Pts',(0.0607450855847892,-0.0537901566943695,
0.0272137286291608));
#7182=CARTESIAN_POINT('Ctrl Pts',(0.0607450855847892,-0.0522480295611001,
0.0196850393700787));
#7183=CARTESIAN_POINT('',(0.0419358250049535,-0.0570414314862583,0.0361395825079749));
#7184=CARTESIAN_POINT('Ctrl Pts',(0.0419358250049533,-0.0570414314862583,
0.0361395825079749));
#7185=CARTESIAN_POINT('Ctrl Pts',(0.0417670320979275,-0.05706708290498,
0.0381830827373697));
#7186=CARTESIAN_POINT('Ctrl Pts',(0.0415962993071679,-0.0570819230864638,
0.0402270591074094));
#7187=CARTESIAN_POINT('Ctrl Pts',(0.0414252773431696,-0.0570856660593871,
0.0422711071523898));
#7188=CARTESIAN_POINT('',(0.0413385826771654,-0.0570866141732283,0.0340551181102362));
#7189=CARTESIAN_POINT('Ctrl Pts',(0.0413385826771654,-0.0570866141732283,
0.0340551181102362));
#7190=CARTESIAN_POINT('Ctrl Pts',(0.0413615735101398,-0.0570843690386612,
0.03408213416298));
#7191=CARTESIAN_POINT('Ctrl Pts',(0.0413839277244046,-0.0570822110186232,
0.0341097180240901));
#7192=CARTESIAN_POINT('Ctrl Pts',(0.0418074688323166,-0.0570414640526409,
0.0346557951809753));
#7193=CARTESIAN_POINT('Ctrl Pts',(0.0419994231084366,-0.0570317664914247,
0.0353696277823213));
#7194=CARTESIAN_POINT('Ctrl Pts',(0.0419358250049534,-0.0570414314862583,
0.036139582507975));
#7195=CARTESIAN_POINT('',(0.0413385826771654,-0.0570866141732283,0.0417322834645669));
#7196=CARTESIAN_POINT('',(0.0590551181102362,-0.0537000724023269,0.0251968503937008));
#7197=CARTESIAN_POINT('Ctrl Pts',(0.0590551181102363,-0.0537000724023281,
0.0251968503937075));
#7198=CARTESIAN_POINT('Ctrl Pts',(0.0590551136818673,-0.0536199192168996,
0.024768210043092));
#7199=CARTESIAN_POINT('Ctrl Pts',(0.0591051216029495,-0.0535305760311231,
0.0243416483345713));
#7200=CARTESIAN_POINT('Ctrl Pts',(0.0592036776330862,-0.0534319987915094,
0.0239257901671233));
#7201=CARTESIAN_POINT('Ctrl Pts',(0.0593771135620105,-0.0532585255387871,
0.0231939755082729));
#7202=CARTESIAN_POINT('Ctrl Pts',(0.0596968560322492,-0.0530598247427914,
0.0225114434447496));
#7203=CARTESIAN_POINT('Ctrl Pts',(0.0601378713018559,-0.0528421162397926,
0.0219160719066798));
#7204=CARTESIAN_POINT('Ctrl Pts',(0.0603213850070775,-0.0527515241519513,
0.021668328020097));
#7205=CARTESIAN_POINT('Ctrl Pts',(0.0605246282628854,-0.0526583536758856,
0.0214373992586153));
#7206=CARTESIAN_POINT('Ctrl Pts',(0.0607450855847892,-0.0525635171198047,
0.0212252546631965));
#7207=CARTESIAN_POINT('',(0.0590551181102362,-0.0570866141732283,0.0433070866141732));
#7208=CARTESIAN_POINT('Ctrl Pts',(-0.0413385826771654,0.0570866141732283,
0.0433070866141732));
#7209=CARTESIAN_POINT('Ctrl Pts',(-0.0413744004021208,0.0570866141732283,
0.0433040889767013));
#7210=CARTESIAN_POINT('Ctrl Pts',(-0.0414102180092936,0.0570866099010361,
0.0433010917076965));
#7211=CARTESIAN_POINT('Ctrl Pts',(-0.0473986953834071,0.0570856804488464,
0.0427998237163337));
#7212=CARTESIAN_POINT('Ctrl Pts',(-0.0533509628363853,0.0569880375280805,
0.0423028325119543));
#7213=CARTESIAN_POINT('Ctrl Pts',(-0.0592939532350957,0.0568094234745938,
0.0418444691452697));
#7214=CARTESIAN_POINT('Ctrl Pts',(-0.0413385826771654,0.0570866141732283,
0.0433070866141732));
#7215=CARTESIAN_POINT('Ctrl Pts',(-0.041374233345954,0.0570866042579064,
0.043306077970642));
#7216=CARTESIAN_POINT('Ctrl Pts',(-0.0414098867833161,0.0570866219882905,
0.0433050563758707));
#7217=CARTESIAN_POINT('Ctrl Pts',(-0.0473705622654878,0.0570860541020349,
0.0431357387429118));
#7218=CARTESIAN_POINT('Ctrl Pts',(-0.0532953870985138,0.0570535718219018,
0.0429677761939492));
#7219=CARTESIAN_POINT('Ctrl Pts',(-0.0592152806892646,0.0569936732442455,
0.0428102682986141));
#7220=CARTESIAN_POINT('Ctrl Pts',(-0.0413385826771654,0.0570866141732283,
0.0433070866141732));
#7221=CARTESIAN_POINT('Ctrl Pts',(-0.0413740687702266,0.0570866141732283,
0.043308056692995));
#7222=CARTESIAN_POINT('Ctrl Pts',(-0.0414095532525443,0.0570866141732283,
0.043309030675884));
#7223=CARTESIAN_POINT('Ctrl Pts',(-0.0473424822430964,0.0570866141732275,
0.0434714140199661));
#7224=CARTESIAN_POINT('Ctrl Pts',(-0.0532398459757734,0.0570866141732283,
0.0436328506069333));
#7225=CARTESIAN_POINT('Ctrl Pts',(-0.059135200230261,0.0570866141732283,
0.0437933512621569));
#7226=CARTESIAN_POINT('Ctrl Pts',(-0.0413385826771654,0.0570866141732283,
0.0433070866141732));
#7227=CARTESIAN_POINT('Ctrl Pts',(-0.0413739021388131,0.0570866141732283,
0.0433100425512544));
#7228=CARTESIAN_POINT('Ctrl Pts',(-0.0414092216100184,0.0570866141732283,
0.0433129984183892));
#7229=CARTESIAN_POINT('Ctrl Pts',(-0.0473143633619551,0.0570866141732275,
0.0438072246173099));
#7230=CARTESIAN_POINT('Ctrl Pts',(-0.0531842178181215,0.0570866141732283,
0.0442982199126308));
#7231=CARTESIAN_POINT('Ctrl Pts',(-0.0590551181102362,0.0570866141732283,
0.0447764546167119));
#7232=CARTESIAN_POINT('',(-0.0590551179656592,0.0570866141732283,0.0447764545931578));
#7233=CARTESIAN_POINT('Ctrl Pts',(-0.0590551181102362,0.0568165588194756,
0.0418629094623987));
#7234=CARTESIAN_POINT('Ctrl Pts',(-0.0590551181102362,0.0569057520477713,
0.0423398887949976));
#7235=CARTESIAN_POINT('Ctrl Pts',(-0.0590551181102362,0.0569729914938829,
0.0428207179548764));
#7236=CARTESIAN_POINT('Ctrl Pts',(-0.0590551181102362,0.0570637413746118,
0.0437933990247101));
#7237=CARTESIAN_POINT('Ctrl Pts',(-0.0590551181102362,0.0570866141732283,
0.044284796425455));
#7238=CARTESIAN_POINT('Ctrl Pts',(-0.0590551181102362,0.0570866141732283,
0.0447764546167119));
#7239=CARTESIAN_POINT('Ctrl Pts',(-0.0590551179647061,0.0570866141732283,
0.0447764546048572));
#7240=CARTESIAN_POINT('Ctrl Pts',(-0.0531842177211188,0.0570866141732283,
0.0442982199045169));
#7241=CARTESIAN_POINT('Ctrl Pts',(-0.047314363313454,0.0570866141732275,
0.0438072246132506));
#7242=CARTESIAN_POINT('Ctrl Pts',(-0.0414092216100184,0.0570866141732283,
0.0433129984183892));
#7243=CARTESIAN_POINT('Ctrl Pts',(-0.0413739021388131,0.0570866141732283,
0.0433100425512544));
#7244=CARTESIAN_POINT('Ctrl Pts',(-0.0413385826771654,0.0570866141732283,
0.0433070866141732));
#7245=CARTESIAN_POINT('Ctrl Pts',(-0.0419358250109937,0.0570414314853404,
0.0361395824348457));
#7246=CARTESIAN_POINT('Ctrl Pts',(-0.0417415230508273,0.0570709595092236,
0.0384919093618138));
#7247=CARTESIAN_POINT('Ctrl Pts',(-0.041544649709898,0.0570861550780527,
0.0408448668009754));
#7248=CARTESIAN_POINT('Ctrl Pts',(-0.0413446781313595,0.0570866105979536,
0.0432342540412508));
#7249=CARTESIAN_POINT('Ctrl Pts',(-0.0413416304092687,0.0570866141732283,
0.043270670325966));
#7250=CARTESIAN_POINT('Ctrl Pts',(-0.0413385826771653,0.0570866141732283,
0.0433070866141732));
#7251=CARTESIAN_POINT('Ctrl Pts',(-0.0415405981332475,0.0570715388652515,
0.0361725152685003));
#7252=CARTESIAN_POINT('Ctrl Pts',(-0.0414747678433177,0.057081398362926,
0.0385142313490644));
#7253=CARTESIAN_POINT('Ctrl Pts',(-0.0414082271757722,0.0570864605923008,
0.0408562842612326));
#7254=CARTESIAN_POINT('Ctrl Pts',(-0.0413406427609816,0.0570866129870737,
0.0432345917662374));
#7255=CARTESIAN_POINT('Ctrl Pts',(-0.0413396127202887,0.0570866141732283,
0.0432708391892893));
#7256=CARTESIAN_POINT('Ctrl Pts',(-0.0413385826771653,0.0570866141732283,
0.0433070866141732));
#7257=CARTESIAN_POINT('Ctrl Pts',(-0.0411442342646982,0.0570866141732283,
0.0362055428435076));
#7258=CARTESIAN_POINT('Ctrl Pts',(-0.0412079904216585,0.0570866121522628,
0.0385365554584581));
#7259=CARTESIAN_POINT('Ctrl Pts',(-0.0412718048812797,0.0570866140115226,
0.040867701674694));
#7260=CARTESIAN_POINT('Ctrl Pts',(-0.0413366073851003,0.0570866141746151,
0.0432349294919769));
#7261=CARTESIAN_POINT('Ctrl Pts',(-0.0413375950313087,0.0570866141732283,
0.0432710080526125));
#7262=CARTESIAN_POINT('Ctrl Pts',(-0.0413385826771653,0.0570866141732283,
0.0433070866141732));
#7263=CARTESIAN_POINT('Ctrl Pts',(-0.0407478701784825,0.0570866141732283,
0.0362385704366522));
#7264=CARTESIAN_POINT('Ctrl Pts',(-0.0409412131883657,0.0570866141732283,
0.0385588795522153));
#7265=CARTESIAN_POINT('Ctrl Pts',(-0.041135382574795,0.0570866141732286,
0.0408791190891475));
#7266=CARTESIAN_POINT('Ctrl Pts',(-0.0413325720093576,0.0570866141732283,
0.0432352672177049));
#7267=CARTESIAN_POINT('Ctrl Pts',(-0.0413355773423287,0.0570866141732283,
0.0432711769159357));
#7268=CARTESIAN_POINT('Ctrl Pts',(-0.0413385826771653,0.0570866141732283,
0.0433070866141732));
#7269=CARTESIAN_POINT('',(-0.0407478702997958,0.0570866141732283,0.0362385704265436));
#7270=CARTESIAN_POINT('Origin',(-0.0407478701784828,0.0413385826771653,
0.0362385704366522));
#7271=CARTESIAN_POINT('Ctrl Pts',(-0.0413385826771653,0.0570866141732283,
0.0433070866141732));
#7272=CARTESIAN_POINT('Ctrl Pts',(-0.0413355773423287,0.0570866141732283,
0.0432711769159357));
#7273=CARTESIAN_POINT('Ctrl Pts',(-0.0413325720093576,0.0570866141732283,
0.0432352672177049));
#7274=CARTESIAN_POINT('Ctrl Pts',(-0.041135382574795,0.0570866141732286,
0.0408791190891475));
#7275=CARTESIAN_POINT('Ctrl Pts',(-0.0409412131883657,0.0570866141732283,
0.0385588795522153));
#7276=CARTESIAN_POINT('Ctrl Pts',(-0.0407478701784825,0.0570866141732283,
0.0362385704366522));
#7277=CARTESIAN_POINT('Ctrl Pts',(-0.0407478703929586,0.0570866141732283,
0.0362385705618656));
#7278=CARTESIAN_POINT('Ctrl Pts',(-0.0410621647331401,0.0570866141732283,
0.0357002214474715));
#7279=CARTESIAN_POINT('Ctrl Pts',(-0.0413057218762741,0.0570866141732284,
0.0350510855236654));
#7280=CARTESIAN_POINT('Ctrl Pts',(-0.0413378451718393,0.0570866141732283,
0.0341517414508193));
#7281=CARTESIAN_POINT('Ctrl Pts',(-0.0413385826771654,0.0570866141732283,
0.0341037871250688));
#7282=CARTESIAN_POINT('Ctrl Pts',(-0.0413385826771654,0.0570866141732283,
0.0340551181102362));
#7283=CARTESIAN_POINT('Ctrl Pts',(-0.04114423440769,0.0570866141680928,
0.0362055429270738));
#7284=CARTESIAN_POINT('Ctrl Pts',(-0.0413750779197284,0.05707757340965,
0.0355903869021959));
#7285=CARTESIAN_POINT('Ctrl Pts',(-0.0414733042295134,0.0570728637167778,
0.0349199638166497));
#7286=CARTESIAN_POINT('Ctrl Pts',(-0.0413535208578785,0.057085141643386,
0.0341381178955806));
#7287=CARTESIAN_POINT('Ctrl Pts',(-0.0413464078016211,0.0570858500226894,
0.0340967592839852));
#7288=CARTESIAN_POINT('Ctrl Pts',(-0.0413385826771654,0.0570866141732283,
0.0340551181102362));
#7289=CARTESIAN_POINT('Ctrl Pts',(-0.0415405982045497,0.0570715388601208,
0.0361725153102996));
#7290=CARTESIAN_POINT('Ctrl Pts',(-0.0416876297042724,0.0570592820035729,
0.035480341401186));
#7291=CARTESIAN_POINT('Ctrl Pts',(-0.0416407402521184,0.0570578014170183,
0.0347888397439904));
#7292=CARTESIAN_POINT('Ctrl Pts',(-0.0413691951209729,0.0570836436184347,
0.0341244942424965));
#7293=CARTESIAN_POINT('Ctrl Pts',(-0.0413542329260768,0.0570850858721505,
0.0340897314429015));
#7294=CARTESIAN_POINT('Ctrl Pts',(-0.0413385826771654,0.0570866141732283,
0.0340551181102362));
#7295=CARTESIAN_POINT('Ctrl Pts',(-0.0419358250109939,0.0570414314853404,
0.0361395824348456));
#7296=CARTESIAN_POINT('Ctrl Pts',(-0.0419993622798283,0.0570317757342604,
0.0353703640205753));
#7297=CARTESIAN_POINT('Ctrl Pts',(-0.0418080454081342,0.0570414267966723,
0.0346577140050023));
#7298=CARTESIAN_POINT('Ctrl Pts',(-0.0413848670642431,0.0570821201435562,
0.0341108707006061));
#7299=CARTESIAN_POINT('Ctrl Pts',(-0.0413620580505325,0.0570843217216116,
0.0340827036018178));
#7300=CARTESIAN_POINT('Ctrl Pts',(-0.0413385826771654,0.0570866141732283,
0.0340551181102362));
#7301=CARTESIAN_POINT('Origin',(-0.037007874015748,0.0570866141732283,0.0340551181102362));
#7302=CARTESIAN_POINT('Origin',(-0.0767716535433071,0.0570866141732283,
0.0511811023622047));
#7303=CARTESIAN_POINT('',(-0.0590551181102362,0.0570866141732283,0.0511811023622047));
#7304=CARTESIAN_POINT('',(-0.0590551181102362,0.0570866141732283,0.0511811023622047));
#7305=CARTESIAN_POINT('',(0.0590551181102362,0.0570866141732283,0.0511811023622047));
#7306=CARTESIAN_POINT('',(-0.0383858267716535,0.0570866141732283,0.0511811023622047));
#7307=CARTESIAN_POINT('',(0.0590551181102362,0.0570866141732283,0.0511811023622047));
#7308=CARTESIAN_POINT('',(0.0326771653543307,0.0570866141732283,0.0340551181102362));
#7309=CARTESIAN_POINT('Origin',(0.037007874015748,0.0570866141732283,0.0340551181102362));
#7310=CARTESIAN_POINT('',(0.0326771653543307,0.0570866141732283,0.0322834645669291));
#7311=CARTESIAN_POINT('',(0.0326771653543307,0.0570866141732283,0.0417322834645669));
#7312=CARTESIAN_POINT('',(-0.0326771653543307,0.0570866141732283,0.0322834645669291));
#7313=CARTESIAN_POINT('',(-0.0590551181102362,0.0570866141732283,0.0322834645669291));
#7314=CARTESIAN_POINT('',(-0.0326771653543307,0.0570866141732283,0.0340551181102362));
#7315=CARTESIAN_POINT('',(-0.0326771653543308,0.0570866141732283,0.0426181102362205));
#7316=CARTESIAN_POINT('Origin',(-0.037007874015748,0.0570866141732283,0.0340551181102362));
#7317=CARTESIAN_POINT('Ctrl Pts',(0.0413385826771653,0.0570866141732283,
0.0340551181102362));
#7318=CARTESIAN_POINT('Ctrl Pts',(0.0413385826771653,0.0570866141732283,
0.034102782549533));
#7319=CARTESIAN_POINT('Ctrl Pts',(0.0413378745224489,0.0570866141732283,
0.034149772114405));
#7320=CARTESIAN_POINT('Ctrl Pts',(0.0413064033061958,0.0570866141732283,
0.0350492614687077));
#7321=CARTESIAN_POINT('Ctrl Pts',(0.0410624655562932,0.0570866141732283,
0.0356997061898471));
#7322=CARTESIAN_POINT('Ctrl Pts',(0.0407478703630788,0.0570866141732283,
0.0362385706130463));
#7323=CARTESIAN_POINT('Ctrl Pts',(0.0413385826771653,0.0570866141732283,
0.0340551181102362));
#7324=CARTESIAN_POINT('Ctrl Pts',(0.0413463552256067,0.0570858788570482,
0.034095921295671));
#7325=CARTESIAN_POINT('Ctrl Pts',(0.0413531185405076,0.0570851581418119,
0.0341363996832231));
#7326=CARTESIAN_POINT('Ctrl Pts',(0.0414751793718691,0.0570730171034116,
0.0349183361816197));
#7327=CARTESIAN_POINT('Ctrl Pts',(0.041376581759075,0.0570777343881266,
0.0355899226850942));
#7328=CARTESIAN_POINT('Ctrl Pts',(0.0411442343857437,0.0570866141689522,
0.0362055429855565));
#7329=CARTESIAN_POINT('Ctrl Pts',(0.0413385826771654,0.0570866141732283,
0.0340551181102362));
#7330=CARTESIAN_POINT('Ctrl Pts',(0.0413538091141088,0.0570851448279212,
0.0340889953669475));
#7331=CARTESIAN_POINT('Ctrl Pts',(0.0413686793402601,0.0570836766714079,
0.0341230906247378));
#7332=CARTESIAN_POINT('Ctrl Pts',(0.0416390712828114,0.0570581548813169,
0.0347867168541569));
#7333=CARTESIAN_POINT('Ctrl Pts',(0.0416866047414198,0.0570597061316005,
0.0354795702762327));
#7334=CARTESIAN_POINT('Ctrl Pts',(0.0415405981905714,0.0570715388612859,
0.0361725153761043));
#7335=CARTESIAN_POINT('Ctrl Pts',(0.0413385826771654,0.0570866141732283,
0.0340551181102362));
#7336=CARTESIAN_POINT('Ctrl Pts',(0.0413615735101354,0.0570843690386617,
0.0340821341629914));
#7337=CARTESIAN_POINT('Ctrl Pts',(0.0413839277243987,0.0570822110186238,
0.0341097180240934));
#7338=CARTESIAN_POINT('Ctrl Pts',(0.0418074688323,0.0570414640526425,0.0346557951809358));
#7339=CARTESIAN_POINT('Ctrl Pts',(0.0419994231084363,0.0570317664914248,
0.0353696277823212));
#7340=CARTESIAN_POINT('Ctrl Pts',(0.0419358250049533,0.0570414314862583,
0.0361395825079749));
#7341=CARTESIAN_POINT('Origin',(0.037007874015748,0.0570866141732283,0.0340551181102362));
#7342=CARTESIAN_POINT('Ctrl Pts',(-0.0592939532350958,-0.0568094234745938,
0.0418444691452698));
#7343=CARTESIAN_POINT('Ctrl Pts',(-0.0533509628363853,-0.0569880375280805,
0.0423028325119544));
#7344=CARTESIAN_POINT('Ctrl Pts',(-0.0473986953833178,-0.0570856804488453,
0.0427998237166933));
#7345=CARTESIAN_POINT('Ctrl Pts',(-0.041410218009294,-0.0570866099010361,
0.0433010917076949));
#7346=CARTESIAN_POINT('Ctrl Pts',(-0.0413744004021208,-0.0570866141732283,
0.0433040889767013));
#7347=CARTESIAN_POINT('Ctrl Pts',(-0.0413385826771653,-0.0570866141732283,
0.0433070866141732));
#7348=CARTESIAN_POINT('Ctrl Pts',(-0.0592152806892646,-0.0569936732442455,
0.0428102682986141));
#7349=CARTESIAN_POINT('Ctrl Pts',(-0.053295427633705,-0.0570538387256022,
0.0429675942105179));
#7350=CARTESIAN_POINT('Ctrl Pts',(-0.0473705805209612,-0.0570862835269626,
0.0431356551320785));
#7351=CARTESIAN_POINT('Ctrl Pts',(-0.0414098858940593,-0.0570866128290442,
0.0433050604779993));
#7352=CARTESIAN_POINT('Ctrl Pts',(-0.0413742343143515,-0.0570866141732283,
0.0433060735015523));
#7353=CARTESIAN_POINT('Ctrl Pts',(-0.0413385826771653,-0.0570866141732283,
0.0433070866141732));
#7354=CARTESIAN_POINT('Ctrl Pts',(-0.059135200230261,-0.0570866141732283,
0.043793351262157));
#7355=CARTESIAN_POINT('Ctrl Pts',(-0.0532398220421076,-0.0570865389641837,
0.0436329156609542));
#7356=CARTESIAN_POINT('Ctrl Pts',(-0.0473424719833054,-0.0570866081218248,
0.0434714393355029));
#7357=CARTESIAN_POINT('Ctrl Pts',(-0.0414095537518575,-0.057086614196706,
0.0433090294505286));
#7358=CARTESIAN_POINT('Ctrl Pts',(-0.0413740682265823,-0.0570866141732283,
0.0433080580264034));
#7359=CARTESIAN_POINT('Ctrl Pts',(-0.0413385826771653,-0.0570866141732283,
0.0433070866141732));
#7360=CARTESIAN_POINT('Ctrl Pts',(-0.0590551181102362,-0.0570866141732283,
0.044776454616712));
#7361=CARTESIAN_POINT('Ctrl Pts',(-0.0531842178181216,-0.0570866141732283,
0.0442982199126309));
#7362=CARTESIAN_POINT('Ctrl Pts',(-0.0473143633619255,-0.0570866141732267,
0.043807224617654));
#7363=CARTESIAN_POINT('Ctrl Pts',(-0.0414092216100185,-0.0570866141732284,
0.0433129984183878));
#7364=CARTESIAN_POINT('Ctrl Pts',(-0.041373902138813,-0.0570866141732283,
0.0433100425512544));
#7365=CARTESIAN_POINT('Ctrl Pts',(-0.0413385826771653,-0.0570866141732283,
0.0433070866141732));
#7366=CARTESIAN_POINT('',(-0.0590551179656592,-0.0570866141732283,0.0447764545931579));
#7367=CARTESIAN_POINT('',(-0.059055117690281,-0.0568165588444178,0.0418629095273168));
#7368=CARTESIAN_POINT('Ctrl Pts',(-0.0590551181102362,-0.0570866141732283,
0.0447764546167119));
#7369=CARTESIAN_POINT('Ctrl Pts',(-0.0590551181102362,-0.0570866141732283,
0.0442848157890087));
#7370=CARTESIAN_POINT('Ctrl Pts',(-0.0590551181102362,-0.0570637431762291,
0.0437934377209995));
#7371=CARTESIAN_POINT('Ctrl Pts',(-0.0590551181102362,-0.0569729968582488,
0.0428207563190198));
#7372=CARTESIAN_POINT('Ctrl Pts',(-0.0590551181102362,-0.0569057556069354,
0.0423399078283676));
#7373=CARTESIAN_POINT('Ctrl Pts',(-0.0590551181102362,-0.0568165588194756,
0.0418629094623986));
#7374=CARTESIAN_POINT('',(-0.0413385826771654,-0.0570866141732283,0.0433070866141732));
#7375=CARTESIAN_POINT('Ctrl Pts',(-0.0590551174997989,-0.0568165578046642,
0.0418629100838062));
#7376=CARTESIAN_POINT('Ctrl Pts',(-0.053191493713229,-0.0569906361543983,
0.0423161477876882));
#7377=CARTESIAN_POINT('Ctrl Pts',(-0.0473189556054002,-0.0570856928249981,
0.0428064983679917));
#7378=CARTESIAN_POINT('Ctrl Pts',(-0.041410218009294,-0.0570866099010361,
0.0433010917076949));
#7379=CARTESIAN_POINT('Ctrl Pts',(-0.0413744004021208,-0.0570866141732283,
0.0433040889767013));
#7380=CARTESIAN_POINT('Ctrl Pts',(-0.0413385826771653,-0.0570866141732283,
0.0433070866141732));
#7381=CARTESIAN_POINT('Ctrl Pts',(-0.0413385826771653,-0.0570866141732283,
0.0433070866141732));
#7382=CARTESIAN_POINT('Ctrl Pts',(-0.041373902138813,-0.0570866141732283,
0.0433100425512544));
#7383=CARTESIAN_POINT('Ctrl Pts',(-0.0414092216100185,-0.0570866141732284,
0.0433129984183878));
#7384=CARTESIAN_POINT('Ctrl Pts',(-0.0473143633134244,-0.0570866141732267,
0.0438072246135947));
#7385=CARTESIAN_POINT('Ctrl Pts',(-0.0531842177211188,-0.0570866141732283,
0.0442982199045169));
#7386=CARTESIAN_POINT('Ctrl Pts',(-0.0590551179647061,-0.0570866141732283,
0.0447764546048573));
#7387=CARTESIAN_POINT('Ctrl Pts',(-0.0413385826771653,-0.0570866141732283,
0.0433070866141732));
#7388=CARTESIAN_POINT('Ctrl Pts',(-0.0413416304092687,-0.0570866141732283,
0.043270670325966));
#7389=CARTESIAN_POINT('Ctrl Pts',(-0.041344678131361,-0.0570866105979536,
0.0432342540412504));
#7390=CARTESIAN_POINT('Ctrl Pts',(-0.0415446497097592,-0.0570861550780525,
0.0408448668010095));
#7391=CARTESIAN_POINT('Ctrl Pts',(-0.0417415230508273,-0.0570709595092236,
0.0384919093618139));
#7392=CARTESIAN_POINT('Ctrl Pts',(-0.0419358250109937,-0.0570414314853404,
0.0361395824348457));
#7393=CARTESIAN_POINT('Ctrl Pts',(-0.0413385826771653,-0.0570866141732283,
0.0433070866141732));
#7394=CARTESIAN_POINT('Ctrl Pts',(-0.0413396126653001,-0.0570866138491885,
0.0432708392013617));
#7395=CARTESIAN_POINT('Ctrl Pts',(-0.0413406428114045,-0.0570866132878731,
0.0432345917551634));
#7396=CARTESIAN_POINT('Ctrl Pts',(-0.0414082263069836,-0.0570864545447919,
0.040856284452592));
#7397=CARTESIAN_POINT('Ctrl Pts',(-0.041474765887586,-0.0570813904781223,
0.0385142317941025));
#7398=CARTESIAN_POINT('Ctrl Pts',(-0.0415405981332475,-0.0570715388652515,
0.0361725152685004));
#7399=CARTESIAN_POINT('Ctrl Pts',(-0.0413385826771653,-0.0570866141732283,
0.0433070866141732));
#7400=CARTESIAN_POINT('Ctrl Pts',(-0.0413375950476687,-0.0570866141732283,
0.0432710080459016));
#7401=CARTESIAN_POINT('Ctrl Pts',(-0.0413366073700614,-0.0570866141732283,
0.043234929498136));
#7402=CARTESIAN_POINT('Ctrl Pts',(-0.0412718051447503,-0.0570866141732286,
0.0408677015678858));
#7403=CARTESIAN_POINT('Ctrl Pts',(-0.0412079911113702,-0.0570866141732283,
0.0385365551993761));
#7404=CARTESIAN_POINT('Ctrl Pts',(-0.0411442342646982,-0.0570866141732283,
0.0362055428435077));
#7405=CARTESIAN_POINT('Ctrl Pts',(-0.0413385826771653,-0.0570866141732283,
0.0433070866141732));
#7406=CARTESIAN_POINT('Ctrl Pts',(-0.0413355773423287,-0.0570866141732283,
0.0432711769159358));
#7407=CARTESIAN_POINT('Ctrl Pts',(-0.0413325720093591,-0.0570866141732283,
0.0432352672177048));
#7408=CARTESIAN_POINT('Ctrl Pts',(-0.0411353825746619,-0.0570866141732286,
0.0408791190891584));
#7409=CARTESIAN_POINT('Ctrl Pts',(-0.0409412131883657,-0.0570866141732283,
0.0385588795522153));
#7410=CARTESIAN_POINT('Ctrl Pts',(-0.0407478701784825,-0.0570866141732283,
0.0362385704366523));
#7411=CARTESIAN_POINT('',(-0.041935825010994,-0.0570414314853404,0.0361395824348456));
#7412=CARTESIAN_POINT('',(-0.0407478702997957,-0.0570866141732283,0.0362385704265437));
#7413=CARTESIAN_POINT('Origin',(-0.0407478701784828,-0.0413385826771653,
0.0362385704366522));
#7414=CARTESIAN_POINT('Ctrl Pts',(-0.0407478701784825,-0.0570866141732283,
0.0362385704366523));
#7415=CARTESIAN_POINT('Ctrl Pts',(-0.0409412131883657,-0.0570866141732283,
0.0385588795522153));
#7416=CARTESIAN_POINT('Ctrl Pts',(-0.0411353825746619,-0.0570866141732286,
0.0408791190891584));
#7417=CARTESIAN_POINT('Ctrl Pts',(-0.0413325720093591,-0.0570866141732283,
0.0432352672177048));
#7418=CARTESIAN_POINT('Ctrl Pts',(-0.0413355773423287,-0.0570866141732283,
0.0432711769159358));
#7419=CARTESIAN_POINT('Ctrl Pts',(-0.0413385826771653,-0.0570866141732283,
0.0433070866141732));
#7420=CARTESIAN_POINT('Ctrl Pts',(-0.0413385826771653,-0.0570866141732283,
0.0433070866141732));
#7421=CARTESIAN_POINT('Ctrl Pts',(-0.0413416304092687,-0.0570866141732283,
0.043270670325966));
#7422=CARTESIAN_POINT('Ctrl Pts',(-0.041344678131361,-0.0570866105979536,
0.0432342540412504));
#7423=CARTESIAN_POINT('Ctrl Pts',(-0.0415446497097592,-0.0570861550780525,
0.0408448668010095));
#7424=CARTESIAN_POINT('Ctrl Pts',(-0.0417415230508273,-0.0570709595092236,
0.0384919093618139));
#7425=CARTESIAN_POINT('Ctrl Pts',(-0.0419358250109937,-0.0570414314853404,
0.0361395824348457));
#7426=CARTESIAN_POINT('Ctrl Pts',(-0.0413385826771654,-0.0570866141732283,
0.0340551181102362));
#7427=CARTESIAN_POINT('Ctrl Pts',(-0.0413385826771654,-0.0570866141732283,
0.0341037871250637));
#7428=CARTESIAN_POINT('Ctrl Pts',(-0.0413378451718393,-0.0570866141732283,
0.034151741450833));
#7429=CARTESIAN_POINT('Ctrl Pts',(-0.0413057218762732,-0.0570866141732283,
0.0350510855236997));
#7430=CARTESIAN_POINT('Ctrl Pts',(-0.0410621647331401,-0.0570866141732283,
0.0357002214474714));
#7431=CARTESIAN_POINT('Ctrl Pts',(-0.0407478703929586,-0.0570866141732283,
0.0362385705618656));
#7432=CARTESIAN_POINT('Ctrl Pts',(-0.0413385826771654,-0.0570866141732283,
0.0340551181102362));
#7433=CARTESIAN_POINT('Ctrl Pts',(-0.0413465286944407,-0.0570858632241176,
0.0340967802339299));
#7434=CARTESIAN_POINT('Ctrl Pts',(-0.0413534000228738,-0.057085128866392,
0.0341380978123559));
#7435=CARTESIAN_POINT('Ctrl Pts',(-0.0414750368232999,-0.0570730257714761,
0.0349201597953221));
#7436=CARTESIAN_POINT('Ctrl Pts',(-0.0413763802608443,-0.0570777479968685,
0.035590561287768));
#7437=CARTESIAN_POINT('Ctrl Pts',(-0.04114423440769,-0.0570866141680928,
0.0362055429270739));
#7438=CARTESIAN_POINT('Ctrl Pts',(-0.0413385826771654,-0.0570866141732283,
0.0340551181102362));
#7439=CARTESIAN_POINT('Ctrl Pts',(-0.0413541202886518,-0.0570851143632735,
0.0340897104496952));
#7440=CARTESIAN_POINT('Ctrl Pts',(-0.0413693079470043,-0.0570836160889657,
0.0341245145009059));
#7441=CARTESIAN_POINT('Ctrl Pts',(-0.0416391128135503,-0.0570581631100039,
0.0347886365356292));
#7442=CARTESIAN_POINT('Ctrl Pts',(-0.0416864438698662,-0.0570597155600759,
0.0354801828497838));
#7443=CARTESIAN_POINT('Ctrl Pts',(-0.0415405982045498,-0.0570715388601208,
0.0361725153102996));
#7444=CARTESIAN_POINT('Ctrl Pts',(-0.0413385826771654,-0.0570866141732283,
0.0340551181102362));
#7445=CARTESIAN_POINT('Ctrl Pts',(-0.0413620580505331,-0.0570843217216115,
0.0340827036018042));
#7446=CARTESIAN_POINT('Ctrl Pts',(-0.041384867064257,-0.0570821201435549,
0.0341108707006127));
#7447=CARTESIAN_POINT('Ctrl Pts',(-0.0418080454081192,-0.0570414267966736,
0.034657714005026));
#7448=CARTESIAN_POINT('Ctrl Pts',(-0.0419993622798285,-0.0570317757342604,
0.0353703640205752));
#7449=CARTESIAN_POINT('Ctrl Pts',(-0.041935825010994,-0.0570414314853403,
0.0361395824348456));
#7450=CARTESIAN_POINT('',(-0.0413385826771654,-0.0570866141732283,0.0340551181102362));
#7451=CARTESIAN_POINT('Ctrl Pts',(-0.041935825010994,-0.0570414314853403,
0.0361395824348456));
#7452=CARTESIAN_POINT('Ctrl Pts',(-0.0419993622798285,-0.0570317757342604,
0.0353703640205752));
#7453=CARTESIAN_POINT('Ctrl Pts',(-0.0418080454081192,-0.0570414267966736,
0.034657714005026));
#7454=CARTESIAN_POINT('Ctrl Pts',(-0.041384867064257,-0.0570821201435549,
0.0341108707006127));
#7455=CARTESIAN_POINT('Ctrl Pts',(-0.0413620580505331,-0.0570843217216115,
0.0340827036018042));
#7456=CARTESIAN_POINT('Ctrl Pts',(-0.0413385826771654,-0.0570866141732283,
0.0340551181102362));
#7457=CARTESIAN_POINT('Origin',(-0.037007874015748,-0.0570866141732283,
0.0340551181102362));
#7458=CARTESIAN_POINT('Ctrl Pts',(-0.0413385826771653,-0.0570866141732283,
0.0433070866141732));
#7459=CARTESIAN_POINT('Ctrl Pts',(-0.0413385826771654,-0.0570866141732283,
0.0354330708661417));
#7460=CARTESIAN_POINT('Ctrl Pts',(-0.0413385826771654,-0.0570866141732283,
0.0275590551181102));
#7461=CARTESIAN_POINT('Ctrl Pts',(-0.0413385826771654,-0.0570866141732283,
0.0196850393700787));
#7462=CARTESIAN_POINT('Ctrl Pts',(-0.0478074169797067,-0.0570866141732283,
0.0433070866141732));
#7463=CARTESIAN_POINT('Ctrl Pts',(-0.0478074169797067,-0.0565489936607696,
0.0354330708661417));
#7464=CARTESIAN_POINT('Ctrl Pts',(-0.0478074169797067,-0.0560113731483109,
0.0275590551181102));
#7465=CARTESIAN_POINT('Ctrl Pts',(-0.0478074169797067,-0.0554737526358522,
0.0196850393700787));
#7466=CARTESIAN_POINT('Ctrl Pts',(-0.054276251282248,-0.0570866141732283,
0.0433070866141732));
#7467=CARTESIAN_POINT('Ctrl Pts',(-0.054276251282248,-0.0560113731483109,
0.0354330708661417));
#7468=CARTESIAN_POINT('Ctrl Pts',(-0.054276251282248,-0.0549361321233935,
0.0275590551181102));
#7469=CARTESIAN_POINT('Ctrl Pts',(-0.054276251282248,-0.0538608910984761,
0.0196850393700787));
#7470=CARTESIAN_POINT('Ctrl Pts',(-0.0607450855847893,-0.0570866141732283,
0.0433070866141732));
#7471=CARTESIAN_POINT('Ctrl Pts',(-0.0607450855847893,-0.0554737526358522,
0.0354330708661417));
#7472=CARTESIAN_POINT('Ctrl Pts',(-0.0607450855847893,-0.0538608910984761,
0.0275590551181102));
#7473=CARTESIAN_POINT('Ctrl Pts',(-0.0607450855847894,-0.0522480295611,
0.0196850393700787));
#7474=CARTESIAN_POINT('',(-0.0413385826771654,-0.0570866141732283,0.047244094488189));
#7475=CARTESIAN_POINT('',(-0.0590551181102362,-0.0537000724023269,0.0251968503937008));
#7476=CARTESIAN_POINT('',(-0.0590551181102362,-0.0570866141732283,0.0433070866141732));
#7477=CARTESIAN_POINT('Ctrl Pts',(-0.0607450855847882,-0.0525635171198051,
0.0212252546631974));
#7478=CARTESIAN_POINT('Ctrl Pts',(-0.0604279658126048,-0.0526999360886945,
0.0215304171817017));
#7479=CARTESIAN_POINT('Ctrl Pts',(-0.0601469024559295,-0.0528326739875653,
0.021874030294306));
#7480=CARTESIAN_POINT('Ctrl Pts',(-0.0595224848135023,-0.0531648932819107,
0.022860905985296));
#7481=CARTESIAN_POINT('Ctrl Pts',(-0.0592569724077499,-0.0533503274655225,
0.0235466181628636));
#7482=CARTESIAN_POINT('Ctrl Pts',(-0.0590813801442412,-0.0535789952048015,
0.0245762291770103));
#7483=CARTESIAN_POINT('Ctrl Pts',(-0.0590551181102357,-0.0536419845539275,
0.0248862135472598));
#7484=CARTESIAN_POINT('Ctrl Pts',(-0.0590551181102362,-0.0537000724023285,
0.0251968503937098));
#7485=CARTESIAN_POINT('Origin',(-0.0590551181102362,-0.0492125984251968,
0.0511811023622047));
#7486=CARTESIAN_POINT('',(-0.0590551181102362,-0.0570866141732283,0.0511811023622047));
#7487=CARTESIAN_POINT('',(-0.0590551181102362,-0.0570866141732283,0.0511811023622047));
#7488=CARTESIAN_POINT('',(-0.0590551181102362,-0.0492125984251968,0.0590551181102362));
#7489=CARTESIAN_POINT('Origin',(-0.0590551181102362,-0.0492125984251968,
0.0511811023622047));
#7490=CARTESIAN_POINT('',(-0.0590551181102362,-0.0492125984251968,0.0511811023622047));
#7491=CARTESIAN_POINT('',(-0.0590551181102362,-0.0492125984251968,0.0511811023622047));
#7492=CARTESIAN_POINT('',(-0.0590551181102362,-0.045275590551181,0.0511811023622047));
#7493=CARTESIAN_POINT('',(-0.0590551181102362,-0.0246062992125984,0.0511811023622047));
#7494=CARTESIAN_POINT('',(-0.0590551181102362,-0.0492125984251968,0.047244094488189));
#7495=CARTESIAN_POINT('Origin',(-0.0590551181102362,-0.045275590551181,
0.047244094488189));
#7496=CARTESIAN_POINT('',(-0.0590551181102362,-0.0492125984251968,0.0433070866141732));
#7497=CARTESIAN_POINT('',(-0.0590551181102362,-0.0492125984251968,0.0511811023622047));
#7498=CARTESIAN_POINT('',(-0.0590551181102362,-0.0457260549145783,0.0251968503937008));
#7499=CARTESIAN_POINT('',(-0.0590551181102362,-0.0492125984251968,0.0433070866141732));
#7500=CARTESIAN_POINT('',(-0.0590551181102362,-0.0480104158581107,0.0251968503937008));
#7501=CARTESIAN_POINT('Ctrl Pts',(0.0419358250049533,-0.0570414314862583,
0.0361395825079749));
#7502=CARTESIAN_POINT('Ctrl Pts',(0.0417610154916399,-0.0570679972472346,
0.0382559230986474));
#7503=CARTESIAN_POINT('Ctrl Pts',(0.0415841253359329,-0.0570829673037194,
0.040372774378901));
#7504=CARTESIAN_POINT('Ctrl Pts',(0.0414069881332924,-0.057086024001151,
0.0424896870716021));
#7505=CARTESIAN_POINT('Ctrl Pts',(0.0415405981312011,-0.057071538865558,
0.0361725153412997));
#7506=CARTESIAN_POINT('Ctrl Pts',(0.0414813719611024,-0.0570804092545686,
0.0382793095697291));
#7507=CARTESIAN_POINT('Ctrl Pts',(0.0414215709835995,-0.0570853985248759,
0.0403863768943697));
#7508=CARTESIAN_POINT('Ctrl Pts',(0.041361701940793,-0.0570864174467451,
0.0424934769228228));
#7509=CARTESIAN_POINT('Ctrl Pts',(0.0411442342666804,-0.0570866141732283,
0.0362055429159742));
#7510=CARTESIAN_POINT('Ctrl Pts',(0.0412015943816097,-0.0570866123550068,
0.0383027074545473));
#7511=CARTESIAN_POINT('Ctrl Pts',(0.0412590017484784,-0.0570866141759595,
0.0403999806552876));
#7512=CARTESIAN_POINT('Ctrl Pts',(0.0413164140510921,-0.0570866141732283,
0.0424972669160766));
#7513=CARTESIAN_POINT('Ctrl Pts',(0.0407478701844932,-0.0570866141732283,
0.0362385705087861));
#7514=CARTESIAN_POINT('Ctrl Pts',(0.0409218169497501,-0.0570866141732283,
0.038326105327117));
#7515=CARTESIAN_POINT('Ctrl Pts',(0.0410964325132903,-0.0570866141732283,
0.040413584416211));
#7516=CARTESIAN_POINT('Ctrl Pts',(0.0412711261613871,-0.0570866141732283,
0.0425010569093308));
#7517=CARTESIAN_POINT('',(0.0407478702855058,-0.0570866141732283,0.0362385705003691));
#7518=CARTESIAN_POINT('Ctrl Pts',(0.0412711261613871,-0.0570866141732283,
0.0425010569093308));
#7519=CARTESIAN_POINT('Ctrl Pts',(0.0410964325132903,-0.0570866141732283,
0.040413584416211));
#7520=CARTESIAN_POINT('Ctrl Pts',(0.0409218169497501,-0.0570866141732283,
0.038326105327117));
#7521=CARTESIAN_POINT('Ctrl Pts',(0.0407478701844932,-0.0570866141732283,
0.0362385705087861));
#7522=CARTESIAN_POINT('Origin',(0.0407478701844934,-0.0413385826771653,
0.0362385705087861));
#7523=CARTESIAN_POINT('Ctrl Pts',(0.0407478703630788,-0.0570866141732283,
0.0362385706130463));
#7524=CARTESIAN_POINT('Ctrl Pts',(0.0410624655562932,-0.0570866141732283,
0.0356997061898471));
#7525=CARTESIAN_POINT('Ctrl Pts',(0.0413064033061947,-0.0570866141732283,
0.0350492614687739));
#7526=CARTESIAN_POINT('Ctrl Pts',(0.0413378745224491,-0.0570866141732283,
0.0341497721144013));
#7527=CARTESIAN_POINT('Ctrl Pts',(0.0413385826771654,-0.0570866141732283,
0.0341027825495346));
#7528=CARTESIAN_POINT('Ctrl Pts',(0.0413385826771654,-0.0570866141732283,
0.0340551181102362));
#7529=CARTESIAN_POINT('Ctrl Pts',(0.0411442343857438,-0.0570866141689521,
0.0362055429855566));
#7530=CARTESIAN_POINT('Ctrl Pts',(0.0413752988737953,-0.0570775647562278,
0.0355897981274874));
#7531=CARTESIAN_POINT('Ctrl Pts',(0.0414735644584683,-0.0570728520205037,
0.0349181080062265));
#7532=CARTESIAN_POINT('Ctrl Pts',(0.0413532272110953,-0.0570851708274775,
0.0341364207803464));
#7533=CARTESIAN_POINT('Ctrl Pts',(0.0413462462881568,-0.0570858657950393,
0.0340958997540164));
#7534=CARTESIAN_POINT('Ctrl Pts',(0.0413385826771654,-0.0570866141732283,
0.0340551181102362));
#7535=CARTESIAN_POINT('Ctrl Pts',(0.0415405981905715,-0.0570715388612859,
0.0361725153761043));
#7536=CARTESIAN_POINT('Ctrl Pts',(0.0416877704435389,-0.0570592702715839,
0.0354796789074427));
#7537=CARTESIAN_POINT('Ctrl Pts',(0.0416405809585614,-0.0570578021546624,
0.0347869524677565));
#7538=CARTESIAN_POINT('Ctrl Pts',(0.0413685785743393,-0.0570837030943078,
0.0341230693471585));
#7539=CARTESIAN_POINT('Ctrl Pts',(0.0413539098991483,-0.0570851174168502,
0.0340890169584982));
#7540=CARTESIAN_POINT('Ctrl Pts',(0.0413385826771654,-0.0570866141732283,
0.0340551181102362));
#7541=CARTESIAN_POINT('Ctrl Pts',(0.0419358250049534,-0.0570414314862583,
0.036139582507975));
#7542=CARTESIAN_POINT('Ctrl Pts',(0.0419994231084366,-0.0570317664914247,
0.0353696277823213));
#7543=CARTESIAN_POINT('Ctrl Pts',(0.0418074688323166,-0.0570414640526409,
0.0346557951809753));
#7544=CARTESIAN_POINT('Ctrl Pts',(0.0413839277244046,-0.0570822110186232,
0.0341097180240901));
#7545=CARTESIAN_POINT('Ctrl Pts',(0.0413615735101398,-0.0570843690386612,
0.03408213416298));
#7546=CARTESIAN_POINT('Ctrl Pts',(0.0413385826771654,-0.0570866141732283,
0.0340551181102362));
#7547=CARTESIAN_POINT('Origin',(0.037007874015748,-0.0570866141732283,0.0340551181102362));
#7548=CARTESIAN_POINT('Origin',(0.0767716535433071,-0.0570866141732283,
0.0511811023622047));
#7549=CARTESIAN_POINT('',(-0.0326771653543307,-0.0570866141732283,0.0340551181102362));
#7550=CARTESIAN_POINT('Origin',(-0.037007874015748,-0.0570866141732283,
0.0340551181102362));
#7551=CARTESIAN_POINT('',(-0.0326771653543307,-0.0570866141732283,0.0322834645669291));
#7552=CARTESIAN_POINT('',(-0.0326771653543307,-0.0570866141732283,0.0426181102362203));
#7553=CARTESIAN_POINT('',(0.0326771653543307,-0.0570866141732283,0.0322834645669291));
#7554=CARTESIAN_POINT('',(0.0590551181102362,-0.0570866141732283,0.0322834645669291));
#7555=CARTESIAN_POINT('',(0.0326771653543307,-0.0570866141732283,0.0340551181102362));
#7556=CARTESIAN_POINT('',(0.0326771653543307,-0.0570866141732283,0.0417322834645669));
#7557=CARTESIAN_POINT('Origin',(0.037007874015748,-0.0570866141732283,0.0340551181102362));
#7558=CARTESIAN_POINT('',(0.0590551181102362,-0.0570866141732283,0.0511811023622047));
#7559=CARTESIAN_POINT('',(0.0590551181102362,-0.0570866141732283,0.0511811023622047));
#7560=CARTESIAN_POINT('',(0.0383858267716536,-0.0570866141732283,0.0511811023622047));
#7561=CARTESIAN_POINT('Origin',(0.0645669291338583,-0.0519474237321264,
0.0251968503937008));
#7562=CARTESIAN_POINT('',(0.0645669291338583,-0.0432501037258781,0.0196850393700787));
#7563=CARTESIAN_POINT('',(0.0590551181102362,-0.0457260549145782,0.0251968503937008));
#7564=CARTESIAN_POINT('Ctrl Pts',(0.0645669291338584,-0.0432501037258781,
0.0196850393700787));
#7565=CARTESIAN_POINT('Ctrl Pts',(0.064175495015245,-0.0433505811258392,
0.0196850393700787));
#7566=CARTESIAN_POINT('Ctrl Pts',(0.0637864297855543,-0.0434609623238672,
0.0197267470132653));
#7567=CARTESIAN_POINT('Ctrl Pts',(0.0634063663384832,-0.0435776410160653,
0.0198086081238959));
#7568=CARTESIAN_POINT('Ctrl Pts',(0.0626780296296319,-0.0438012388793259,
0.0199654831203183));
#7569=CARTESIAN_POINT('Ctrl Pts',(0.0619916972129835,-0.0440447253889153,
0.0202677642433658));
#7570=CARTESIAN_POINT('Ctrl Pts',(0.0613872218898959,-0.0442862646812415,
0.0206946817381733));
#7571=CARTESIAN_POINT('Ctrl Pts',(0.0607881449817466,-0.0445256468477527,
0.0211177865417203));
#7572=CARTESIAN_POINT('Ctrl Pts',(0.0602765774791942,-0.044760144857099,
0.0216582885087831));
#7573=CARTESIAN_POINT('Ctrl Pts',(0.0598856354250851,-0.0449762114588543,
0.0222872885757767));
#7574=CARTESIAN_POINT('Ctrl Pts',(0.0595023649478645,-0.0451880381188303,
0.0229039455798375));
#7575=CARTESIAN_POINT('Ctrl Pts',(0.0592416708320115,-0.0453786415144482,
0.0235950321286411));
#7576=CARTESIAN_POINT('Ctrl Pts',(0.0591247708180598,-0.0455435252358869,
0.0243233667785672));
#7577=CARTESIAN_POINT('Ctrl Pts',(0.059078422954641,-0.0456088974111578,
0.0246121328251811));
#7578=CARTESIAN_POINT('Ctrl Pts',(0.0590551181102362,-0.0456697195265406,
0.0249042261422534));
#7579=CARTESIAN_POINT('Ctrl Pts',(0.0590551181102362,-0.0457260549145782,
0.0251968503937008));
#7580=CARTESIAN_POINT('',(0.0590551181102362,-0.0519474237321264,0.0251968503937008));
#7581=CARTESIAN_POINT('',(0.0645669291338583,-0.0519474237321264,0.0196850393700787));
#7582=CARTESIAN_POINT('Origin',(0.0670410043624636,-0.0468082332910245,
0.0196850393700787));
#7583=CARTESIAN_POINT('',(0.0687404952489163,-0.0421787891626704,0.0196850393700787));
#7584=CARTESIAN_POINT('',(0.0692294975783554,-0.0441400703820394,0.0196850393700787));
#7585=CARTESIAN_POINT('',(0.0590551181102362,-0.0446649329765639,0.0196850393700787));
#7586=CARTESIAN_POINT('Origin',(0.0645669291338583,0.0480104158581107,0.0251968503937008));
#7587=CARTESIAN_POINT('',(0.0590551181102362,0.0457260549145783,0.0251968503937008));
#7588=CARTESIAN_POINT('',(0.0590551181102362,0.0480104158581107,0.0251968503937008));
#7589=CARTESIAN_POINT('',(0.0645669291338583,0.0432501037258781,0.0196850393700787));
#7590=CARTESIAN_POINT('Ctrl Pts',(0.0590551181102362,0.0457260549145782,
0.0251968503937008));
#7591=CARTESIAN_POINT('Ctrl Pts',(0.0590551181102362,0.0456414350089344,
0.0247573071969796));
#7592=CARTESIAN_POINT('Ctrl Pts',(0.0591076959927891,0.0455469029181134,
0.0243201397866563));
#7593=CARTESIAN_POINT('Ctrl Pts',(0.059211164685784,0.0454424315364927,
0.0238946031295973));
#7594=CARTESIAN_POINT('Ctrl Pts',(0.0593856220351134,0.045266283565635,
0.0231771107646682));
#7595=CARTESIAN_POINT('Ctrl Pts',(0.0597007847379488,0.0450652419943095,
0.0225081220106986));
#7596=CARTESIAN_POINT('Ctrl Pts',(0.0601325848216184,0.044845452824843,
0.0219232207138764));
#7597=CARTESIAN_POINT('Ctrl Pts',(0.0605725716989275,0.0446214965219213,
0.0213272298726153));
#7598=CARTESIAN_POINT('Ctrl Pts',(0.0611265010928448,0.0443816295253134,
0.0208282641628041));
#7599=CARTESIAN_POINT('Ctrl Pts',(0.0617594829649827,0.044141298531212,
0.0204536123890264));
#7600=CARTESIAN_POINT('Ctrl Pts',(0.062395822836837,0.0438996925694604,
0.0200769730693086));
#7601=CARTESIAN_POINT('Ctrl Pts',(0.0631049130382722,0.0436605095469577,
0.0198301957149379));
#7602=CARTESIAN_POINT('Ctrl Pts',(0.0638457592420684,0.0434468098521073,
0.0197324222674192));
#7603=CARTESIAN_POINT('Ctrl Pts',(0.0640843956394444,0.0433779743434172,
0.0197009281419781));
#7604=CARTESIAN_POINT('Ctrl Pts',(0.0643253173572777,0.0433121231614777,
0.0196850393700787));
#7605=CARTESIAN_POINT('Ctrl Pts',(0.0645669291338583,0.0432501037258781,
0.0196850393700787));
#7606=CARTESIAN_POINT('',(0.0645669291338583,0.0480104158581107,0.0196850393700787));
#7607=CARTESIAN_POINT('Origin',(0.0670410043624636,0.0468082332910245,0.0196850393700787));
#7608=CARTESIAN_POINT('',(0.0687404952489163,0.0421787891626704,0.0196850393700787));
#7609=CARTESIAN_POINT('',(0.0590551181102362,0.0446649329765639,0.0196850393700787));
#7610=CARTESIAN_POINT('',(0.0692294975783554,0.0441400703820395,0.0196850393700787));
#7611=CARTESIAN_POINT('Origin',(-0.0645669291338583,-0.0480104158581107,
0.0251968503937008));
#7612=CARTESIAN_POINT('',(-0.0645669291338583,-0.0432501037258781,0.0196850393700787));
#7613=CARTESIAN_POINT('Ctrl Pts',(-0.0590551181102362,-0.0457260549145782,
0.0251968503937008));
#7614=CARTESIAN_POINT('Ctrl Pts',(-0.0590551181102362,-0.0456414350089344,
0.0247573071969796));
#7615=CARTESIAN_POINT('Ctrl Pts',(-0.0591076959927891,-0.0455469029181134,
0.0243201397866563));
#7616=CARTESIAN_POINT('Ctrl Pts',(-0.059211164685784,-0.0454424315364927,
0.0238946031295973));
#7617=CARTESIAN_POINT('Ctrl Pts',(-0.0593856220351134,-0.045266283565635,
0.0231771107646682));
#7618=CARTESIAN_POINT('Ctrl Pts',(-0.0597007847379488,-0.0450652419943095,
0.0225081220106986));
#7619=CARTESIAN_POINT('Ctrl Pts',(-0.0601325848216184,-0.044845452824843,
0.0219232207138764));
#7620=CARTESIAN_POINT('Ctrl Pts',(-0.0605725716989275,-0.0446214965219213,
0.0213272298726153));
#7621=CARTESIAN_POINT('Ctrl Pts',(-0.0611265010928448,-0.0443816295253134,
0.0208282641628041));
#7622=CARTESIAN_POINT('Ctrl Pts',(-0.0617594829649827,-0.044141298531212,
0.0204536123890264));
#7623=CARTESIAN_POINT('Ctrl Pts',(-0.062395822836837,-0.0438996925694604,
0.0200769730693086));
#7624=CARTESIAN_POINT('Ctrl Pts',(-0.0631049130382722,-0.0436605095469577,
0.0198301957149379));
#7625=CARTESIAN_POINT('Ctrl Pts',(-0.0638457592420684,-0.0434468098521073,
0.0197324222674192));
#7626=CARTESIAN_POINT('Ctrl Pts',(-0.0640843956394444,-0.0433779743434172,
0.0197009281419781));
#7627=CARTESIAN_POINT('Ctrl Pts',(-0.0643253173572777,-0.0433121231614777,
0.0196850393700787));
#7628=CARTESIAN_POINT('Ctrl Pts',(-0.0645669291338583,-0.0432501037258781,
0.0196850393700787));
#7629=CARTESIAN_POINT('',(-0.0645669291338583,-0.0480104158581107,0.0196850393700787));
#7630=CARTESIAN_POINT('Origin',(-0.0670410043624636,-0.0468082332910245,
0.0196850393700787));
#7631=CARTESIAN_POINT('',(-0.0687404952489163,-0.0421787891626704,0.0196850393700787));
#7632=CARTESIAN_POINT('',(-0.0590551181102362,-0.0446649329765639,0.0196850393700787));
#7633=CARTESIAN_POINT('',(-0.0692294975783554,-0.0441400703820395,0.0196850393700787));
#7634=CARTESIAN_POINT('Origin',(-0.0645669291338583,0.0519474237321264,
0.0251968503937008));
#7635=CARTESIAN_POINT('',(-0.0645669291338583,0.0432501037258781,0.0196850393700787));
#7636=CARTESIAN_POINT('',(-0.0590551181102362,0.0457260549145782,0.0251968503937008));
#7637=CARTESIAN_POINT('Ctrl Pts',(-0.0645669291338584,0.0432501037258781,
0.0196850393700787));
#7638=CARTESIAN_POINT('Ctrl Pts',(-0.064175495015245,0.0433505811258392,
0.0196850393700787));
#7639=CARTESIAN_POINT('Ctrl Pts',(-0.0637864297855543,0.0434609623238672,
0.0197267470132653));
#7640=CARTESIAN_POINT('Ctrl Pts',(-0.0634063663384832,0.0435776410160653,
0.0198086081238959));
#7641=CARTESIAN_POINT('Ctrl Pts',(-0.0626780296296319,0.0438012388793259,
0.0199654831203183));
#7642=CARTESIAN_POINT('Ctrl Pts',(-0.0619916972129835,0.0440447253889153,
0.0202677642433658));
#7643=CARTESIAN_POINT('Ctrl Pts',(-0.0613872218898959,0.0442862646812415,
0.0206946817381733));
#7644=CARTESIAN_POINT('Ctrl Pts',(-0.0607881449817466,0.0445256468477527,
0.0211177865417203));
#7645=CARTESIAN_POINT('Ctrl Pts',(-0.0602765774791942,0.044760144857099,
0.0216582885087831));
#7646=CARTESIAN_POINT('Ctrl Pts',(-0.0598856354250851,0.0449762114588543,
0.0222872885757767));
#7647=CARTESIAN_POINT('Ctrl Pts',(-0.0595023649478645,0.0451880381188303,
0.0229039455798375));
#7648=CARTESIAN_POINT('Ctrl Pts',(-0.0592416708320115,0.0453786415144482,
0.0235950321286411));
#7649=CARTESIAN_POINT('Ctrl Pts',(-0.0591247708180598,0.0455435252358869,
0.0243233667785672));
#7650=CARTESIAN_POINT('Ctrl Pts',(-0.059078422954641,0.0456088974111578,
0.0246121328251811));
#7651=CARTESIAN_POINT('Ctrl Pts',(-0.0590551181102362,0.0456697195265406,
0.0249042261422534));
#7652=CARTESIAN_POINT('Ctrl Pts',(-0.0590551181102362,0.0457260549145782,
0.0251968503937008));
#7653=CARTESIAN_POINT('',(-0.0590551181102362,0.0519474237321264,0.0251968503937008));
#7654=CARTESIAN_POINT('',(-0.0645669291338583,0.0519474237321264,0.0196850393700787));
#7655=CARTESIAN_POINT('Origin',(-0.0670410043624636,0.0468082332910245,
0.0196850393700787));
#7656=CARTESIAN_POINT('',(-0.0687404952489163,0.0421787891626704,0.0196850393700787));
#7657=CARTESIAN_POINT('',(-0.0692294975783554,0.0441400703820394,0.0196850393700787));
#7658=CARTESIAN_POINT('',(-0.0590551181102362,0.0446649329765639,0.0196850393700787));
#7659=CARTESIAN_POINT('Origin',(0.0692294975783554,0.0441400703820395,0.0141732283464567));
#7660=CARTESIAN_POINT('',(0.0759842519685039,0.0484484786416535,0.0141732283464567));
#7661=CARTESIAN_POINT('Origin',(0.0706361652882425,0.0497819064126753,0.0141732283464567));
#7662=CARTESIAN_POINT('',(0.0740793551527585,0.0408083548127087,0.0141732283464567));
#7663=CARTESIAN_POINT('Origin',(0.0687404952489163,0.0421787891626704,0.0141732283464567));
#7664=CARTESIAN_POINT('',(0.0745775842586168,0.0428066426110177,0.0141732283464567));
#7665=CARTESIAN_POINT('Origin',(0.0590551181102362,0.0526693857764003,0.00393700787401575));
#7666=CARTESIAN_POINT('',(0.0759842519685039,0.0484484786416535,0.00944881889763779));
#7667=CARTESIAN_POINT('',(0.0759842519685039,0.0484484786416535,0.00393700787401575));
#7668=CARTESIAN_POINT('',(0.0706361652882425,0.0497819064126753,0.00393700787401575));
#7669=CARTESIAN_POINT('Origin',(0.0706361652882425,0.0497819064126753,0.00944881889763779));
#7670=CARTESIAN_POINT('',(0.0468503937007874,0.0557123653386596,0.00393700787401575));
#7671=CARTESIAN_POINT('',(0.0759842519685039,0.0484484786416535,0.00393700787401575));
#7672=CARTESIAN_POINT('',(0.0413385826771654,0.0570866141732283,0.00944881889763779));
#7673=CARTESIAN_POINT('Origin',(0.0468503937007874,0.0557123653386596,0.00944881889763779));
#7674=CARTESIAN_POINT('',(0.0413385826771654,0.0570866141732283,0.00393700787401575));
#7675=CARTESIAN_POINT('Origin',(0.0740793551527585,0.0408083548127087,0.00393700787401575));
#7676=CARTESIAN_POINT('',(0.0740793551527585,0.0408083548127087,0.00944881889763779));
#7677=CARTESIAN_POINT('',(0.0740793551527585,0.0408083548127087,0.00393700787401575));
#7678=CARTESIAN_POINT('',(0.0745656041375249,0.0427585929697608,0.00944881889763779));
#7679=CARTESIAN_POINT('Origin',(0.0692175174572635,0.0440920207407825,0.00944881889763779));
#7680=CARTESIAN_POINT('',(0.0687404952489163,0.0421787891626704,0.00393700787401575));
#7681=CARTESIAN_POINT('Origin',(0.0687404952489163,0.0421787891626704,0.00944881889763779));
#7682=CARTESIAN_POINT('',(0.0692175174572635,0.0440920207407825,0.00393700787401575));
#7683=CARTESIAN_POINT('Origin',(0.0468503937007874,0.0539934993237778,0.00944881889763779));
#7684=CARTESIAN_POINT('',(0.0468503937007874,0.047797769174511,0.00393700787401575));
#7685=CARTESIAN_POINT('',(0.0413385826771654,0.0492125984251968,0.00944881889763779));
#7686=CARTESIAN_POINT('Origin',(0.0468503937007874,0.047797769174511,0.00944881889763779));
#7687=CARTESIAN_POINT('',(0.0413385826771654,0.0539934993237778,0.00944881889763779));
#7688=CARTESIAN_POINT('',(0.0468503937007874,0.0539934993237778,0.00393700787401575));
#7689=CARTESIAN_POINT('Origin',(0.0413385826771654,0.0570866141732283,0.00393700787401575));
#7690=CARTESIAN_POINT('',(0.0413385826771654,0.0492125984251968,0.0196850393700787));
#7691=CARTESIAN_POINT('',(0.0413385826771654,0.0492125984251968,0.00393700787401575));
#7692=CARTESIAN_POINT('',(0.0413385826771654,0.0492125984251968,0.0340551181102362));
#7693=CARTESIAN_POINT('',(0.0413385826771653,0.0492125984251968,0.0417322834645669));
#7694=CARTESIAN_POINT('',(0.0413385826771654,2.53117455022342E-18,0.0340551181102362));
#7695=CARTESIAN_POINT('Origin',(-0.0468503937007874,0.0539934993237778,
0.00944881889763779));
#7696=CARTESIAN_POINT('',(-0.0413385826771654,0.0492125984251968,0.00944881889763779));
#7697=CARTESIAN_POINT('',(-0.0468503937007874,0.047797769174511,0.00393700787401575));
#7698=CARTESIAN_POINT('Origin',(-0.0468503937007874,0.047797769174511,0.00944881889763779));
#7699=CARTESIAN_POINT('',(-0.0468503937007874,0.0539934993237778,0.00393700787401575));
#7700=CARTESIAN_POINT('',(-0.0413385826771654,0.0539934993237778,0.00944881889763779));
#7701=CARTESIAN_POINT('Origin',(-0.0502188890071105,0.0509003844743272,
0.00393700787401575));
#7702=CARTESIAN_POINT('',(-0.0687404952489163,0.0421787891626704,0.00393700787401575));
#7703=CARTESIAN_POINT('',(-0.0413385826771654,0.0492125984251968,0.00393700787401575));
#7704=CARTESIAN_POINT('',(-0.0692175174572635,0.0440920207407825,0.00393700787401575));
#7705=CARTESIAN_POINT('Origin',(-0.0692175174572635,0.0440920207407825,
0.00944881889763779));
#7706=CARTESIAN_POINT('',(-0.0740793551527585,0.0408083548127087,0.00944881889763779));
#7707=CARTESIAN_POINT('Origin',(-0.0687404952489163,0.0421787891626704,
0.00944881889763779));
#7708=CARTESIAN_POINT('',(-0.0745656041375249,0.0427585929697607,0.00944881889763779));
#7709=CARTESIAN_POINT('Origin',(-0.0692294975783554,0.0441400703820394,
0.0141732283464567));
#7710=CARTESIAN_POINT('',(-0.0740793551527585,0.0408083548127087,0.0141732283464567));
#7711=CARTESIAN_POINT('',(-0.0745775842586168,0.0428066426110176,0.0141732283464567));
#7712=CARTESIAN_POINT('Origin',(-0.0687404952489163,0.0421787891626704,
0.0141732283464567));
#7713=CARTESIAN_POINT('Origin',(-0.0692294975783554,-0.0441400703820395,
0.0141732283464567));
#7714=CARTESIAN_POINT('',(-0.0759842519685039,-0.0484484786416535,0.0141732283464567));
#7715=CARTESIAN_POINT('Origin',(-0.0706361652882425,-0.0497819064126753,
0.0141732283464567));
#7716=CARTESIAN_POINT('',(-0.0740793551527585,-0.0408083548127087,0.0141732283464567));
#7717=CARTESIAN_POINT('Origin',(-0.0687404952489163,-0.0421787891626704,
0.0141732283464567));
#7718=CARTESIAN_POINT('',(-0.0745775842586168,-0.0428066426110177,0.0141732283464567));
#7719=CARTESIAN_POINT('Origin',(-0.0740793551527585,-0.0408083548127087,
0.00393700787401575));
#7720=CARTESIAN_POINT('',(-0.0740793551527585,-0.0408083548127087,0.00944881889763779));
#7721=CARTESIAN_POINT('',(-0.0740793551527585,-0.0408083548127087,0.00393700787401575));
#7722=CARTESIAN_POINT('',(-0.0759842519685039,-0.0484484786416535,0.00944881889763779));
#7723=CARTESIAN_POINT('',(-0.0745656041375249,-0.0427585929697608,0.00944881889763779));
#7724=CARTESIAN_POINT('',(-0.0759842519685039,-0.0484484786416535,0.00393700787401575));
#7725=CARTESIAN_POINT('Origin',(-0.0413385826771654,-0.0492125984251968,
0.00393700787401575));
#7726=CARTESIAN_POINT('',(-0.0413385826771654,-0.0492125984251968,0.0196850393700787));
#7727=CARTESIAN_POINT('',(-0.0413385826771654,-0.0492125984251968,0.0196850393700787));
#7728=CARTESIAN_POINT('',(-0.0413385826771654,-0.0492125984251968,0.00944881889763779));
#7729=CARTESIAN_POINT('',(-0.0413385826771654,-0.0492125984251968,0.00393700787401575));
#7730=CARTESIAN_POINT('',(-0.0468503937007874,-0.047797769174511,0.00393700787401575));
#7731=CARTESIAN_POINT('Origin',(-0.0468503937007874,-0.047797769174511,
0.00944881889763779));
#7732=CARTESIAN_POINT('',(-0.0687404952489163,-0.0421787891626704,0.00393700787401575));
#7733=CARTESIAN_POINT('',(-0.0413385826771654,-0.0492125984251968,0.00393700787401575));
#7734=CARTESIAN_POINT('Origin',(-0.0687404952489163,-0.0421787891626704,
0.00944881889763779));
#7735=CARTESIAN_POINT('Origin',(-0.0692175174572635,-0.0440920207407825,
0.00944881889763779));
#7736=CARTESIAN_POINT('',(-0.0706361652882425,-0.0497819064126753,0.00393700787401575));
#7737=CARTESIAN_POINT('Origin',(-0.0706361652882425,-0.0497819064126753,
0.00944881889763779));
#7738=CARTESIAN_POINT('',(-0.0692175174572635,-0.0440920207407825,0.00393700787401575));
#7739=CARTESIAN_POINT('Origin',(-0.0502188890071105,-0.0509003844743272,
0.00393700787401575));
#7740=CARTESIAN_POINT('',(-0.0468503937007874,-0.0557123653386596,0.00393700787401575));
#7741=CARTESIAN_POINT('',(-0.0468503937007874,-0.0539934993237778,0.00393700787401575));
#7742=CARTESIAN_POINT('',(-0.0759842519685039,-0.0484484786416535,0.00393700787401575));
#7743=CARTESIAN_POINT('Origin',(-0.0468503937007874,-0.0539934993237778,
0.00944881889763779));
#7744=CARTESIAN_POINT('',(-0.0413385826771654,-0.0570866141732283,0.00944881889763779));
#7745=CARTESIAN_POINT('',(-0.0413385826771654,-0.0539934993237778,0.00944881889763779));
#7746=CARTESIAN_POINT('Origin',(-0.0468503937007874,-0.0557123653386596,
0.00944881889763779));
#7747=CARTESIAN_POINT('Origin',(-0.0413385826771654,-0.0570866141732283,
0.00393700787401575));
#7748=CARTESIAN_POINT('',(-0.0413385826771654,-0.0492125984251968,0.0340551181102362));
#7749=CARTESIAN_POINT('',(-0.0413385826771653,-0.0492125984251968,0.047244094488189));
#7750=CARTESIAN_POINT('',(-0.0413385826771654,-2.53117455022342E-18,0.0340551181102362));
#7751=CARTESIAN_POINT('',(-0.0413385826771654,-0.0570866141732283,0.00393700787401575));
#7752=CARTESIAN_POINT('Origin',(0.0468503937007874,-0.0539934993237778,
0.00944881889763779));
#7753=CARTESIAN_POINT('',(0.0413385826771654,-0.0492125984251968,0.00944881889763779));
#7754=CARTESIAN_POINT('',(0.0468503937007874,-0.047797769174511,0.00393700787401575));
#7755=CARTESIAN_POINT('Origin',(0.0468503937007874,-0.047797769174511,0.00944881889763779));
#7756=CARTESIAN_POINT('',(0.0468503937007874,-0.0539934993237778,0.00393700787401575));
#7757=CARTESIAN_POINT('',(0.0413385826771654,-0.0539934993237778,0.00944881889763779));
#7758=CARTESIAN_POINT('Origin',(0.0502188890071105,-0.0509003844743272,
0.00393700787401575));
#7759=CARTESIAN_POINT('',(0.0687404952489163,-0.0421787891626704,0.00393700787401575));
#7760=CARTESIAN_POINT('',(0.0413385826771654,-0.0492125984251968,0.00393700787401575));
#7761=CARTESIAN_POINT('',(0.0692175174572635,-0.0440920207407825,0.00393700787401575));
#7762=CARTESIAN_POINT('Origin',(0.0692175174572635,-0.0440920207407825,
0.00944881889763779));
#7763=CARTESIAN_POINT('',(0.0740793551527585,-0.0408083548127087,0.00944881889763779));
#7764=CARTESIAN_POINT('Origin',(0.0687404952489163,-0.0421787891626704,
0.00944881889763779));
#7765=CARTESIAN_POINT('',(0.0745656041375249,-0.0427585929697607,0.00944881889763779));
#7766=CARTESIAN_POINT('Origin',(0.0692294975783554,-0.0441400703820394,
0.0141732283464567));
#7767=CARTESIAN_POINT('',(0.0740793551527585,-0.0408083548127087,0.0141732283464567));
#7768=CARTESIAN_POINT('',(0.0745775842586168,-0.0428066426110176,0.0141732283464567));
#7769=CARTESIAN_POINT('Origin',(0.0687404952489163,-0.0421787891626704,
0.0141732283464567));
#7770=CARTESIAN_POINT('Origin',(0.0326771653543307,2.00083321589089E-18,
0.0322834645669291));
#7771=CARTESIAN_POINT('',(0.0326771653543307,-0.0492125984251968,0.0322834645669291));
#7772=CARTESIAN_POINT('',(0.0326771653543307,-0.0265748031496063,0.0322834645669291));
#7773=CARTESIAN_POINT('',(0.0326771653543307,-0.0492125984251968,0.0340551181102362));
#7774=CARTESIAN_POINT('',(0.0326771653543307,-0.0492125984251968,0.0417322834645669));
#7775=CARTESIAN_POINT('',(0.0326771653543307,2.00083321589089E-18,0.0340551181102362));
#7776=CARTESIAN_POINT('Origin',(0.0326771653543307,2.00083321589089E-18,
0.0322834645669291));
#7777=CARTESIAN_POINT('',(0.0326771653543307,0.0492125984251968,0.0340551181102362));
#7778=CARTESIAN_POINT('',(0.0326771653543307,2.00083321589089E-18,0.0340551181102362));
#7779=CARTESIAN_POINT('',(0.0326771653543307,0.0492125984251968,0.0322834645669291));
#7780=CARTESIAN_POINT('',(0.0326771653543307,0.0492125984251968,0.0417322834645669));
#7781=CARTESIAN_POINT('',(0.0326771653543307,0.0265748031496063,0.0322834645669291));
#7782=CARTESIAN_POINT('Origin',(0.037007874015748,2.26600388305715E-18,
0.0340551181102362));
#7783=CARTESIAN_POINT('',(0.0413385826771654,-0.0492125984251968,0.0340551181102362));
#7784=CARTESIAN_POINT('Origin',(0.037007874015748,-0.0492125984251968,0.0340551181102362));
#7785=CARTESIAN_POINT('',(0.0413385826771654,2.53117455022342E-18,0.0340551181102362));
#7786=CARTESIAN_POINT('Origin',(0.037007874015748,2.26600388305715E-18,
0.0340551181102362));
#7787=CARTESIAN_POINT('Origin',(0.037007874015748,0.0492125984251968,0.0340551181102362));
#7788=CARTESIAN_POINT('Origin',(-0.037007874015748,-2.26600388305715E-18,
0.0340551181102362));
#7789=CARTESIAN_POINT('',(-0.0326771653543307,0.0492125984251968,0.0340551181102362));
#7790=CARTESIAN_POINT('',(-0.0326771653543307,-2.00083321589089E-18,0.0340551181102362));
#7791=CARTESIAN_POINT('',(-0.0413385826771654,0.0492125984251968,0.0340551181102362));
#7792=CARTESIAN_POINT('Origin',(-0.037007874015748,0.0492125984251968,0.0340551181102362));
#7793=CARTESIAN_POINT('',(-0.0413385826771654,-2.53117455022342E-18,0.0340551181102362));
#7794=CARTESIAN_POINT('Origin',(-0.0326771653543307,-2.00083321589089E-18,
0.0340551181102362));
#7795=CARTESIAN_POINT('',(-0.0326771653543307,0.0492125984251968,0.0322834645669291));
#7796=CARTESIAN_POINT('',(-0.0326771653543307,0.0265748031496063,0.0322834645669291));
#7797=CARTESIAN_POINT('',(-0.0326771653543307,0.0492125984251968,0.0426181102362205));
#7798=CARTESIAN_POINT('Origin',(-0.0326771653543307,-2.00083321589089E-18,
0.0340551181102362));
#7799=CARTESIAN_POINT('',(-0.0326771653543307,-0.0492125984251968,0.0322834645669291));
#7800=CARTESIAN_POINT('',(-0.0326771653543307,-0.0492125984251968,0.0340551181102362));
#7801=CARTESIAN_POINT('',(-0.0326771653543307,-0.0492125984251968,0.0426181102362203));
#7802=CARTESIAN_POINT('',(-0.0326771653543307,-0.0265748031496063,0.0322834645669291));
#7803=CARTESIAN_POINT('',(-0.0326771653543307,-2.00083321589089E-18,0.0340551181102362));
#7804=CARTESIAN_POINT('Origin',(-0.037007874015748,-2.26600388305715E-18,
0.0340551181102362));
#7805=CARTESIAN_POINT('Origin',(-0.037007874015748,-0.0492125984251968,
0.0340551181102362));
#7806=CARTESIAN_POINT('Origin',(8.43404711637717E-19,0.0531496062992126,
0.0322834645669291));
#7807=CARTESIAN_POINT('',(0.0590551181102362,0.0492125984251968,0.0322834645669291));
#7808=CARTESIAN_POINT('Origin',(-0.0590551181102362,0.0492125984251968,
0.0511811023622047));
#7809=CARTESIAN_POINT('',(0.0413385826771653,0.0492125984251968,0.0425010569093307));
#7810=CARTESIAN_POINT('',(0.0413385826771653,0.0492125984251968,0.0417322834645669));
#7811=CARTESIAN_POINT('',(0.0413385826771654,0.0492125984251968,0.0433070866141732));
#7812=CARTESIAN_POINT('',(0.0413385826771654,0.0492125984251968,0.0433070866141732));
#7813=CARTESIAN_POINT('',(0.0590551181102362,0.0492125984251968,0.0433070866141732));
#7814=CARTESIAN_POINT('',(-0.00442913385826772,0.0492125984251968,0.0433070866141732));
#7815=CARTESIAN_POINT('',(0.0590551181102362,0.0492125984251968,0.047244094488189));
#7816=CARTESIAN_POINT('',(0.0590551181102362,0.0492125984251968,0.0511811023622047));
#7817=CARTESIAN_POINT('',(-0.0590551181102362,0.0492125984251968,0.047244094488189));
#7818=CARTESIAN_POINT('',(-0.0295275590551181,0.0492125984251968,0.047244094488189));
#7819=CARTESIAN_POINT('',(-0.0590551181102362,0.0492125984251968,0.0433070866141732));
#7820=CARTESIAN_POINT('',(-0.0590551181102362,0.0492125984251968,0.0511811023622047));
#7821=CARTESIAN_POINT('',(-0.0413385826771654,0.0492125984251968,0.0433070866141732));
#7822=CARTESIAN_POINT('',(-0.0590551181102362,0.0492125984251968,0.0433070866141732));
#7823=CARTESIAN_POINT('',(-0.0413385826771654,0.0492125984251968,0.047244094488189));
#7824=CARTESIAN_POINT('Origin',(0.0590551181102362,0.0492125984251968,0.0511811023622047));
#7825=CARTESIAN_POINT('',(0.0590551181102362,0.0492125984251968,0.0590551181102362));
#7826=CARTESIAN_POINT('Origin',(0.0590551181102362,0.0492125984251968,0.0511811023622047));
#7827=CARTESIAN_POINT('',(0.0590551181102362,0.0492125984251968,0.0511811023622047));
#7828=CARTESIAN_POINT('',(0.0590551181102362,0.0492125984251968,0.0511811023622047));
#7829=CARTESIAN_POINT('',(0.0590551181102362,0.045275590551181,0.0511811023622047));
#7830=CARTESIAN_POINT('',(0.0590551181102362,0.0246062992125984,0.0511811023622047));
#7831=CARTESIAN_POINT('Origin',(0.0590551181102362,0.045275590551181,0.047244094488189));
#7832=CARTESIAN_POINT('',(0.0590551181102362,0.0492125984251968,0.0433070866141732));
#7833=CARTESIAN_POINT('Ctrl Pts',(0.0645669291338583,0.0492125984251968,
0.0433070866141732));
#7834=CARTESIAN_POINT('Ctrl Pts',(0.0645669291338583,0.0472251001920906,
0.0354330708661417));
#7835=CARTESIAN_POINT('Ctrl Pts',(0.0645669291338583,0.0452376019589843,
0.0275590551181102));
#7836=CARTESIAN_POINT('Ctrl Pts',(0.0645669291338583,0.0432501037258781,
0.0196850393700787));
#7837=CARTESIAN_POINT('Ctrl Pts',(0.0568241469816273,0.0492125984251968,
0.0433070866141732));
#7838=CARTESIAN_POINT('Ctrl Pts',(0.0568241469816273,0.047887599603126,
0.0354330708661417));
#7839=CARTESIAN_POINT('Ctrl Pts',(0.0568241469816273,0.0465626007810551,
0.0275590551181102));
#7840=CARTESIAN_POINT('Ctrl Pts',(0.0568241469816273,0.0452376019589843,
0.0196850393700787));
#7841=CARTESIAN_POINT('Ctrl Pts',(0.0490813648293963,0.0492125984251968,
0.0433070866141732));
#7842=CARTESIAN_POINT('Ctrl Pts',(0.0490813648293963,0.0485500990141614,
0.0354330708661417));
#7843=CARTESIAN_POINT('Ctrl Pts',(0.0490813648293963,0.047887599603126,
0.0275590551181102));
#7844=CARTESIAN_POINT('Ctrl Pts',(0.0490813648293963,0.0472251001920906,
0.0196850393700787));
#7845=CARTESIAN_POINT('Ctrl Pts',(0.0413385826771654,0.0492125984251968,
0.0433070866141732));
#7846=CARTESIAN_POINT('Ctrl Pts',(0.0413385826771654,0.0492125984251968,
0.0354330708661417));
#7847=CARTESIAN_POINT('Ctrl Pts',(0.0413385826771654,0.0492125984251968,
0.0275590551181102));
#7848=CARTESIAN_POINT('Ctrl Pts',(0.0413385826771654,0.0492125984251968,
0.0196850393700787));
#7849=CARTESIAN_POINT('',(0.0413385826771654,0.0492125984251968,0.0196850393700787));
#7850=CARTESIAN_POINT('Origin',(0.0413385826771654,0.0492125984251968,0.00393700787401575));
#7851=CARTESIAN_POINT('',(0.0413385826771654,0.0492125984251968,0.00393700787401575));
#7852=CARTESIAN_POINT('Origin',(0.0502188890071105,0.0509003844743272,0.00393700787401575));
#7853=CARTESIAN_POINT('Origin',(0.0740793551527585,-0.0408083548127087,
0.00393700787401575));
#7854=CARTESIAN_POINT('',(0.0740793551527585,-0.0408083548127087,0.00393700787401575));
#7855=CARTESIAN_POINT('Origin',(0.0413385826771654,-0.0570866141732283,
0.00393700787401575));
#7856=CARTESIAN_POINT('',(0.0413385826771654,-0.0492125984251968,0.0196850393700787));
#7857=CARTESIAN_POINT('',(0.0413385826771654,-0.0492125984251968,0.0417322834645669));
#7858=CARTESIAN_POINT('',(0.0413385826771654,-0.0492125984251968,0.00393700787401575));
#7859=CARTESIAN_POINT('Ctrl Pts',(0.0645669291338584,-0.0492125984251968,
0.0433070866141732));
#7860=CARTESIAN_POINT('Ctrl Pts',(0.0645669291338584,-0.0472251001920905,
0.0354330708661417));
#7861=CARTESIAN_POINT('Ctrl Pts',(0.0645669291338584,-0.0452376019589843,
0.0275590551181102));
#7862=CARTESIAN_POINT('Ctrl Pts',(0.0645669291338584,-0.0432501037258781,
0.0196850393700787));
#7863=CARTESIAN_POINT('Ctrl Pts',(0.0568241469816274,-0.0492125984251968,
0.0433070866141732));
#7864=CARTESIAN_POINT('Ctrl Pts',(0.0568241469816274,-0.047887599603126,
0.0354330708661417));
#7865=CARTESIAN_POINT('Ctrl Pts',(0.0568241469816274,-0.0465626007810551,
0.0275590551181102));
#7866=CARTESIAN_POINT('Ctrl Pts',(0.0568241469816274,-0.0452376019589843,
0.0196850393700787));
#7867=CARTESIAN_POINT('Ctrl Pts',(0.0490813648293964,-0.0492125984251968,
0.0433070866141732));
#7868=CARTESIAN_POINT('Ctrl Pts',(0.0490813648293964,-0.0485500990141614,
0.0354330708661417));
#7869=CARTESIAN_POINT('Ctrl Pts',(0.0490813648293964,-0.047887599603126,
0.0275590551181102));
#7870=CARTESIAN_POINT('Ctrl Pts',(0.0490813648293964,-0.0472251001920905,
0.0196850393700787));
#7871=CARTESIAN_POINT('Ctrl Pts',(0.0413385826771654,-0.0492125984251968,
0.0433070866141732));
#7872=CARTESIAN_POINT('Ctrl Pts',(0.0413385826771654,-0.0492125984251968,
0.0354330708661417));
#7873=CARTESIAN_POINT('Ctrl Pts',(0.0413385826771654,-0.0492125984251968,
0.0275590551181102));
#7874=CARTESIAN_POINT('Ctrl Pts',(0.0413385826771654,-0.0492125984251968,
0.0196850393700787));
#7875=CARTESIAN_POINT('',(0.0590551181102362,-0.0492125984251968,0.0433070866141732));
#7876=CARTESIAN_POINT('',(0.0413385826771654,-0.0492125984251968,0.0433070866141732));
#7877=CARTESIAN_POINT('',(0.0546259842519685,-0.0492125984251968,0.0433070866141732));
#7878=CARTESIAN_POINT('',(0.0590551181102362,-0.0492125984251968,0.0433070866141732));
#7879=CARTESIAN_POINT('',(0.0590551181102362,-0.0446649329765639,0.0196850393700787));
#7880=CARTESIAN_POINT('',(0.0413385826771654,-0.0492125984251968,0.0425010569093307));
#7881=CARTESIAN_POINT('',(0.0413385826771654,-0.0492125984251968,0.0417322834645669));
#7882=CARTESIAN_POINT('',(0.0413385826771654,-0.0492125984251968,0.0433070866141732));
#7883=CARTESIAN_POINT('Origin',(0.0413385826771654,-0.0492125984251968,
0.00393700787401575));
#7884=CARTESIAN_POINT('Origin',(0.0590551181102362,-0.0492125984251968,
0.0511811023622047));
#7885=CARTESIAN_POINT('',(-0.0590551181102362,-0.0492125984251968,0.0322834645669291));
#7886=CARTESIAN_POINT('',(-0.0413385826771654,-0.0492125984251968,0.0433070866141732));
#7887=CARTESIAN_POINT('',(-0.0413385826771653,-0.0492125984251968,0.047244094488189));
#7888=CARTESIAN_POINT('',(2.95616634591669E-18,-0.0492125984251968,0.0433070866141732));
#7889=CARTESIAN_POINT('',(0.0590551181102362,-0.0492125984251968,0.047244094488189));
#7890=CARTESIAN_POINT('',(0.0295275590551181,-0.0492125984251968,0.047244094488189));
#7891=CARTESIAN_POINT('',(0.0590551181102362,-0.0492125984251968,0.0511811023622047));
#7892=CARTESIAN_POINT('Origin',(-0.0740793551527585,0.0408083548127087,
0.00393700787401575));
#7893=CARTESIAN_POINT('',(-0.0740793551527585,0.0408083548127087,0.00393700787401575));
#7894=CARTESIAN_POINT('Origin',(-0.0413385826771654,0.0570866141732283,
0.00393700787401575));
#7895=CARTESIAN_POINT('',(-0.0413385826771654,0.0492125984251968,0.0196850393700787));
#7896=CARTESIAN_POINT('',(-0.0413385826771654,0.0492125984251968,0.047244094488189));
#7897=CARTESIAN_POINT('',(-0.0413385826771654,0.0492125984251968,0.00393700787401575));
#7898=CARTESIAN_POINT('Ctrl Pts',(-0.0645669291338584,0.0492125984251968,
0.0433070866141732));
#7899=CARTESIAN_POINT('Ctrl Pts',(-0.0645669291338584,0.0472251001920905,
0.0354330708661417));
#7900=CARTESIAN_POINT('Ctrl Pts',(-0.0645669291338584,0.0452376019589843,
0.0275590551181102));
#7901=CARTESIAN_POINT('Ctrl Pts',(-0.0645669291338584,0.0432501037258781,
0.0196850393700787));
#7902=CARTESIAN_POINT('Ctrl Pts',(-0.0568241469816274,0.0492125984251968,
0.0433070866141732));
#7903=CARTESIAN_POINT('Ctrl Pts',(-0.0568241469816274,0.047887599603126,
0.0354330708661417));
#7904=CARTESIAN_POINT('Ctrl Pts',(-0.0568241469816274,0.0465626007810551,
0.0275590551181102));
#7905=CARTESIAN_POINT('Ctrl Pts',(-0.0568241469816274,0.0452376019589843,
0.0196850393700787));
#7906=CARTESIAN_POINT('Ctrl Pts',(-0.0490813648293964,0.0492125984251968,
0.0433070866141732));
#7907=CARTESIAN_POINT('Ctrl Pts',(-0.0490813648293964,0.0485500990141614,
0.0354330708661417));
#7908=CARTESIAN_POINT('Ctrl Pts',(-0.0490813648293964,0.047887599603126,
0.0275590551181102));
#7909=CARTESIAN_POINT('Ctrl Pts',(-0.0490813648293964,0.0472251001920905,
0.0196850393700787));
#7910=CARTESIAN_POINT('Ctrl Pts',(-0.0413385826771654,0.0492125984251968,
0.0433070866141732));
#7911=CARTESIAN_POINT('Ctrl Pts',(-0.0413385826771654,0.0492125984251968,
0.0354330708661417));
#7912=CARTESIAN_POINT('Ctrl Pts',(-0.0413385826771654,0.0492125984251968,
0.0275590551181102));
#7913=CARTESIAN_POINT('Ctrl Pts',(-0.0413385826771654,0.0492125984251968,
0.0196850393700787));
#7914=CARTESIAN_POINT('',(-0.0590551181102362,0.0492125984251968,0.0433070866141732));
#7915=CARTESIAN_POINT('',(-0.0590551181102362,0.0446649329765639,0.0196850393700787));
#7916=CARTESIAN_POINT('Origin',(-0.0413385826771654,0.0492125984251968,
0.00393700787401575));
#7917=CARTESIAN_POINT('Ctrl Pts',(-0.0645669291338583,-0.0492125984251968,
0.0433070866141732));
#7918=CARTESIAN_POINT('Ctrl Pts',(-0.0645669291338583,-0.0472251001920906,
0.0354330708661417));
#7919=CARTESIAN_POINT('Ctrl Pts',(-0.0645669291338583,-0.0452376019589843,
0.0275590551181102));
#7920=CARTESIAN_POINT('Ctrl Pts',(-0.0645669291338583,-0.0432501037258781,
0.0196850393700787));
#7921=CARTESIAN_POINT('Ctrl Pts',(-0.0568241469816273,-0.0492125984251968,
0.0433070866141732));
#7922=CARTESIAN_POINT('Ctrl Pts',(-0.0568241469816273,-0.047887599603126,
0.0354330708661417));
#7923=CARTESIAN_POINT('Ctrl Pts',(-0.0568241469816273,-0.0465626007810551,
0.0275590551181102));
#7924=CARTESIAN_POINT('Ctrl Pts',(-0.0568241469816273,-0.0452376019589843,
0.0196850393700787));
#7925=CARTESIAN_POINT('Ctrl Pts',(-0.0490813648293963,-0.0492125984251968,
0.0433070866141732));
#7926=CARTESIAN_POINT('Ctrl Pts',(-0.0490813648293963,-0.0485500990141614,
0.0354330708661417));
#7927=CARTESIAN_POINT('Ctrl Pts',(-0.0490813648293963,-0.047887599603126,
0.0275590551181102));
#7928=CARTESIAN_POINT('Ctrl Pts',(-0.0490813648293963,-0.0472251001920906,
0.0196850393700787));
#7929=CARTESIAN_POINT('Ctrl Pts',(-0.0413385826771654,-0.0492125984251968,
0.0433070866141732));
#7930=CARTESIAN_POINT('Ctrl Pts',(-0.0413385826771654,-0.0492125984251968,
0.0354330708661417));
#7931=CARTESIAN_POINT('Ctrl Pts',(-0.0413385826771654,-0.0492125984251968,
0.0275590551181102));
#7932=CARTESIAN_POINT('Ctrl Pts',(-0.0413385826771654,-0.0492125984251968,
0.0196850393700787));
#7933=CARTESIAN_POINT('Origin',(-0.0590551181102362,-0.0526693857764003,
0.00393700787401575));
#7934=CARTESIAN_POINT('Origin',(0.0590551181102362,-0.0570866141732283,
0.0511811023622047));
#7935=CARTESIAN_POINT('',(0.0590551181102362,-0.045275590551181,0.0511811023622047));
#7936=CARTESIAN_POINT('Origin',(0.0590551181102362,-0.045275590551181,0.047244094488189));
#7937=CARTESIAN_POINT('',(0.0590551181102362,-0.0492125984251968,0.0511811023622047));
#7938=CARTESIAN_POINT('',(0.0590551181102362,-0.0285433070866142,0.0511811023622047));
#7939=CARTESIAN_POINT('',(0.0590551181102362,-0.0492125984251968,0.0590551181102362));
#7940=CARTESIAN_POINT('',(0.0590551181102362,-0.0492125984251968,0.0511811023622047));
#7941=CARTESIAN_POINT('Origin',(0.0590551181102362,-0.0492125984251968,
0.0511811023622047));
#7942=CARTESIAN_POINT('Origin',(-0.0688976377952756,-0.0285433070866142,
0.0511811023622047));
#7943=CARTESIAN_POINT('',(-0.0748031496062992,0.015748031496063,0.0563892742343791));
#7944=CARTESIAN_POINT('',(-0.0767716535433071,0.015748031496063,0.0511811023622047));
#7945=CARTESIAN_POINT('Origin',(-0.0688976377952756,0.015748031496063,0.0511811023622047));
#7946=CARTESIAN_POINT('',(-0.0767716535433071,-0.015748031496063,0.0511811023622047));
#7947=CARTESIAN_POINT('',(-0.0767716535433071,-0.0285433070866142,0.0511811023622047));
#7948=CARTESIAN_POINT('',(-0.0748031496062992,-0.015748031496063,0.0563892742343791));
#7949=CARTESIAN_POINT('Origin',(-0.0688976377952756,-0.015748031496063,
0.0511811023622047));
#7950=CARTESIAN_POINT('',(-0.0688976377952756,-0.0216535433070866,0.0590551181102362));
#7951=CARTESIAN_POINT('Ctrl Pts',(-0.0748031496062992,-0.015748031496063,
0.0563892742343791));
#7952=CARTESIAN_POINT('Ctrl Pts',(-0.0746055924319227,-0.015748031496063,
0.0566132830142863));
#7953=CARTESIAN_POINT('Ctrl Pts',(-0.07439713031987,-0.0157579935732582,
0.0568238642766308));
#7954=CARTESIAN_POINT('Ctrl Pts',(-0.0738287552707642,-0.0158182189377921,
0.0573381901072178));
#7955=CARTESIAN_POINT('Ctrl Pts',(-0.0734164157585785,-0.0158954834864042,
0.0576482469867717));
#7956=CARTESIAN_POINT('Ctrl Pts',(-0.0725692037142026,-0.0161692242107898,
0.0581645635760129));
#7957=CARTESIAN_POINT('Ctrl Pts',(-0.072134545680064,-0.0163660128971281,
0.0583710094774313));
#7958=CARTESIAN_POINT('Ctrl Pts',(-0.0712748143137825,-0.0168858098433526,
0.0587048307829458));
#7959=CARTESIAN_POINT('Ctrl Pts',(-0.070747368862959,-0.0173223136227119,
0.0588446027498152));
#7960=CARTESIAN_POINT('Ctrl Pts',(-0.0699210931984495,-0.01826307217721,
0.0590014483726193));
#7961=CARTESIAN_POINT('Ctrl Pts',(-0.0695340745084038,-0.0188901014681905,
0.059032917388304));
#7962=CARTESIAN_POINT('Ctrl Pts',(-0.0690223589551081,-0.0202455650109208,
0.0590589627015028));
#7963=CARTESIAN_POINT('Ctrl Pts',(-0.0688976377952756,-0.0209739592871722,
0.0590551181102362));
#7964=CARTESIAN_POINT('Ctrl Pts',(-0.0688976377952756,-0.0216535433070866,
0.0590551181102362));
#7965=CARTESIAN_POINT('',(-0.0688976377952756,0.0216535433070866,0.0590551181102362));
#7966=CARTESIAN_POINT('',(-0.0688976377952756,-0.0285433070866142,0.0590551181102362));
#7967=CARTESIAN_POINT('Ctrl Pts',(-0.0688976377952756,0.0216535433070866,
0.0590551181102362));
#7968=CARTESIAN_POINT('Ctrl Pts',(-0.0688976377952756,0.0209739592871722,
0.0590551181102362));
#7969=CARTESIAN_POINT('Ctrl Pts',(-0.0690223589551081,0.0202455650109208,
0.0590589627015028));
#7970=CARTESIAN_POINT('Ctrl Pts',(-0.0695340745084038,0.0188901014681905,
0.059032917388304));
#7971=CARTESIAN_POINT('Ctrl Pts',(-0.0699210931984495,0.01826307217721,
0.0590014483726193));
#7972=CARTESIAN_POINT('Ctrl Pts',(-0.070747368862959,0.0173223136227119,
0.0588446027498152));
#7973=CARTESIAN_POINT('Ctrl Pts',(-0.0712748143137825,0.0168858098433526,
0.0587048307829458));
#7974=CARTESIAN_POINT('Ctrl Pts',(-0.072134545680064,0.0163660128971281,
0.0583710094774313));
#7975=CARTESIAN_POINT('Ctrl Pts',(-0.0725692037142026,0.0161692242107898,
0.0581645635760129));
#7976=CARTESIAN_POINT('Ctrl Pts',(-0.0734164157585785,0.0158954834864042,
0.0576482469867717));
#7977=CARTESIAN_POINT('Ctrl Pts',(-0.0738287552707642,0.0158182189377921,
0.0573381901072178));
#7978=CARTESIAN_POINT('Ctrl Pts',(-0.0743971355165114,0.015757993022619,
0.0568238595741603));
#7979=CARTESIAN_POINT('Ctrl Pts',(-0.0746055953792074,0.015748031496063,
0.0566132796723796));
#7980=CARTESIAN_POINT('Ctrl Pts',(-0.0748031496062992,0.015748031496063,
0.0563892742343791));
#7981=CARTESIAN_POINT('Origin',(-0.0767716535433071,0.015748031496063,0.0590551181102362));
#7982=CARTESIAN_POINT('',(-0.0748031496062992,0.015748031496063,0.0511811023622047));
#7983=CARTESIAN_POINT('',(-0.0748031496062992,0.015748031496063,0.0590551181102362));
#7984=CARTESIAN_POINT('',(-0.0649606299212598,0.015748031496063,0.0511811023622047));
#7985=CARTESIAN_POINT('',(-0.0383858267716535,0.015748031496063,0.0511811023622047));
#7986=CARTESIAN_POINT('',(-0.0688976377952756,0.015748031496063,0.047244094488189));
#7987=CARTESIAN_POINT('Origin',(-0.0649606299212598,0.015748031496063,0.047244094488189));
#7988=CARTESIAN_POINT('',(-0.0688976377952756,0.015748031496063,0.0275590551181102));
#7989=CARTESIAN_POINT('',(-0.0688976377952756,0.015748031496063,0.0511811023622047));
#7990=CARTESIAN_POINT('',(-0.0767716535433071,0.015748031496063,0.0275590551181102));
#7991=CARTESIAN_POINT('',(-0.0767716535433071,0.015748031496063,0.0275590551181102));
#7992=CARTESIAN_POINT('',(-0.0767716535433071,0.015748031496063,0.0551181102362205));
#7993=CARTESIAN_POINT('Origin',(-0.0748031496062992,0.0216535433070866,
0.0590551181102362));
#7994=CARTESIAN_POINT('',(-0.0688976377952756,0.0216535433070866,0.0511811023622047));
#7995=CARTESIAN_POINT('',(-0.0688976377952756,0.0216535433070866,0.0590551181102362));
#7996=CARTESIAN_POINT('Origin',(-0.0748031496062992,0.0216535433070866,
0.0511811023622047));
#7997=CARTESIAN_POINT('Origin',(2.15279708334169E-48,3.67627990737785E-35,
0.0590551181102362));
#7998=CARTESIAN_POINT('',(-0.0688976377952756,-0.0255905511811024,0.0590551181102362));
#7999=CARTESIAN_POINT('',(-0.0688976377952756,-0.015748031496063,0.0590551181102362));
#8000=CARTESIAN_POINT('',(-0.0748031496062992,-0.031496062992126,0.0590551181102362));
#8001=CARTESIAN_POINT('Origin',(-0.0748031496062992,-0.0255905511811024,
0.0590551181102362));
#8002=CARTESIAN_POINT('',(-0.0767716535433071,-0.031496062992126,0.0590551181102362));
#8003=CARTESIAN_POINT('',(-0.0383858267716535,-0.031496062992126,0.0590551181102362));
#8004=CARTESIAN_POINT('',(-0.0767716535433071,-0.0492125984251968,0.0590551181102362));
#8005=CARTESIAN_POINT('',(-0.0767716535433071,-0.0570866141732283,0.0590551181102362));
#8006=CARTESIAN_POINT('',(-0.0383858267716535,-0.0492125984251968,0.0590551181102362));
#8007=CARTESIAN_POINT('',(0.0383858267716536,-0.0492125984251968,0.0590551181102362));
#8008=CARTESIAN_POINT('',(0.0767716535433071,-0.0492125984251968,0.0590551181102362));
#8009=CARTESIAN_POINT('',(0.0295275590551181,-0.0492125984251968,0.0590551181102362));
#8010=CARTESIAN_POINT('',(0.0767716535433071,-0.031496062992126,0.0590551181102362));
#8011=CARTESIAN_POINT('',(0.0767716535433071,0.0570866141732283,0.0590551181102362));
#8012=CARTESIAN_POINT('',(0.0748031496062992,-0.031496062992126,0.0590551181102362));
#8013=CARTESIAN_POINT('',(0.0344488188976378,-0.031496062992126,0.0590551181102362));
#8014=CARTESIAN_POINT('',(0.0688976377952756,-0.0255905511811024,0.0590551181102362));
#8015=CARTESIAN_POINT('Origin',(0.0748031496062992,-0.0255905511811024,
0.0590551181102362));
#8016=CARTESIAN_POINT('',(0.0688976377952756,-0.0216535433070866,0.0590551181102362));
#8017=CARTESIAN_POINT('',(0.0688976377952756,-0.0078740157480315,0.0590551181102362));
#8018=CARTESIAN_POINT('',(0.0688976377952756,0.0216535433070866,0.0590551181102362));
#8019=CARTESIAN_POINT('',(0.0688976377952756,0.0285433070866142,0.0590551181102362));
#8020=CARTESIAN_POINT('',(0.0688976377952756,0.0255905511811024,0.0590551181102362));
#8021=CARTESIAN_POINT('',(0.0688976377952756,0.015748031496063,0.0590551181102362));
#8022=CARTESIAN_POINT('',(0.0748031496062992,0.031496062992126,0.0590551181102362));
#8023=CARTESIAN_POINT('Origin',(0.0748031496062992,0.0255905511811024,0.0590551181102362));
#8024=CARTESIAN_POINT('',(0.0767716535433071,0.031496062992126,0.0590551181102362));
#8025=CARTESIAN_POINT('',(0.0383858267716535,0.031496062992126,0.0590551181102362));
#8026=CARTESIAN_POINT('',(0.0767716535433071,0.0492125984251968,0.0590551181102362));
#8027=CARTESIAN_POINT('',(0.0767716535433071,0.0570866141732283,0.0590551181102362));
#8028=CARTESIAN_POINT('',(0.0383858267716535,0.0492125984251968,0.0590551181102362));
#8029=CARTESIAN_POINT('',(-0.0590551181102362,0.0492125984251968,0.0590551181102362));
#8030=CARTESIAN_POINT('',(-0.0383858267716535,0.0492125984251968,0.0590551181102362));
#8031=CARTESIAN_POINT('',(-0.0767716535433071,0.0492125984251968,0.0590551181102362));
#8032=CARTESIAN_POINT('',(-0.0295275590551181,0.0492125984251968,0.0590551181102362));
#8033=CARTESIAN_POINT('',(-0.0767716535433071,0.031496062992126,0.0590551181102362));
#8034=CARTESIAN_POINT('',(-0.0767716535433071,-0.0570866141732283,0.0590551181102362));
#8035=CARTESIAN_POINT('',(-0.0748031496062992,0.031496062992126,0.0590551181102362));
#8036=CARTESIAN_POINT('',(-0.0344488188976378,0.031496062992126,0.0590551181102362));
#8037=CARTESIAN_POINT('',(-0.0688976377952756,0.0255905511811024,0.0590551181102362));
#8038=CARTESIAN_POINT('Origin',(-0.0748031496062992,0.0255905511811024,
0.0590551181102362));
#8039=CARTESIAN_POINT('',(-0.0688976377952756,0.0078740157480315,0.0590551181102362));
#8040=CARTESIAN_POINT('',(0.0413385826771654,7.5936908459113E-18,0.0590551181102362));
#8041=CARTESIAN_POINT('Origin',(2.15279708334169E-48,3.67627990737785E-35,
0.0590551181102362));
#8042=CARTESIAN_POINT('Origin',(0.0688976377952756,0.0285433070866142,0.0511811023622047));
#8043=CARTESIAN_POINT('',(0.0748031496062992,-0.015748031496063,0.0563892742343791));
#8044=CARTESIAN_POINT('',(0.0767716535433071,-0.015748031496063,0.0511811023622047));
#8045=CARTESIAN_POINT('Origin',(0.0688976377952756,-0.015748031496063,0.0511811023622047));
#8046=CARTESIAN_POINT('',(0.0767716535433071,0.015748031496063,0.0511811023622047));
#8047=CARTESIAN_POINT('',(0.0767716535433071,0.0285433070866142,0.0511811023622047));
#8048=CARTESIAN_POINT('',(0.0748031496062992,0.015748031496063,0.0563892742343791));
#8049=CARTESIAN_POINT('Origin',(0.0688976377952756,0.015748031496063,0.0511811023622047));
#8050=CARTESIAN_POINT('Ctrl Pts',(0.0748031496062992,0.015748031496063,
0.0563892742343791));
#8051=CARTESIAN_POINT('Ctrl Pts',(0.0746055924319227,0.015748031496063,
0.0566132830142863));
#8052=CARTESIAN_POINT('Ctrl Pts',(0.07439713031987,0.0157579935732583,0.0568238642766308));
#8053=CARTESIAN_POINT('Ctrl Pts',(0.0738287552707642,0.0158182189377921,
0.0573381901072178));
#8054=CARTESIAN_POINT('Ctrl Pts',(0.0734164157585785,0.0158954834864042,
0.0576482469867717));
#8055=CARTESIAN_POINT('Ctrl Pts',(0.0725692037142026,0.0161692242107898,
0.0581645635760129));
#8056=CARTESIAN_POINT('Ctrl Pts',(0.072134545680064,0.0163660128971281,
0.0583710094774313));
#8057=CARTESIAN_POINT('Ctrl Pts',(0.0712748143137825,0.0168858098433526,
0.0587048307829459));
#8058=CARTESIAN_POINT('Ctrl Pts',(0.070747368862959,0.0173223136227119,
0.0588446027498152));
#8059=CARTESIAN_POINT('Ctrl Pts',(0.0699210931984495,0.01826307217721,0.0590014483726193));
#8060=CARTESIAN_POINT('Ctrl Pts',(0.0695340745084038,0.0188901014681905,
0.059032917388304));
#8061=CARTESIAN_POINT('Ctrl Pts',(0.0690223589551081,0.0202455650109208,
0.0590589627015028));
#8062=CARTESIAN_POINT('Ctrl Pts',(0.0688976377952756,0.0209739592871722,
0.0590551181102362));
#8063=CARTESIAN_POINT('Ctrl Pts',(0.0688976377952756,0.0216535433070866,
0.0590551181102362));
#8064=CARTESIAN_POINT('Ctrl Pts',(0.0688976377952756,-0.0216535433070866,
0.0590551181102362));
#8065=CARTESIAN_POINT('Ctrl Pts',(0.0688976377952756,-0.0209739592871722,
0.0590551181102362));
#8066=CARTESIAN_POINT('Ctrl Pts',(0.0690223589551081,-0.0202455650109208,
0.0590589627015028));
#8067=CARTESIAN_POINT('Ctrl Pts',(0.0695340745084038,-0.0188901014681905,
0.059032917388304));
#8068=CARTESIAN_POINT('Ctrl Pts',(0.0699210931984495,-0.01826307217721,
0.0590014483726193));
#8069=CARTESIAN_POINT('Ctrl Pts',(0.070747368862959,-0.0173223136227119,
0.0588446027498152));
#8070=CARTESIAN_POINT('Ctrl Pts',(0.0712748143137825,-0.0168858098433525,
0.0587048307829459));
#8071=CARTESIAN_POINT('Ctrl Pts',(0.072134545680064,-0.0163660128971281,
0.0583710094774313));
#8072=CARTESIAN_POINT('Ctrl Pts',(0.0725692037142026,-0.0161692242107898,
0.0581645635760129));
#8073=CARTESIAN_POINT('Ctrl Pts',(0.0734164157585785,-0.0158954834864042,
0.0576482469867717));
#8074=CARTESIAN_POINT('Ctrl Pts',(0.0738287552707643,-0.0158182189377921,
0.0573381901072178));
#8075=CARTESIAN_POINT('Ctrl Pts',(0.0743971355165114,-0.015757993022619,
0.0568238595741603));
#8076=CARTESIAN_POINT('Ctrl Pts',(0.0746055953792074,-0.015748031496063,
0.0566132796723797));
#8077=CARTESIAN_POINT('Ctrl Pts',(0.0748031496062992,-0.015748031496063,
0.0563892742343791));
#8078=CARTESIAN_POINT('Origin',(0.0767716535433071,-0.015748031496063,0.0590551181102362));
#8079=CARTESIAN_POINT('',(0.0748031496062992,-0.015748031496063,0.0511811023622047));
#8080=CARTESIAN_POINT('',(0.0748031496062992,-0.015748031496063,0.0590551181102362));
#8081=CARTESIAN_POINT('',(0.0649606299212598,-0.015748031496063,0.0511811023622047));
#8082=CARTESIAN_POINT('',(0.0383858267716535,-0.015748031496063,0.0511811023622047));
#8083=CARTESIAN_POINT('',(0.0688976377952756,-0.015748031496063,0.047244094488189));
#8084=CARTESIAN_POINT('Origin',(0.0649606299212598,-0.015748031496063,0.047244094488189));
#8085=CARTESIAN_POINT('',(0.0688976377952756,-0.015748031496063,0.0275590551181102));
#8086=CARTESIAN_POINT('',(0.0688976377952756,-0.015748031496063,0.0511811023622047));
#8087=CARTESIAN_POINT('',(0.0767716535433071,-0.015748031496063,0.0275590551181102));
#8088=CARTESIAN_POINT('',(0.0767716535433071,-0.015748031496063,0.0275590551181102));
#8089=CARTESIAN_POINT('',(0.0767716535433071,-0.015748031496063,0.0551181102362205));
#8090=CARTESIAN_POINT('Origin',(0.0748031496062992,-0.0216535433070866,
0.0590551181102362));
#8091=CARTESIAN_POINT('',(0.0688976377952756,-0.0216535433070866,0.0511811023622047));
#8092=CARTESIAN_POINT('',(0.0688976377952756,-0.0216535433070866,0.0590551181102362));
#8093=CARTESIAN_POINT('Origin',(0.0748031496062992,-0.0216535433070866,
0.0511811023622047));
#8094=CARTESIAN_POINT('Origin',(-0.0383858267716535,0.0492125984251968,
0.0511811023622047));
#8095=CARTESIAN_POINT('Origin',(-0.0590551181102362,0.0492125984251968,
0.0511811023622047));
#8096=CARTESIAN_POINT('Origin',(0.0383858267716536,-0.0492125984251968,
0.0511811023622047));
#8097=CARTESIAN_POINT('Origin',(0.0649606299212598,0.0078740157480315,0.047244094488189));
#8098=CARTESIAN_POINT('',(0.0649606299212598,0.015748031496063,0.0511811023622047));
#8099=CARTESIAN_POINT('',(0.0688976377952756,0.015748031496063,0.047244094488189));
#8100=CARTESIAN_POINT('Origin',(0.0649606299212598,0.015748031496063,0.047244094488189));
#8101=CARTESIAN_POINT('',(0.0688976377952756,0.0078740157480315,0.047244094488189));
#8102=CARTESIAN_POINT('',(0.0649606299212598,0.0078740157480315,0.0511811023622047));
#8103=CARTESIAN_POINT('Origin',(0.0688976377952756,0.015748031496063,0.0511811023622047));
#8104=CARTESIAN_POINT('',(0.0688976377952756,0.015748031496063,0.0275590551181102));
#8105=CARTESIAN_POINT('',(0.0688976377952756,0.015748031496063,0.0511811023622047));
#8106=CARTESIAN_POINT('',(0.0688976377952756,-0.015748031496063,0.0275590551181102));
#8107=CARTESIAN_POINT('Origin',(-0.0649606299212598,-0.0078740157480315,
0.047244094488189));
#8108=CARTESIAN_POINT('',(-0.0649606299212598,-0.015748031496063,0.0511811023622047));
#8109=CARTESIAN_POINT('',(-0.0688976377952756,-0.015748031496063,0.047244094488189));
#8110=CARTESIAN_POINT('Origin',(-0.0649606299212598,-0.015748031496063,
0.047244094488189));
#8111=CARTESIAN_POINT('',(-0.0688976377952756,-0.0078740157480315,0.047244094488189));
#8112=CARTESIAN_POINT('',(-0.0649606299212598,-0.0078740157480315,0.0511811023622047));
#8113=CARTESIAN_POINT('Origin',(-0.0688976377952756,-0.015748031496063,
0.0511811023622047));
#8114=CARTESIAN_POINT('',(-0.0688976377952756,-0.015748031496063,0.0275590551181102));
#8115=CARTESIAN_POINT('',(-0.0688976377952756,-0.015748031496063,0.0511811023622047));
#8116=CARTESIAN_POINT('',(-0.0688976377952756,0.015748031496063,0.0275590551181102));
#8117=CARTESIAN_POINT('Origin',(-0.0295275590551181,0.045275590551181,0.047244094488189));
#8118=CARTESIAN_POINT('',(-0.0590551181102362,0.045275590551181,0.0511811023622047));
#8119=CARTESIAN_POINT('',(-0.0295275590551181,0.045275590551181,0.0511811023622047));
#8120=CARTESIAN_POINT('Origin',(-0.0590551181102362,0.045275590551181,0.047244094488189));
#8121=CARTESIAN_POINT('Origin',(0.0295275590551181,-0.045275590551181,0.047244094488189));
#8122=CARTESIAN_POINT('',(0.0295275590551181,-0.045275590551181,0.0511811023622047));
#8123=CARTESIAN_POINT('Origin',(0.0748031496062992,0.0255905511811024,0.0590551181102362));
#8124=CARTESIAN_POINT('',(0.0688976377952756,0.0255905511811024,0.0511811023622047));
#8125=CARTESIAN_POINT('',(0.0688976377952756,0.0255905511811024,0.0590551181102362));
#8126=CARTESIAN_POINT('',(0.0748031496062992,0.031496062992126,0.0511811023622047));
#8127=CARTESIAN_POINT('Origin',(0.0748031496062992,0.0255905511811024,0.0511811023622047));
#8128=CARTESIAN_POINT('',(0.0748031496062992,0.031496062992126,0.0590551181102362));
#8129=CARTESIAN_POINT('Origin',(0.0688976377952756,0.031496062992126,0.0590551181102362));
#8130=CARTESIAN_POINT('',(0.0688976377952756,0.0216535433070866,0.0511811023622047));
#8131=CARTESIAN_POINT('',(0.0688976377952756,0.0216535433070866,0.0590551181102362));
#8132=CARTESIAN_POINT('',(0.0688976377952756,0.015748031496063,0.0511811023622047));
#8133=CARTESIAN_POINT('Origin',(0.0748031496062992,0.0216535433070866,0.0590551181102362));
#8134=CARTESIAN_POINT('',(0.0748031496062992,0.015748031496063,0.0511811023622047));
#8135=CARTESIAN_POINT('',(0.0748031496062992,0.015748031496063,0.0590551181102362));
#8136=CARTESIAN_POINT('Origin',(0.0748031496062992,0.0216535433070866,0.0511811023622047));
#8137=CARTESIAN_POINT('Origin',(0.0748031496062992,-0.0255905511811024,
0.0590551181102362));
#8138=CARTESIAN_POINT('',(0.0748031496062992,-0.031496062992126,0.0511811023622047));
#8139=CARTESIAN_POINT('',(0.0748031496062992,-0.031496062992126,0.0590551181102362));
#8140=CARTESIAN_POINT('',(0.0688976377952756,-0.0255905511811024,0.0511811023622047));
#8141=CARTESIAN_POINT('Origin',(0.0748031496062992,-0.0255905511811024,
0.0511811023622047));
#8142=CARTESIAN_POINT('',(0.0688976377952756,-0.0255905511811024,0.0590551181102362));
#8143=CARTESIAN_POINT('Origin',(0.0688976377952756,-0.031496062992126,0.0590551181102362));
#8144=CARTESIAN_POINT('',(0.0767716535433071,-0.031496062992126,0.0511811023622047));
#8145=CARTESIAN_POINT('',(0.0767716535433071,-0.031496062992126,0.0551181102362205));
#8146=CARTESIAN_POINT('',(0.0344488188976378,-0.031496062992126,0.0511811023622047));
#8147=CARTESIAN_POINT('Origin',(-0.0748031496062992,-0.0255905511811024,
0.0590551181102362));
#8148=CARTESIAN_POINT('',(-0.0688976377952756,-0.0255905511811024,0.0511811023622047));
#8149=CARTESIAN_POINT('',(-0.0688976377952756,-0.0255905511811024,0.0590551181102362));
#8150=CARTESIAN_POINT('',(-0.0748031496062992,-0.031496062992126,0.0511811023622047));
#8151=CARTESIAN_POINT('Origin',(-0.0748031496062992,-0.0255905511811024,
0.0511811023622047));
#8152=CARTESIAN_POINT('',(-0.0748031496062992,-0.031496062992126,0.0590551181102362));
#8153=CARTESIAN_POINT('Origin',(-0.0688976377952756,-0.031496062992126,
0.0590551181102362));
#8154=CARTESIAN_POINT('',(-0.0688976377952756,-0.0216535433070866,0.0511811023622047));
#8155=CARTESIAN_POINT('',(-0.0688976377952756,-0.0216535433070866,0.0590551181102362));
#8156=CARTESIAN_POINT('',(-0.0688976377952756,-0.015748031496063,0.0511811023622047));
#8157=CARTESIAN_POINT('Origin',(-0.0748031496062992,-0.0216535433070866,
0.0590551181102362));
#8158=CARTESIAN_POINT('',(-0.0748031496062992,-0.015748031496063,0.0511811023622047));
#8159=CARTESIAN_POINT('',(-0.0748031496062992,-0.015748031496063,0.0590551181102362));
#8160=CARTESIAN_POINT('Origin',(-0.0748031496062992,-0.0216535433070866,
0.0511811023622047));
#8161=CARTESIAN_POINT('Origin',(-0.0748031496062992,0.0255905511811024,
0.0590551181102362));
#8162=CARTESIAN_POINT('',(-0.0748031496062992,0.031496062992126,0.0511811023622047));
#8163=CARTESIAN_POINT('',(-0.0748031496062992,0.031496062992126,0.0590551181102362));
#8164=CARTESIAN_POINT('',(-0.0688976377952756,0.0255905511811024,0.0511811023622047));
#8165=CARTESIAN_POINT('Origin',(-0.0748031496062992,0.0255905511811024,
0.0511811023622047));
#8166=CARTESIAN_POINT('',(-0.0688976377952756,0.0255905511811024,0.0590551181102362));
#8167=CARTESIAN_POINT('Origin',(-0.0688976377952756,0.031496062992126,0.0590551181102362));
#8168=CARTESIAN_POINT('',(-0.0767716535433071,0.031496062992126,0.0511811023622047));
#8169=CARTESIAN_POINT('',(-0.0767716535433071,0.031496062992126,0.0551181102362205));
#8170=CARTESIAN_POINT('',(-0.0344488188976378,0.031496062992126,0.0511811023622047));
#8171=CARTESIAN_POINT('Origin',(0.0767716535433071,0.0492125984251968,0.0511811023622047));
#8172=CARTESIAN_POINT('',(0.0767716535433071,0.0492125984251968,0.0511811023622047));
#8173=CARTESIAN_POINT('',(0.0767716535433071,0.0492125984251968,0.0511811023622047));
#8174=CARTESIAN_POINT('',(0.0383858267716535,0.0492125984251968,0.0511811023622047));
#8175=CARTESIAN_POINT('Origin',(-0.0590551181102362,0.0492125984251968,
0.0511811023622047));
#8176=CARTESIAN_POINT('',(-0.0590551181102362,0.0492125984251968,0.0511811023622047));
#8177=CARTESIAN_POINT('',(-0.0590551181102362,0.0492125984251968,0.0511811023622047));
#8178=CARTESIAN_POINT('',(-0.0767716535433071,0.0492125984251968,0.0511811023622047));
#8179=CARTESIAN_POINT('',(-0.0295275590551181,0.0492125984251968,0.0511811023622047));
#8180=CARTESIAN_POINT('',(-0.0767716535433071,0.0492125984251968,0.0511811023622047));
#8181=CARTESIAN_POINT('Origin',(-0.0767716535433071,-0.0492125984251968,
0.0511811023622047));
#8182=CARTESIAN_POINT('',(-0.0767716535433071,-0.0492125984251968,0.0511811023622047));
#8183=CARTESIAN_POINT('',(-0.0767716535433071,-0.0492125984251968,0.0511811023622047));
#8184=CARTESIAN_POINT('',(-0.0383858267716535,-0.0492125984251968,0.0511811023622047));
#8185=CARTESIAN_POINT('Origin',(0.0590551181102362,-0.0492125984251968,
0.0511811023622047));
#8186=CARTESIAN_POINT('',(0.0767716535433071,-0.0492125984251968,0.0511811023622047));
#8187=CARTESIAN_POINT('',(0.0295275590551181,-0.0492125984251968,0.0511811023622047));
#8188=CARTESIAN_POINT('',(0.0767716535433071,-0.0492125984251968,0.0511811023622047));
#8189=CARTESIAN_POINT('Origin',(-0.0767716535433071,-0.0570866141732283,
0.0511811023622047));
#8190=CARTESIAN_POINT('',(-0.0767716535433071,-0.031496062992126,0.0511811023622047));
#8191=CARTESIAN_POINT('',(-0.0767716535433071,-0.031496062992126,0.0551181102362205));
#8192=CARTESIAN_POINT('',(-0.0767716535433071,-0.0570866141732283,0.0511811023622047));
#8193=CARTESIAN_POINT('Origin',(0.0728346456692913,3.09376449641865E-18,
0.0275590551181102));
#8194=CARTESIAN_POINT('',(0.0767716535433071,0.015748031496063,0.0275590551181102));
#8195=CARTESIAN_POINT('',(0.0688976377952756,0.015748031496063,0.0275590551181102));
#8196=CARTESIAN_POINT('',(0.0767716535433071,0.015748031496063,0.0275590551181102));
#8197=CARTESIAN_POINT('Origin',(-0.0728346456692913,-7.104614050753E-18,
0.0275590551181102));
#8198=CARTESIAN_POINT('',(-0.0767716535433071,-0.015748031496063,0.0275590551181102));
#8199=CARTESIAN_POINT('',(-0.0688976377952756,-0.015748031496063,0.0275590551181102));
#8200=CARTESIAN_POINT('',(-0.0767716535433071,-0.015748031496063,0.0275590551181102));
#8201=CARTESIAN_POINT('Origin',(-0.0767716535433071,-0.031496062992126,
0.0590551181102362));
#8202=CARTESIAN_POINT('',(-0.0383858267716535,-0.031496062992126,0.0511811023622047));
#8203=CARTESIAN_POINT('Origin',(-0.0688976377952756,-0.015748031496063,
0.0590551181102362));
#8204=CARTESIAN_POINT('',(-0.0767716535433071,-0.015748031496063,0.0551181102362205));
#8205=CARTESIAN_POINT('',(-0.0344488188976378,-0.015748031496063,0.0511811023622047));
#8206=CARTESIAN_POINT('Origin',(-0.0688976377952756,0.015748031496063,0.0590551181102362));
#8207=CARTESIAN_POINT('',(-0.0688976377952756,0.0078740157480315,0.0511811023622047));
#8208=CARTESIAN_POINT('Origin',(0.0688976377952756,0.015748031496063,0.0590551181102362));
#8209=CARTESIAN_POINT('',(0.0767716535433071,0.015748031496063,0.0551181102362205));
#8210=CARTESIAN_POINT('',(0.0344488188976378,0.015748031496063,0.0511811023622047));
#8211=CARTESIAN_POINT('Origin',(0.0767716535433071,0.031496062992126,0.0590551181102362));
#8212=CARTESIAN_POINT('',(0.0767716535433071,0.031496062992126,0.0511811023622047));
#8213=CARTESIAN_POINT('',(0.0383858267716535,0.031496062992126,0.0511811023622047));
#8214=CARTESIAN_POINT('',(0.0767716535433071,0.031496062992126,0.0551181102362205));
#8215=CARTESIAN_POINT('Origin',(0.0688976377952756,-0.015748031496063,0.0590551181102362));
#8216=CARTESIAN_POINT('',(0.0688976377952756,-0.0078740157480315,0.0511811023622047));
#8217=CARTESIAN_POINT('Origin',(-0.0767716535433071,-0.0570866141732283,
0.0511811023622047));
#8218=CARTESIAN_POINT('',(-0.0767716535433071,-0.0570866141732283,0.0511811023622047));
#8219=CARTESIAN_POINT('Origin',(0.0767716535433071,0.0570866141732283,0.0511811023622047));
#8220=CARTESIAN_POINT('Origin',(0.0767716535433071,0.0570866141732283,0.0511811023622047));
#8221=CARTESIAN_POINT('',(0.0767716535433071,0.0570866141732283,0.0511811023622047));
#8222=CARTESIAN_POINT('Origin',(7.19692063335142E-18,-0.0531496062992126,
0.0322834645669291));
#8223=CARTESIAN_POINT('Origin',(-0.0590551181102362,0.0570866141732283,
0.0511811023622047));
#8224=CARTESIAN_POINT('',(-0.0590551181102362,0.0285433070866142,0.0511811023622047));
#8225=CARTESIAN_POINT('Origin',(2.73184799366426E-18,8.47311142419932E-19,
0.0511811023622047));
#8226=CARTESIAN_POINT('',(0.0767716535433071,0.0570866141732283,0.0511811023622047));
#8227=CARTESIAN_POINT('',(0.0413385826771654,7.5936908459113E-18,0.0511811023622047));
#8228=CARTESIAN_POINT('Origin',(2.1550480812082E-48,-6.97696816291153E-49,
0.0511811023622047));
#8229=CARTESIAN_POINT('Origin',(2.1550480812082E-48,-6.97696816291153E-49,
0.0511811023622047));
#8230=CARTESIAN_POINT('',(0.0413385826771654,7.5936908459113E-18,0.0511811023622047));
#8231=CARTESIAN_POINT('Origin',(0.0767716535433071,0.0570866141732283,0.0511811023622047));
#8232=CARTESIAN_POINT('Origin',(-0.0767716535433071,-0.0570866141732283,
0.0511811023622047));
#8233=CARTESIAN_POINT('Origin',(-4.09777199049639E-18,-5.12056177870499E-19,
0.0570866141732283));
#8234=CARTESIAN_POINT('',(-0.0374015748031496,-0.0413385826771653,0.0570866141732283));
#8235=CARTESIAN_POINT('',(-0.0570866141732283,-0.0216535433070866,0.0570866141732283));
#8236=CARTESIAN_POINT('Origin',(-0.0374015748031496,-0.0216535433070866,
0.0570866141732283));
#8237=CARTESIAN_POINT('',(0.0374015748031496,-0.0413385826771654,0.0570866141732283));
#8238=CARTESIAN_POINT('',(0.0374015748031496,-0.0413385826771654,0.0570866141732283));
#8239=CARTESIAN_POINT('',(0.0570866141732283,-0.0216535433070866,0.0570866141732283));
#8240=CARTESIAN_POINT('Origin',(0.0374015748031496,-0.0216535433070866,
0.0570866141732283));
#8241=CARTESIAN_POINT('',(0.0570866141732283,0.0216535433070866,0.0570866141732283));
#8242=CARTESIAN_POINT('',(0.0570866141732283,0.0216535433070866,0.0570866141732283));
#8243=CARTESIAN_POINT('',(0.0374015748031496,0.0413385826771653,0.0570866141732283));
#8244=CARTESIAN_POINT('Origin',(0.0374015748031496,0.0216535433070866,0.0570866141732283));
#8245=CARTESIAN_POINT('',(-0.0374015748031496,0.0413385826771654,0.0570866141732283));
#8246=CARTESIAN_POINT('',(-0.0374015748031496,0.0413385826771654,0.0570866141732283));
#8247=CARTESIAN_POINT('',(-0.0570866141732283,0.0216535433070866,0.0570866141732283));
#8248=CARTESIAN_POINT('Origin',(-0.0374015748031496,0.0216535433070866,
0.0570866141732283));
#8249=CARTESIAN_POINT('',(-0.0570866141732283,-0.0216535433070866,0.0570866141732283));
#8250=CARTESIAN_POINT('',(0.0393700787401575,4.82144409113131E-18,0.0570866141732283));
#8251=CARTESIAN_POINT('Origin',(0.,0.,0.0570866141732283));
#8252=CARTESIAN_POINT('Origin',(-0.0374015748031496,-0.0413385826771653,
0.0570866141732283));
#8253=CARTESIAN_POINT('',(-0.0374015748031496,-0.0413385826771653,0.0452755905511811));
#8254=CARTESIAN_POINT('',(0.0374015748031496,-0.0413385826771654,0.0452755905511811));
#8255=CARTESIAN_POINT('',(0.0374015748031496,-0.0413385826771654,0.0452755905511811));
#8256=CARTESIAN_POINT('',(0.0374015748031496,-0.0413385826771654,0.0570866141732283));
#8257=CARTESIAN_POINT('',(-0.0374015748031496,-0.0413385826771653,0.0570866141732283));
#8258=CARTESIAN_POINT('Origin',(0.0374015748031496,-0.0216535433070866,
0.0570866141732283));
#8259=CARTESIAN_POINT('',(0.0570866141732283,-0.0216535433070866,0.0452755905511811));
#8260=CARTESIAN_POINT('Origin',(0.0374015748031496,-0.0216535433070866,
0.0452755905511811));
#8261=CARTESIAN_POINT('',(0.0570866141732283,-0.0216535433070866,0.0570866141732283));
#8262=CARTESIAN_POINT('Origin',(0.0570866141732283,-0.0216535433070866,
0.0570866141732283));
#8263=CARTESIAN_POINT('',(0.0570866141732283,0.0216535433070866,0.0452755905511811));
#8264=CARTESIAN_POINT('',(0.0570866141732283,0.0216535433070866,0.0452755905511811));
#8265=CARTESIAN_POINT('',(0.0570866141732283,0.0216535433070866,0.0570866141732283));
#8266=CARTESIAN_POINT('Origin',(0.0374015748031496,0.0216535433070866,0.0570866141732283));
#8267=CARTESIAN_POINT('',(0.0374015748031496,0.0413385826771653,0.0452755905511811));
#8268=CARTESIAN_POINT('Origin',(0.0374015748031496,0.0216535433070866,0.0452755905511811));
#8269=CARTESIAN_POINT('',(0.0374015748031496,0.0413385826771653,0.0570866141732283));
#8270=CARTESIAN_POINT('Origin',(0.0374015748031496,0.0413385826771653,0.0570866141732283));
#8271=CARTESIAN_POINT('',(-0.0374015748031496,0.0413385826771654,0.0452755905511811));
#8272=CARTESIAN_POINT('',(-0.0374015748031496,0.0413385826771654,0.0452755905511811));
#8273=CARTESIAN_POINT('',(-0.0374015748031496,0.0413385826771654,0.0570866141732283));
#8274=CARTESIAN_POINT('Origin',(-0.0374015748031496,0.0216535433070866,
0.0570866141732283));
#8275=CARTESIAN_POINT('',(-0.0570866141732283,0.0216535433070866,0.0452755905511811));
#8276=CARTESIAN_POINT('Origin',(-0.0374015748031496,0.0216535433070866,
0.0452755905511811));
#8277=CARTESIAN_POINT('',(-0.0570866141732283,0.0216535433070866,0.0570866141732283));
#8278=CARTESIAN_POINT('Origin',(-0.0570866141732283,0.0216535433070866,
0.0570866141732283));
#8279=CARTESIAN_POINT('',(-0.0570866141732283,-0.0216535433070866,0.0452755905511811));
#8280=CARTESIAN_POINT('',(-0.0570866141732283,-0.0216535433070866,0.0452755905511811));
#8281=CARTESIAN_POINT('',(-0.0570866141732283,-0.0216535433070866,0.0570866141732283));
#8282=CARTESIAN_POINT('Origin',(-0.0374015748031496,-0.0216535433070866,
0.0570866141732283));
#8283=CARTESIAN_POINT('Origin',(-0.0374015748031496,-0.0216535433070866,
0.0452755905511811));
#8284=CARTESIAN_POINT('Origin',(-3.6370867513545E-18,0.,0.0452755905511811));
#8285=CARTESIAN_POINT('Origin',(0.,0.,0.0748031496062992));
#8286=CARTESIAN_POINT('',(0.0393700787401575,4.82144409113131E-18,0.0748031496062992));
#8287=CARTESIAN_POINT('Origin',(0.,0.,0.0748031496062992));
#8288=CARTESIAN_POINT('',(0.0354330708661417,-4.33929968201818E-18,0.078740157480315));
#8289=CARTESIAN_POINT('Origin',(0.0354330708661417,-4.33929968201818E-18,
0.0748031496062992));
#8290=CARTESIAN_POINT('Origin',(0.,0.,0.078740157480315));
#8291=CARTESIAN_POINT('Origin',(0.,0.,0.0570866141732283));
#8292=CARTESIAN_POINT('',(0.0393700787401575,4.82144409113131E-18,0.0570866141732283));
#8293=CARTESIAN_POINT('Origin',(0.,0.,0.078740157480315));
#8294=CARTESIAN_POINT('Origin',(0.0688976377952756,-0.0196850393700788,
0.00551181102362207));
#8295=CARTESIAN_POINT('',(0.0688976377952756,0.0196850393700787,1.40007209675293E-17));
#8296=CARTESIAN_POINT('',(0.0688976377952756,0.0196850393700787,0.00551181102362207));
#8297=CARTESIAN_POINT('',(0.0688976377952756,0.0196850393700787,0.00614983439151767));
#8298=CARTESIAN_POINT('',(0.0688976377952756,-0.0196850393700788,1.40007209675293E-17));
#8299=CARTESIAN_POINT('',(0.0688976377952756,-0.0098425196850394,1.74155309596097E-17));
#8300=CARTESIAN_POINT('',(0.0688976377952756,-0.0196850393700788,0.00551181102362207));
#8301=CARTESIAN_POINT('',(0.0688976377952756,-0.0196850393700788,0.00614983439151767));
#8302=CARTESIAN_POINT('',(0.0688976377952756,-0.0098425196850394,0.00551181102362207));
#8303=CARTESIAN_POINT('Origin',(0.0753240743466718,-0.0196850393700788,
0.00678785775941327));
#8304=CARTESIAN_POINT('',(0.0795748531274775,-0.0196850393700788,2.0488859952482E-17));
#8305=CARTESIAN_POINT('',(0.0570866141732283,-0.0196850393700788,1.40007209675293E-17));
#8306=CARTESIAN_POINT('',(0.0865932642004052,-0.0196850393700788,0.0061057948975169));
#8307=CARTESIAN_POINT('Origin',(0.0795748531274775,-0.0196850393700788,
0.00708661417322837));
#8308=CARTESIAN_POINT('',(0.0884909565113703,-0.0196850393700788,0.0196850393700788));
#8309=CARTESIAN_POINT('',(0.0865932642004052,-0.0196850393700788,0.0061057948975169));
#8310=CARTESIAN_POINT('',(0.0830321923435376,-0.0196850393700788,0.0204478988067432));
#8311=CARTESIAN_POINT('',(0.0884909565113703,-0.0196850393700788,0.0196850393700788));
#8312=CARTESIAN_POINT('',(0.0811345000325725,-0.0196850393700788,0.00686865433418138));
#8313=CARTESIAN_POINT('',(0.0830321923435376,-0.0196850393700788,0.0204478988067432));
#8314=CARTESIAN_POINT('',(0.0795748531274775,-0.0196850393700788,0.00551181102362207));
#8315=CARTESIAN_POINT('Origin',(0.0795748531274775,-0.0196850393700788,
0.00708661417322837));
#8316=CARTESIAN_POINT('',(0.0795748531274775,-0.0196850393700788,0.00551181102362207));
#8317=CARTESIAN_POINT('Origin',(0.0795748531274775,-3.75148363240181E-17,
2.0488859952482E-17));
#8318=CARTESIAN_POINT('',(0.0795748531274775,0.0196850393700787,2.0488859952482E-17));
#8319=CARTESIAN_POINT('',(0.0570866141732283,0.0196850393700787,1.40007209675293E-17));
#8320=CARTESIAN_POINT('',(0.0795748531274775,-3.75148363240181E-17,2.0488859952482E-17));
#8321=CARTESIAN_POINT('Origin',(0.0753240743466718,0.0196850393700787,0.00678785775941327));
#8322=CARTESIAN_POINT('',(0.0795748531274775,0.0196850393700787,0.00551181102362207));
#8323=CARTESIAN_POINT('',(0.0795748531274775,0.0196850393700787,0.00551181102362207));
#8324=CARTESIAN_POINT('',(0.0811345000325725,0.0196850393700787,0.00686865433418138));
#8325=CARTESIAN_POINT('Origin',(0.0795748531274775,0.0196850393700787,0.00708661417322837));
#8326=CARTESIAN_POINT('',(0.0830321923435376,0.0196850393700787,0.0204478988067432));
#8327=CARTESIAN_POINT('',(0.0830321923435376,0.0196850393700787,0.0204478988067432));
#8328=CARTESIAN_POINT('',(0.0884909565113703,0.0196850393700787,0.0196850393700788));
#8329=CARTESIAN_POINT('',(0.0884909565113703,0.0196850393700787,0.0196850393700788));
#8330=CARTESIAN_POINT('',(0.0865932642004052,0.0196850393700787,0.0061057948975169));
#8331=CARTESIAN_POINT('',(0.0865932642004052,0.0196850393700787,0.0061057948975169));
#8332=CARTESIAN_POINT('Origin',(0.0795748531274775,0.0196850393700787,0.00708661417322837));
#8333=CARTESIAN_POINT('Origin',(0.0570866141732283,-3.43939662402331E-17,
0.00551181102362207));
#8334=CARTESIAN_POINT('',(0.0795748531274775,-3.75148363240181E-17,0.00551181102362207));
#8335=CARTESIAN_POINT('Origin',(0.0795748531274775,-3.75148363240181E-17,
0.00708661417322837));
#8336=CARTESIAN_POINT('',(0.0811345000325725,-3.77312808120583E-17,0.00686865433418138));
#8337=CARTESIAN_POINT('Origin',(0.0811345000325725,-3.77312808120583E-17,
0.00686865433418138));
#8338=CARTESIAN_POINT('',(0.0830321923435376,-3.79946385242192E-17,0.0204478988067432));
#8339=CARTESIAN_POINT('Origin',(0.0830321923435376,-3.79946385242192E-17,
0.0204478988067432));
#8340=CARTESIAN_POINT('',(0.0884909565113703,-3.87521942323601E-17,0.0196850393700788));
#8341=CARTESIAN_POINT('Origin',(0.0884909565113703,-3.87521942323601E-17,
0.0196850393700788));
#8342=CARTESIAN_POINT('',(0.0865932642004052,-3.84888365201991E-17,0.0061057948975169));
#8343=CARTESIAN_POINT('Origin',(0.0795748531274775,-3.75148363240181E-17,
0.00708661417322837));
#8344=CARTESIAN_POINT('Origin',(-0.0688976377952756,0.0196850393700788,
0.00551181102362207));
#8345=CARTESIAN_POINT('',(-0.0688976377952756,-0.0196850393700787,1.40007209675293E-17));
#8346=CARTESIAN_POINT('',(-0.0688976377952756,-0.0196850393700787,0.00551181102362207));
#8347=CARTESIAN_POINT('',(-0.0688976377952756,-0.0196850393700787,0.00614983439151767));
#8348=CARTESIAN_POINT('',(-0.0688976377952756,0.0196850393700788,1.40007209675293E-17));
#8349=CARTESIAN_POINT('',(-0.0688976377952756,0.0098425196850394,1.74155309596097E-17));
#8350=CARTESIAN_POINT('',(-0.0688976377952756,0.0196850393700788,0.00551181102362207));
#8351=CARTESIAN_POINT('',(-0.0688976377952756,0.0196850393700788,0.00614983439151767));
#8352=CARTESIAN_POINT('',(-0.0688976377952756,0.0098425196850394,0.00551181102362207));
#8353=CARTESIAN_POINT('Origin',(-0.0753240743466718,0.0196850393700788,
0.00678785775941327));
#8354=CARTESIAN_POINT('',(-0.0795748531274775,0.0196850393700788,2.0488859952482E-17));
#8355=CARTESIAN_POINT('',(-0.0570866141732283,0.0196850393700788,1.40007209675293E-17));
#8356=CARTESIAN_POINT('',(-0.0865932642004052,0.0196850393700788,0.0061057948975169));
#8357=CARTESIAN_POINT('Origin',(-0.0795748531274775,0.0196850393700788,
0.00708661417322837));
#8358=CARTESIAN_POINT('',(-0.0884909565113703,0.0196850393700788,0.0196850393700788));
#8359=CARTESIAN_POINT('',(-0.0865932642004052,0.0196850393700788,0.0061057948975169));
#8360=CARTESIAN_POINT('',(-0.0830321923435376,0.0196850393700788,0.0204478988067432));
#8361=CARTESIAN_POINT('',(-0.0884909565113703,0.0196850393700788,0.0196850393700788));
#8362=CARTESIAN_POINT('',(-0.0811345000325725,0.0196850393700788,0.00686865433418138));
#8363=CARTESIAN_POINT('',(-0.0830321923435376,0.0196850393700788,0.0204478988067432));
#8364=CARTESIAN_POINT('',(-0.0795748531274775,0.0196850393700788,0.00551181102362207));
#8365=CARTESIAN_POINT('Origin',(-0.0795748531274775,0.0196850393700788,
0.00708661417322837));
#8366=CARTESIAN_POINT('',(-0.0795748531274775,0.0196850393700788,0.00551181102362207));
#8367=CARTESIAN_POINT('Origin',(-0.0795748531274775,3.268602874624E-17,
2.0488859952482E-17));
#8368=CARTESIAN_POINT('',(-0.0795748531274775,-0.0196850393700787,2.0488859952482E-17));
#8369=CARTESIAN_POINT('',(-0.0570866141732284,-0.0196850393700787,1.40007209675293E-17));
#8370=CARTESIAN_POINT('',(-0.0795748531274775,3.268602874624E-17,2.0488859952482E-17));
#8371=CARTESIAN_POINT('Origin',(-0.0753240743466718,-0.0196850393700787,
0.00678785775941327));
#8372=CARTESIAN_POINT('',(-0.0795748531274775,-0.0196850393700787,0.00551181102362207));
#8373=CARTESIAN_POINT('',(-0.0795748531274775,-0.0196850393700787,0.00551181102362207));
#8374=CARTESIAN_POINT('',(-0.0811345000325725,-0.0196850393700787,0.00686865433418138));
#8375=CARTESIAN_POINT('Origin',(-0.0795748531274775,-0.0196850393700787,
0.00708661417322837));
#8376=CARTESIAN_POINT('',(-0.0830321923435377,-0.0196850393700787,0.0204478988067432));
#8377=CARTESIAN_POINT('',(-0.0830321923435377,-0.0196850393700787,0.0204478988067432));
#8378=CARTESIAN_POINT('',(-0.0884909565113703,-0.0196850393700787,0.0196850393700788));
#8379=CARTESIAN_POINT('',(-0.0884909565113703,-0.0196850393700787,0.0196850393700788));
#8380=CARTESIAN_POINT('',(-0.0865932642004052,-0.0196850393700787,0.0061057948975169));
#8381=CARTESIAN_POINT('',(-0.0865932642004052,-0.0196850393700787,0.0061057948975169));
#8382=CARTESIAN_POINT('Origin',(-0.0795748531274775,-0.0196850393700787,
0.00708661417322837));
#8383=CARTESIAN_POINT('Origin',(-0.0570866141732284,2.64442885786701E-17,
0.00551181102362207));
#8384=CARTESIAN_POINT('',(-0.0795748531274775,3.268602874624E-17,0.00551181102362207));
#8385=CARTESIAN_POINT('Origin',(-0.0795748531274775,3.268602874624E-17,
0.00708661417322837));
#8386=CARTESIAN_POINT('',(-0.0811345000325725,3.31189177223205E-17,0.00686865433418138));
#8387=CARTESIAN_POINT('Origin',(-0.0811345000325725,3.31189177223205E-17,
0.00686865433418138));
#8388=CARTESIAN_POINT('',(-0.0830321923435377,3.36456331466424E-17,0.0204478988067432));
#8389=CARTESIAN_POINT('Origin',(-0.0830321923435377,3.36456331466424E-17,
0.0204478988067432));
#8390=CARTESIAN_POINT('',(-0.0884909565113703,3.5160744562924E-17,0.0196850393700788));
#8391=CARTESIAN_POINT('Origin',(-0.0884909565113703,3.5160744562924E-17,
0.0196850393700788));
#8392=CARTESIAN_POINT('',(-0.0865932642004052,3.46340291386021E-17,0.0061057948975169));
#8393=CARTESIAN_POINT('Origin',(-0.0795748531274775,3.268602874624E-17,
0.00708661417322837));
#8394=UNCERTAINTY_MEASURE_WITH_UNIT(LENGTH_MEASURE(0.000393700787401575),
#8399,'DISTANCE_ACCURACY_VALUE',
'Maximum model space distance between geometric entities at asserted c
onnectivities');
#8395=UNCERTAINTY_MEASURE_WITH_UNIT(LENGTH_MEASURE(0.000393700787401575),
#8399,'DISTANCE_ACCURACY_VALUE',
'Maximum model space distance between geometric entities at asserted c
onnectivities');
#8396=(
GEOMETRIC_REPRESENTATION_CONTEXT(3)
GLOBAL_UNCERTAINTY_ASSIGNED_CONTEXT((#8394))
GLOBAL_UNIT_ASSIGNED_CONTEXT((#8399,#8403,#8404))
REPRESENTATION_CONTEXT('','3D')
);
#8397=(
GEOMETRIC_REPRESENTATION_CONTEXT(3)
GLOBAL_UNCERTAINTY_ASSIGNED_CONTEXT((#8395))
GLOBAL_UNIT_ASSIGNED_CONTEXT((#8399,#8403,#8404))
REPRESENTATION_CONTEXT('','3D')
);
#8398=DIMENSIONAL_EXPONENTS(1.,0.,0.,0.,0.,0.,0.);
#8399=(
CONVERSION_BASED_UNIT('inch',#8402)
LENGTH_UNIT()
NAMED_UNIT(#8398)
);
#8400=(
LENGTH_UNIT()
NAMED_UNIT(*)
SI_UNIT(.MILLI.,.METRE.)
);
#8401=(
LENGTH_UNIT()
NAMED_UNIT(*)
SI_UNIT(.CENTI.,.METRE.)
);
#8402=LENGTH_MEASURE_WITH_UNIT(LENGTH_MEASURE(25.4),#8400);
#8403=(
NAMED_UNIT(*)
PLANE_ANGLE_UNIT()
SI_UNIT($,.RADIAN.)
);
#8404=(
NAMED_UNIT(*)
SI_UNIT($,.STERADIAN.)
SOLID_ANGLE_UNIT()
);
#8405=SHAPE_DEFINITION_REPRESENTATION(#8406,#8407);
#8406=PRODUCT_DEFINITION_SHAPE('',$,#8409);
#8407=SHAPE_REPRESENTATION('',(#4714),#8396);
#8408=PRODUCT_DEFINITION_CONTEXT('part definition',#8413,'design');
#8409=PRODUCT_DEFINITION('P420000_Shrinkwrap_1','P420000_Shrinkwrap_1',
#8410,#8408);
#8410=PRODUCT_DEFINITION_FORMATION('',$,#8415);
#8411=PRODUCT_RELATED_PRODUCT_CATEGORY('P420000_Shrinkwrap_1',
'P420000_Shrinkwrap_1',(#8415));
#8412=APPLICATION_PROTOCOL_DEFINITION('international standard',
'automotive_design',2009,#8413);
#8413=APPLICATION_CONTEXT(
'Core Data for Automotive Mechanical Design Process');
#8414=PRODUCT_CONTEXT('part definition',#8413,'mechanical');
#8415=PRODUCT('P420000_Shrinkwrap_1','P420000_Shrinkwrap_1',$,(#8414));
#8416=PRESENTATION_STYLE_ASSIGNMENT((#8421));
#8417=PRESENTATION_STYLE_ASSIGNMENT((#8422));
#8418=PRESENTATION_STYLE_ASSIGNMENT((#8423));
#8419=PRESENTATION_STYLE_ASSIGNMENT((#8424));
#8420=PRESENTATION_STYLE_ASSIGNMENT((#8425));
#8421=SURFACE_STYLE_USAGE(.BOTH.,#8436);
#8422=SURFACE_STYLE_USAGE(.BOTH.,#8437);
#8423=SURFACE_STYLE_USAGE(.BOTH.,#8438);
#8424=SURFACE_STYLE_USAGE(.BOTH.,#8439);
#8425=SURFACE_STYLE_USAGE(.BOTH.,#8440);
#8426=SURFACE_STYLE_RENDERING_WITH_PROPERTIES($,#8456,(#8431));
#8427=SURFACE_STYLE_RENDERING_WITH_PROPERTIES($,#8457,(#8432));
#8428=SURFACE_STYLE_RENDERING_WITH_PROPERTIES($,#8458,(#8433));
#8429=SURFACE_STYLE_RENDERING_WITH_PROPERTIES($,#8459,(#8434));
#8430=SURFACE_STYLE_RENDERING_WITH_PROPERTIES($,#8460,(#8435));
#8431=SURFACE_STYLE_TRANSPARENT(0.);
#8432=SURFACE_STYLE_TRANSPARENT(0.);
#8433=SURFACE_STYLE_TRANSPARENT(0.);
#8434=SURFACE_STYLE_TRANSPARENT(0.);
#8435=SURFACE_STYLE_TRANSPARENT(0.);
#8436=SURFACE_SIDE_STYLE('',(#8441,#8426));
#8437=SURFACE_SIDE_STYLE('',(#8442,#8427));
#8438=SURFACE_SIDE_STYLE('',(#8443,#8428));
#8439=SURFACE_SIDE_STYLE('',(#8444,#8429));
#8440=SURFACE_SIDE_STYLE('',(#8445,#8430));
#8441=SURFACE_STYLE_FILL_AREA(#8446);
#8442=SURFACE_STYLE_FILL_AREA(#8447);
#8443=SURFACE_STYLE_FILL_AREA(#8448);
#8444=SURFACE_STYLE_FILL_AREA(#8449);
#8445=SURFACE_STYLE_FILL_AREA(#8450);
#8446=FILL_AREA_STYLE('',(#8451));
#8447=FILL_AREA_STYLE('',(#8452));
#8448=FILL_AREA_STYLE('',(#8453));
#8449=FILL_AREA_STYLE('',(#8454));
#8450=FILL_AREA_STYLE('',(#8455));
#8451=FILL_AREA_STYLE_COLOUR('',#8456);
#8452=FILL_AREA_STYLE_COLOUR('',#8457);
#8453=FILL_AREA_STYLE_COLOUR('',#8458);
#8454=FILL_AREA_STYLE_COLOUR('',#8459);
#8455=FILL_AREA_STYLE_COLOUR('',#8460);
#8456=COLOUR_RGB('',0.749019607843137,0.749019607843137,0.749019607843137);
#8457=COLOUR_RGB('',0.949019607843137,0.898039215686275,0.72156862745098);
#8458=COLOUR_RGB('',0.956862745098039,0.956862745098039,0.956862745098039);
#8459=COLOUR_RGB('',0.96078431372549,0.96078431372549,0.96078431372549);
#8460=COLOUR_RGB('',0.737254901960784,0.733333333333333,0.749019607843137);
ENDSEC;
END-ISO-10303-21;
