ISO-10303-21;
HEADER;
/* Generated by software containing ST-Developer
 * from STEP Tools, Inc. (www.steptools.com) 
 */
/* OPTION: using custom renumber hook */

FILE_DESCRIPTION(
/* description */ ('STEP AP214'),
/* implementation_level */ '2;1');

FILE_NAME(
/* name */ 'PTS636SP43LFS',
/* time_stamp */ '2025-05-09T21:03:32+02:00',
/* author */ ('License CC BY-ND 4.0'),
/* organization */ ('CADENAS'),
/* preprocessor_version */ 'ST-DEVELOPER v19.3',
/* originating_system */ 'PARTsolutions',
/* authorisation */ '  ');

FILE_SCHEMA (('AUTOMOTIVE_DESIGN {1 0 10303 214 3 1 1}'));
ENDSEC;

DATA;
#10=PROPERTY_DEFINITION_REPRESENTATION(#14,#12);
#11=PROPERTY_DEFINITION_REPRESENTATION(#15,#13);
#12=REPRESENTATION('',(#16),#8971);
#13=REPRESENTATION('',(#17),#8971);
#14=PROPERTY_DEFINITION('pmi validation property','',#8996);
#15=PROPERTY_DEFINITION('pmi validation property','',#8996);
#16=VALUE_REPRESENTATION_ITEM('number of annotations',COUNT_MEASURE(0.));
#17=VALUE_REPRESENTATION_ITEM('number of views',COUNT_MEASURE(0.));
#18=CONTEXT_DEPENDENT_SHAPE_REPRESENTATION(#38,#8998);
#19=CONTEXT_DEPENDENT_SHAPE_REPRESENTATION(#39,#9000);
#20=CONTEXT_DEPENDENT_SHAPE_REPRESENTATION(#40,#9002);
#21=CONTEXT_DEPENDENT_SHAPE_REPRESENTATION(#41,#9004);
#22=CONTEXT_DEPENDENT_SHAPE_REPRESENTATION(#42,#9006);
#23=CONTEXT_DEPENDENT_SHAPE_REPRESENTATION(#43,#9008);
#24=CONTEXT_DEPENDENT_SHAPE_REPRESENTATION(#44,#9010);
#25=CONTEXT_DEPENDENT_SHAPE_REPRESENTATION(#45,#9012);
#26=CONTEXT_DEPENDENT_SHAPE_REPRESENTATION(#46,#9014);
#27=CONTEXT_DEPENDENT_SHAPE_REPRESENTATION(#47,#9016);
#28=NEXT_ASSEMBLY_USAGE_OCCURRENCE('NAUO1','PTS636SP43LFS_PART1',
'PTS636SP43LFS_PART1',#9017,#9018,'');
#29=NEXT_ASSEMBLY_USAGE_OCCURRENCE('NAUO2','PTS636SP43LFS_PART2',
'PTS636SP43LFS_PART2',#9017,#9019,'');
#30=NEXT_ASSEMBLY_USAGE_OCCURRENCE('NAUO3','PTS636SP43LFS_PART3',
'PTS636SP43LFS_PART3',#9017,#9020,'');
#31=NEXT_ASSEMBLY_USAGE_OCCURRENCE('NAUO4','PTS636SP43LFS_PART4',
'PTS636SP43LFS_PART4',#9017,#9021,'');
#32=NEXT_ASSEMBLY_USAGE_OCCURRENCE('NAUO5','PTS636SP43LFS_PART5',
'PTS636SP43LFS_PART5',#9017,#9022,'');
#33=NEXT_ASSEMBLY_USAGE_OCCURRENCE('NAUO6','PTS636SP43LFS_PART6',
'PTS636SP43LFS_PART6',#9017,#9023,'');
#34=NEXT_ASSEMBLY_USAGE_OCCURRENCE('NAUO7','PTS636SP43LFS_PART7',
'PTS636SP43LFS_PART7',#9017,#9024,'');
#35=NEXT_ASSEMBLY_USAGE_OCCURRENCE('NAUO8','PTS636SP43LFS_PART8',
'PTS636SP43LFS_PART8',#9017,#9025,'');
#36=NEXT_ASSEMBLY_USAGE_OCCURRENCE('NAUO9','PTS636SP43LFS_PART9',
'PTS636SP43LFS_PART9',#9017,#9026,'');
#37=NEXT_ASSEMBLY_USAGE_OCCURRENCE('NAUO10','PTS636SP43LFS_PART10',
'PTS636SP43LFS_PART10',#9017,#9027,'');
#38=(
REPRESENTATION_RELATIONSHIP(' ',' ',#4970,#4969)
REPRESENTATION_RELATIONSHIP_WITH_TRANSFORMATION(#48)
SHAPE_REPRESENTATION_RELATIONSHIP()
);
#39=(
REPRESENTATION_RELATIONSHIP(' ',' ',#4971,#4969)
REPRESENTATION_RELATIONSHIP_WITH_TRANSFORMATION(#49)
SHAPE_REPRESENTATION_RELATIONSHIP()
);
#40=(
REPRESENTATION_RELATIONSHIP(' ',' ',#4972,#4969)
REPRESENTATION_RELATIONSHIP_WITH_TRANSFORMATION(#50)
SHAPE_REPRESENTATION_RELATIONSHIP()
);
#41=(
REPRESENTATION_RELATIONSHIP(' ',' ',#4973,#4969)
REPRESENTATION_RELATIONSHIP_WITH_TRANSFORMATION(#51)
SHAPE_REPRESENTATION_RELATIONSHIP()
);
#42=(
REPRESENTATION_RELATIONSHIP(' ',' ',#4974,#4969)
REPRESENTATION_RELATIONSHIP_WITH_TRANSFORMATION(#52)
SHAPE_REPRESENTATION_RELATIONSHIP()
);
#43=(
REPRESENTATION_RELATIONSHIP(' ',' ',#4975,#4969)
REPRESENTATION_RELATIONSHIP_WITH_TRANSFORMATION(#53)
SHAPE_REPRESENTATION_RELATIONSHIP()
);
#44=(
REPRESENTATION_RELATIONSHIP(' ',' ',#4976,#4969)
REPRESENTATION_RELATIONSHIP_WITH_TRANSFORMATION(#54)
SHAPE_REPRESENTATION_RELATIONSHIP()
);
#45=(
REPRESENTATION_RELATIONSHIP(' ',' ',#4977,#4969)
REPRESENTATION_RELATIONSHIP_WITH_TRANSFORMATION(#55)
SHAPE_REPRESENTATION_RELATIONSHIP()
);
#46=(
REPRESENTATION_RELATIONSHIP(' ',' ',#4978,#4969)
REPRESENTATION_RELATIONSHIP_WITH_TRANSFORMATION(#56)
SHAPE_REPRESENTATION_RELATIONSHIP()
);
#47=(
REPRESENTATION_RELATIONSHIP(' ',' ',#4979,#4969)
REPRESENTATION_RELATIONSHIP_WITH_TRANSFORMATION(#57)
SHAPE_REPRESENTATION_RELATIONSHIP()
);
#48=ITEM_DEFINED_TRANSFORMATION(' ',' ',#4980,#5070);
#49=ITEM_DEFINED_TRANSFORMATION(' ',' ',#4980,#5189);
#50=ITEM_DEFINED_TRANSFORMATION(' ',' ',#4980,#5201);
#51=ITEM_DEFINED_TRANSFORMATION(' ',' ',#4980,#5213);
#52=ITEM_DEFINED_TRANSFORMATION(' ',' ',#4980,#5256);
#53=ITEM_DEFINED_TRANSFORMATION(' ',' ',#4980,#5291);
#54=ITEM_DEFINED_TRANSFORMATION(' ',' ',#4980,#5323);
#55=ITEM_DEFINED_TRANSFORMATION(' ',' ',#4980,#5358);
#56=ITEM_DEFINED_TRANSFORMATION(' ',' ',#4980,#5386);
#57=ITEM_DEFINED_TRANSFORMATION(' ',' ',#4980,#5414);
#58=SHAPE_REPRESENTATION_RELATIONSHIP('','',#4970,#68);
#59=SHAPE_REPRESENTATION_RELATIONSHIP('','',#4971,#69);
#60=SHAPE_REPRESENTATION_RELATIONSHIP('','',#4972,#70);
#61=SHAPE_REPRESENTATION_RELATIONSHIP('','',#4973,#71);
#62=SHAPE_REPRESENTATION_RELATIONSHIP('','',#4974,#72);
#63=SHAPE_REPRESENTATION_RELATIONSHIP('','',#4975,#73);
#64=SHAPE_REPRESENTATION_RELATIONSHIP('','',#4976,#74);
#65=SHAPE_REPRESENTATION_RELATIONSHIP('','',#4977,#75);
#66=SHAPE_REPRESENTATION_RELATIONSHIP('','',#4978,#76);
#67=SHAPE_REPRESENTATION_RELATIONSHIP('','',#4979,#77);
#68=ADVANCED_BREP_SHAPE_REPRESENTATION('',(#4948),#8972);
#69=ADVANCED_BREP_SHAPE_REPRESENTATION('',(#4949),#8973);
#70=ADVANCED_BREP_SHAPE_REPRESENTATION('',(#4950),#8974);
#71=ADVANCED_BREP_SHAPE_REPRESENTATION('',(#4951),#8975);
#72=ADVANCED_BREP_SHAPE_REPRESENTATION('',(#4952),#8976);
#73=ADVANCED_BREP_SHAPE_REPRESENTATION('',(#4953),#8977);
#74=ADVANCED_BREP_SHAPE_REPRESENTATION('',(#4954),#8978);
#75=ADVANCED_BREP_SHAPE_REPRESENTATION('',(#4955),#8979);
#76=ADVANCED_BREP_SHAPE_REPRESENTATION('',(#4956),#8980);
#77=ADVANCED_BREP_SHAPE_REPRESENTATION('',(#4957),#8981);
#78=ELLIPSE('',#4999,0.2386304,0.2);
#79=ELLIPSE('',#5019,0.100003,0.1);
#80=ELLIPSE('',#5024,0.100003,0.1);
#81=ELLIPSE('',#5027,0.2386304,0.2);
#82=ELLIPSE('',#5028,0.2386304,0.2);
#83=ELLIPSE('',#5029,0.2386304,0.2);
#84=ELLIPSE('',#5312,0.1414214,0.1);
#85=ELLIPSE('',#5315,0.1414214,0.1);
#86=ELLIPSE('',#5360,0.2534484,0.25);
#87=ELLIPSE('',#5374,0.2534484,0.25);
#88=ELLIPSE('',#5389,0.2534484,0.25);
#89=ELLIPSE('',#5409,0.2534484,0.25);
#90=B_SPLINE_SURFACE_WITH_KNOTS('',3,3,((#6808,#6809,#6810,#6811),(#6812,
#6813,#6814,#6815),(#6816,#6817,#6818,#6819),(#6820,#6821,#6822,#6823)),
 .UNSPECIFIED.,.F.,.F.,.F.,(4,4),(4,4),(0.,1.),(-0.0121926981726146,1.),
 .UNSPECIFIED.);
#91=B_SPLINE_SURFACE_WITH_KNOTS('',3,3,((#6967,#6968,#6969,#6970),(#6971,
#6972,#6973,#6974),(#6975,#6976,#6977,#6978),(#6979,#6980,#6981,#6982)),
 .UNSPECIFIED.,.F.,.F.,.F.,(4,4),(4,4),(0.,1.),(-0.0121926981726048,1.),
 .UNSPECIFIED.);
#92=B_SPLINE_SURFACE_WITH_KNOTS('',3,3,((#7002,#7003,#7004,#7005),(#7006,
#7007,#7008,#7009),(#7010,#7011,#7012,#7013),(#7014,#7015,#7016,#7017)),
 .UNSPECIFIED.,.F.,.F.,.F.,(4,4),(4,4),(0.,1.),(-0.0121228963890031,1.),
 .UNSPECIFIED.);
#93=B_SPLINE_SURFACE_WITH_KNOTS('',3,3,((#7023,#7024,#7025,#7026),(#7027,
#7028,#7029,#7030),(#7031,#7032,#7033,#7034),(#7035,#7036,#7037,#7038)),
 .UNSPECIFIED.,.F.,.F.,.F.,(4,4),(4,4),(0.,1.),(-0.0121228963890056,1.),
 .UNSPECIFIED.);
#94=B_SPLINE_SURFACE_WITH_KNOTS('',1,3,((#7571,#7572,#7573,#7574,#7575,
#7576),(#7577,#7578,#7579,#7580,#7581,#7582)),.RULED_SURF.,.F.,.F.,.F.,
(2,2),(4,2,4),(0.00322902855986301,0.99599133355957),(0.00495049504950495,
0.0099009900990099,1.),.UNSPECIFIED.);
#95=B_SPLINE_SURFACE_WITH_KNOTS('',1,3,((#7638,#7639,#7640,#7641,#7642,
#7643,#7644,#7645,#7646,#7647),(#7648,#7649,#7650,#7651,#7652,#7653,#7654,
#7655,#7656,#7657)),.RULED_SURF.,.F.,.F.,.F.,(2,2),(4,2,2,2,4),(0.00392099307975851,
0.996171355856036),(0.,0.25,0.5,0.75,1.),.UNSPECIFIED.);
#96=B_SPLINE_SURFACE_WITH_KNOTS('',1,3,((#7671,#7672,#7673,#7674,#7675,
#7676),(#7677,#7678,#7679,#7680,#7681,#7682)),.RULED_SURF.,.F.,.F.,.F.,
(2,2),(4,2,4),(0.00335284754632144,0.996426746444677),(0.005518761074403,
0.0099009900990099,1.),.UNSPECIFIED.);
#97=B_SPLINE_SURFACE_WITH_KNOTS('',1,3,((#7703,#7704,#7705,#7706,#7707,
#7708,#7709),(#7710,#7711,#7712,#7713,#7714,#7715,#7716),(#7717,#7718,#7719,
#7720,#7721,#7722,#7723)),.RULED_SURF.,.F.,.F.,.F.,(2,1,2),(4,3,4),(0.964044943174955,
1.,1.005),(0.,1.,1.005),.PIECEWISE_BEZIER_KNOTS.);
#98=B_SPLINE_SURFACE_WITH_KNOTS('',3,3,((#7743,#7744,#7745,#7746),(#7747,
#7748,#7749,#7750),(#7751,#7752,#7753,#7754),(#7755,#7756,#7757,#7758)),
 .UNSPECIFIED.,.F.,.F.,.F.,(4,4),(4,4),(2.62050205344401E-6,1.),(0.,1.00638574948612),
 .UNSPECIFIED.);
#99=B_SPLINE_SURFACE_WITH_KNOTS('',3,3,((#7787,#7788,#7789,#7790),(#7791,
#7792,#7793,#7794),(#7795,#7796,#7797,#7798),(#7799,#7800,#7801,#7802)),
 .UNSPECIFIED.,.F.,.F.,.F.,(4,4),(4,4),(3.14159909882254E-6,1.),(-0.0066116094558439,
1.),.UNSPECIFIED.);
#100=B_SPLINE_SURFACE_WITH_KNOTS('',3,3,((#7823,#7824,#7825,#7826),(#7827,
#7828,#7829,#7830),(#7831,#7832,#7833,#7834),(#7835,#7836,#7837,#7838),
(#7839,#7840,#7841,#7842),(#7843,#7844,#7845,#7846)),.UNSPECIFIED.,.F.,
 .F.,.F.,(4,2,4),(4,4),(0.015504627917104,0.49919148583688,0.982878343756657),
(-0.00600787482274351,1.00600137216722),.UNSPECIFIED.);
#101=B_SPLINE_SURFACE_WITH_KNOTS('',3,3,((#7852,#7853,#7854,#7855),(#7856,
#7857,#7858,#7859),(#7860,#7861,#7862,#7863),(#7864,#7865,#7866,#7867)),
 .UNSPECIFIED.,.F.,.F.,.F.,(4,4),(4,4),(0.,0.999994778843652),(0.,1.00640691453859),
 .UNSPECIFIED.);
#102=B_SPLINE_SURFACE_WITH_KNOTS('',3,3,((#7889,#7890,#7891,#7892),(#7893,
#7894,#7895,#7896),(#7897,#7898,#7899,#7900),(#7901,#7902,#7903,#7904)),
 .UNSPECIFIED.,.F.,.F.,.F.,(4,4),(4,4),(0.,0.999995644609642),(-0.00600064371885797,
1.),.UNSPECIFIED.);
#103=B_SPLINE_SURFACE_WITH_KNOTS('',3,3,((#7930,#7931,#7932,#7933),(#7934,
#7935,#7936,#7937),(#7938,#7939,#7940,#7941),(#7942,#7943,#7944,#7945)),
 .UNSPECIFIED.,.F.,.F.,.F.,(4,4),(4,4),(0.,0.999995657506182),(0.,1.00626452592674),
 .UNSPECIFIED.);
#104=B_SPLINE_SURFACE_WITH_KNOTS('',3,3,((#8017,#8018,#8019,#8020),(#8021,
#8022,#8023,#8024),(#8025,#8026,#8027,#8028),(#8029,#8030,#8031,#8032)),
 .UNSPECIFIED.,.F.,.F.,.F.,(4,4),(4,4),(3.05610252719288E-6,1.),(0.,1.00659340782531),
 .UNSPECIFIED.);
#105=B_SPLINE_SURFACE_WITH_KNOTS('',1,3,((#8043,#8044,#8045,#8046,#8047,
#8048),(#8049,#8050,#8051,#8052,#8053,#8054)),.RULED_SURF.,.F.,.F.,.F.,
(2,2),(4,2,4),(0.00383168553557998,0.996657506707984),(0.,0.99009900990099,
0.996039639467248),.UNSPECIFIED.);
#106=B_SPLINE_SURFACE_WITH_KNOTS('',3,3,((#8098,#8099,#8100,#8101,#8102,
#8103,#8104,#8105),(#8106,#8107,#8108,#8109,#8110,#8111,#8112,#8113),(#8114,
#8115,#8116,#8117,#8118,#8119,#8120,#8121),(#8122,#8123,#8124,#8125,#8126,
#8127,#8128,#8129),(#8130,#8131,#8132,#8133,#8134,#8135,#8136,#8137),(#8138,
#8139,#8140,#8141,#8142,#8143,#8144,#8145)),.UNSPECIFIED.,.F.,.F.,.F.,(4,
2,4),(4,2,2,4),(0.,0.5,1.),(0.00272524886938917,0.00980296049406921,0.99009900990099,
0.996112669508887),.UNSPECIFIED.);
#107=B_SPLINE_SURFACE_WITH_KNOTS('',1,3,((#8156,#8157,#8158,#8159,#8160,
#8161,#8162,#8163,#8164,#8165,#8166,#8167,#8168,#8169),(#8170,#8171,#8172,
#8173,#8174,#8175,#8176,#8177,#8178,#8179,#8180,#8181,#8182,#8183),(#8184,
#8185,#8186,#8187,#8188,#8189,#8190,#8191,#8192,#8193,#8194,#8195,#8196,
#8197)),.RULED_SURF.,.F.,.F.,.F.,(2,1,2),(4,2,2,2,2,2,4),(-0.005,0.,0.996050184289047),
(0.00392136709397958,0.00980392156862745,0.254901960784314,0.5,0.745098039215686,
0.990196078431373,0.996078654097713),.UNSPECIFIED.);
#108=B_SPLINE_SURFACE_WITH_KNOTS('',1,3,((#8211,#8212,#8213,#8214,#8215,
#8216,#8217,#8218,#8219,#8220,#8221,#8222),(#8223,#8224,#8225,#8226,#8227,
#8228,#8229,#8230,#8231,#8232,#8233,#8234)),.RULED_SURF.,.F.,.F.,.F.,(2,
2),(4,2,2,2,2,4),(0.00335362437807205,0.999459430537797),(0.00396017197882933,
0.0099009900990099,0.257425742574257,0.504950495049505,0.752475247524752,
1.),.UNSPECIFIED.);
#109=B_SPLINE_SURFACE_WITH_KNOTS('',1,3,((#8254,#8255,#8256,#8257,#8258,
#8259),(#8260,#8261,#8262,#8263,#8264,#8265)),.RULED_SURF.,.F.,.F.,.F.,
(2,2),(4,2,4),(0.00381851303873147,0.99673397436773),(0.00568661445214365,
0.0099009900990099,1.),.UNSPECIFIED.);
#110=B_SPLINE_SURFACE_WITH_KNOTS('',1,3,((#8299,#8300,#8301,#8302,#8303,
#8304,#8305,#8306),(#8307,#8308,#8309,#8310,#8311,#8312,#8313,#8314)),
 .RULED_SURF.,.F.,.F.,.F.,(2,2),(4,2,2,4),(0.00364004002772483,0.996037820308296),
(0.00490196078431373,0.00980392156862745,0.990196078431373,0.995098039215687),
 .UNSPECIFIED.);
#111=B_SPLINE_SURFACE_WITH_KNOTS('',1,3,((#8315,#8316,#8317,#8318),(#8319,
#8320,#8321,#8322)),.RULED_SURF.,.F.,.F.,.F.,(2,2),(4,4),(0.00336296502613874,
0.996421599239184),(0.,1.),.PIECEWISE_BEZIER_KNOTS.);
#112=B_SPLINE_SURFACE_WITH_KNOTS('',1,3,((#8327,#8328,#8329,#8330,#8331,
#8332,#8333,#8334,#8335,#8336,#8337,#8338,#8339,#8340),(#8341,#8342,#8343,
#8344,#8345,#8346,#8347,#8348,#8349,#8350,#8351,#8352,#8353,#8354)),
 .RULED_SURF.,.F.,.F.,.F.,(2,2),(4,2,2,2,2,2,4),(0.0099009902478941,0.996402072125112),
(0.00379631010220193,0.00980296049406921,0.254876972845799,0.49995098519753,
0.74502499754926,0.99009900990099,0.99608437794608),.UNSPECIFIED.);
#113=B_SPLINE_SURFACE_WITH_KNOTS('',3,3,((#8382,#8383,#8384,#8385,#8386,
#8387,#8388,#8389),(#8390,#8391,#8392,#8393,#8394,#8395,#8396,#8397),(#8398,
#8399,#8400,#8401,#8402,#8403,#8404,#8405),(#8406,#8407,#8408,#8409,#8410,
#8411,#8412,#8413),(#8414,#8415,#8416,#8417,#8418,#8419,#8420,#8421),(#8422,
#8423,#8424,#8425,#8426,#8427,#8428,#8429)),.UNSPECIFIED.,.F.,.F.,.F.,(4,
2,4),(4,2,2,4),(0.,0.5,1.),(0.00286648429780599,0.0099009900990099,0.990197039505931,
0.996211953604279),.UNSPECIFIED.);
#114=B_SPLINE_SURFACE_WITH_KNOTS('',3,3,((#8442,#8443,#8444,#8445),(#8446,
#8447,#8448,#8449),(#8450,#8451,#8452,#8453),(#8454,#8455,#8456,#8457)),
 .UNSPECIFIED.,.F.,.F.,.F.,(4,4),(4,4),(0.,0.999994788196701),(-0.00641939347866257,
1.),.UNSPECIFIED.);
#115=B_SPLINE_SURFACE_WITH_KNOTS('',3,3,((#8458,#8459,#8460,#8461),(#8462,
#8463,#8464,#8465),(#8466,#8467,#8468,#8469),(#8470,#8471,#8472,#8473),
(#8474,#8475,#8476,#8477),(#8478,#8479,#8480,#8481)),.UNSPECIFIED.,.F.,
 .F.,.F.,(4,2,4),(4,4),(0.0167364745831382,0.500623354032783,0.984510233482427),
(-0.00600980251968943,1.00625826522467),.UNSPECIFIED.);
#116=B_SPLINE_SURFACE_WITH_KNOTS('',3,3,((#8487,#8488,#8489,#8490),(#8491,
#8492,#8493,#8494),(#8495,#8496,#8497,#8498),(#8499,#8500,#8501,#8502)),
 .UNSPECIFIED.,.F.,.F.,.F.,(4,4),(4,4),(2.62414413543417E-6,1.),(-0.00638733284193877,
1.),.UNSPECIFIED.);
#117=B_SPLINE_CURVE_WITH_KNOTS('',3,(#6788,#6789,#6790,#6791),
 .UNSPECIFIED.,.F.,.F.,(4,4),(0.,1.),.UNSPECIFIED.);
#118=B_SPLINE_CURVE_WITH_KNOTS('',3,(#6957,#6958,#6959,#6960),
 .UNSPECIFIED.,.F.,.F.,(4,4),(0.,1.),.UNSPECIFIED.);
#119=B_SPLINE_CURVE_WITH_KNOTS('',3,(#6984,#6985,#6986,#6987),
 .UNSPECIFIED.,.F.,.F.,(4,4),(0.,1.),.UNSPECIFIED.);
#120=B_SPLINE_CURVE_WITH_KNOTS('',3,(#7018,#7019,#7020,#7021),
 .UNSPECIFIED.,.F.,.F.,(4,4),(0.,1.),.UNSPECIFIED.);
#121=B_SPLINE_CURVE_WITH_KNOTS('',1,(#7583,#7584),.UNSPECIFIED.,.F.,.F.,
(2,2),(0.,1.),.UNSPECIFIED.);
#122=B_SPLINE_CURVE_WITH_KNOTS('',3,(#7587,#7588,#7589,#7590,#7591,#7592,
#7593,#7594),.UNSPECIFIED.,.F.,.F.,(4,2,2,4),(0.,0.318997405596322,0.655657203119512,
1.),.UNSPECIFIED.);
#123=B_SPLINE_CURVE_WITH_KNOTS('',1,(#7596,#7597),.UNSPECIFIED.,.F.,.F.,
(2,2),(0.,1.),.UNSPECIFIED.);
#124=B_SPLINE_CURVE_WITH_KNOTS('',3,(#7599,#7600,#7601,#7602,#7603,#7604,
#7605,#7606),.UNSPECIFIED.,.F.,.F.,(4,2,2,4),(0.,0.34236893180864,0.666743980538558,
1.),.UNSPECIFIED.);
#125=B_SPLINE_CURVE_WITH_KNOTS('',3,(#7608,#7609,#7610,#7611),
 .UNSPECIFIED.,.F.,.F.,(4,4),(6.22296324353114E-15,0.000468774273996774),
 .UNSPECIFIED.);
#126=B_SPLINE_CURVE_WITH_KNOTS('',3,(#7616,#7617,#7618,#7619),
 .UNSPECIFIED.,.F.,.F.,(4,4),(3.77324016224929E-13,0.000468772785562827),
 .UNSPECIFIED.);
#127=B_SPLINE_CURVE_WITH_KNOTS('',1,(#7632,#7633),.UNSPECIFIED.,.F.,.F.,
(2,2),(0.,1.),.UNSPECIFIED.);
#128=B_SPLINE_CURVE_WITH_KNOTS('',1,(#7658,#7659),.UNSPECIFIED.,.F.,.F.,
(2,2),(0.,1.),.UNSPECIFIED.);
#129=B_SPLINE_CURVE_WITH_KNOTS('',3,(#7662,#7663,#7664,#7665,#7666),
 .UNSPECIFIED.,.F.,.F.,(4,1,4),(0.,0.499145450161409,1.),.UNSPECIFIED.);
#130=B_SPLINE_CURVE_WITH_KNOTS('',3,(#7667,#7668,#7669,#7670),
 .UNSPECIFIED.,.F.,.F.,(4,4),(8.94056015336375E-19,0.00238317757618209),
 .UNSPECIFIED.);
#131=B_SPLINE_CURVE_WITH_KNOTS('',3,(#7683,#7684,#7685,#7686,#7687,#7688,
#7689,#7690),.UNSPECIFIED.,.F.,.F.,(4,2,2,4),(0.,0.297336008901133,0.572090552477657,
1.),.UNSPECIFIED.);
#132=B_SPLINE_CURVE_WITH_KNOTS('',1,(#7693,#7694),.UNSPECIFIED.,.F.,.F.,
(2,2),(0.,1.),.UNSPECIFIED.);
#133=B_SPLINE_CURVE_WITH_KNOTS('',3,(#7696,#7697,#7698,#7699),
 .UNSPECIFIED.,.F.,.F.,(4,4),(0.,0.000210286034381648),.UNSPECIFIED.);
#134=B_SPLINE_CURVE_WITH_KNOTS('',1,(#7701,#7702),.UNSPECIFIED.,.F.,.F.,
(2,2),(0.,1.),.UNSPECIFIED.);
#135=B_SPLINE_CURVE_WITH_KNOTS('',3,(#7724,#7725,#7726,#7727,#7728,#7729,
#7730,#7731,#7732,#7733,#7734,#7735,#7736),.UNSPECIFIED.,.F.,.F.,(4,2,2,
2,3,4),(0.,0.0311938291251083,0.361863019683193,0.685655097269283,0.995844250939819,
1.00580269344922),.UNSPECIFIED.);
#136=B_SPLINE_CURVE_WITH_KNOTS('',3,(#7739,#7740,#7741,#7742),
 .UNSPECIFIED.,.F.,.F.,(4,4),(0.,0.000112920723609762),.UNSPECIFIED.);
#137=B_SPLINE_CURVE_WITH_KNOTS('',3,(#7759,#7760,#7761,#7762,#7763,#7764,
#7765,#7766),.UNSPECIFIED.,.F.,.F.,(4,2,2,4),(0.,0.289667910306918,0.558799264532137,
1.),.UNSPECIFIED.);
#138=B_SPLINE_CURVE_WITH_KNOTS('',3,(#7768,#7769,#7770,#7771),
 .UNSPECIFIED.,.F.,.F.,(4,4),(0.,1.),.UNSPECIFIED.);
#139=B_SPLINE_CURVE_WITH_KNOTS('',3,(#7772,#7773,#7774,#7775,#7776,#7777,
#7778,#7779),.UNSPECIFIED.,.F.,.F.,(4,2,2,4),(0.,0.319153558534342,0.656062300769838,
1.),.UNSPECIFIED.);
#140=B_SPLINE_CURVE_WITH_KNOTS('',3,(#7781,#7782,#7783,#7784,#7785,#7786),
 .UNSPECIFIED.,.F.,.F.,(4,1,1,4),(0.,0.25,0.5,1.),.UNSPECIFIED.);
#141=B_SPLINE_CURVE_WITH_KNOTS('',3,(#7803,#7804,#7805,#7806),
 .UNSPECIFIED.,.F.,.F.,(4,4),(0.,1.),.UNSPECIFIED.);
#142=B_SPLINE_CURVE_WITH_KNOTS('',3,(#7808,#7809,#7810,#7811,#7812,#7813,
#7814,#7815),.UNSPECIFIED.,.F.,.F.,(4,2,2,4),(0.,0.421953314105892,0.706914116456707,
1.),.UNSPECIFIED.);
#143=B_SPLINE_CURVE_WITH_KNOTS('',3,(#7817,#7818,#7819,#7820,#7821,#7822),
 .UNSPECIFIED.,.F.,.F.,(4,1,1,4),(0.,0.5,0.75,1.),.UNSPECIFIED.);
#144=B_SPLINE_CURVE_WITH_KNOTS('',3,(#7847,#7848,#7849,#7850,#7851),
 .UNSPECIFIED.,.F.,.F.,(4,1,4),(0.,0.499617154359059,1.),.UNSPECIFIED.);
#145=B_SPLINE_CURVE_WITH_KNOTS('',3,(#7868,#7869,#7870,#7871,#7872,#7873,
#7874,#7875),.UNSPECIFIED.,.F.,.F.,(4,2,2,4),(0.,0.275550039597331,0.550960889559176,
1.),.UNSPECIFIED.);
#146=B_SPLINE_CURVE_WITH_KNOTS('',3,(#7878,#7879,#7880,#7881),
 .UNSPECIFIED.,.F.,.F.,(4,4),(0.,1.),.UNSPECIFIED.);
#147=B_SPLINE_CURVE_WITH_KNOTS('',3,(#7882,#7883,#7884,#7885,#7886,#7887,
#7888),.UNSPECIFIED.,.F.,.F.,(4,1,1,1,4),(0.,0.25,0.5,0.75,1.),
 .UNSPECIFIED.);
#148=B_SPLINE_CURVE_WITH_KNOTS('',3,(#7905,#7906,#7907,#7908),
 .UNSPECIFIED.,.F.,.F.,(4,4),(0.,0.000164567153685623),.UNSPECIFIED.);
#149=B_SPLINE_CURVE_WITH_KNOTS('',3,(#7911,#7912,#7913,#7914,#7915,#7916,
#7917,#7918,#7919),.UNSPECIFIED.,.F.,.F.,(4,1,1,1,1,1,4),(0.,0.25,0.375,
0.5,0.625,0.75,1.),.UNSPECIFIED.);
#150=B_SPLINE_CURVE_WITH_KNOTS('',3,(#7921,#7922,#7923,#7924),
 .UNSPECIFIED.,.F.,.F.,(4,4),(0.,0.000216185411068658),.UNSPECIFIED.);
#151=B_SPLINE_CURVE_WITH_KNOTS('',3,(#7926,#7927,#7928,#7929),
 .UNSPECIFIED.,.F.,.F.,(4,4),(0.,1.),.UNSPECIFIED.);
#152=B_SPLINE_CURVE_WITH_KNOTS('',3,(#7946,#7947,#7948,#7949),
 .UNSPECIFIED.,.F.,.F.,(4,4),(1.0842021724855E-19,0.000217575036214578),
 .UNSPECIFIED.);
#153=B_SPLINE_CURVE_WITH_KNOTS('',3,(#7951,#7952,#7953,#7954,#7955,#7956,
#7957,#7958,#7959),.UNSPECIFIED.,.F.,.F.,(4,1,1,1,1,1,4),(0.,0.25,0.375,
0.5,0.625,0.75,1.),.UNSPECIFIED.);
#154=B_SPLINE_CURVE_WITH_KNOTS('',3,(#7961,#7962,#7963,#7964,#7965,#7966,
#7967,#7968),.UNSPECIFIED.,.F.,.F.,(4,2,2,4),(0.,0.331739339064797,0.661495586726715,
1.),.UNSPECIFIED.);
#155=B_SPLINE_CURVE_WITH_KNOTS('',3,(#7969,#7970,#7971,#7972),
 .UNSPECIFIED.,.F.,.F.,(4,4),(0.,1.),.UNSPECIFIED.);
#156=B_SPLINE_CURVE_WITH_KNOTS('',3,(#7986,#7987,#7988,#7989,#7990,#7991,
#7992,#7993,#7994,#7995,#7996),.UNSPECIFIED.,.F.,.F.,(4,3,2,2,4),(-0.0218762642368216,
0.,0.289045297144814,0.577945784560254,1.),.UNSPECIFIED.);
#157=B_SPLINE_CURVE_WITH_KNOTS('',2,(#7998,#7999,#8000,#8001,#8002),
 .UNSPECIFIED.,.F.,.F.,(3,2,3),(0.,0.5,1.),.UNSPECIFIED.);
#158=B_SPLINE_CURVE_WITH_KNOTS('',3,(#8004,#8005,#8006,#8007),
 .UNSPECIFIED.,.F.,.F.,(4,4),(4.56996192973765E-16,0.000627303015833509),
 .UNSPECIFIED.);
#159=B_SPLINE_CURVE_WITH_KNOTS('',3,(#8033,#8034,#8035,#8036),
 .UNSPECIFIED.,.F.,.F.,(4,4),(0.,1.),.UNSPECIFIED.);
#160=B_SPLINE_CURVE_WITH_KNOTS('',3,(#8037,#8038,#8039,#8040,#8041,#8042),
 .UNSPECIFIED.,.F.,.F.,(4,1,1,4),(0.,0.25,0.5,1.),.UNSPECIFIED.);
#161=B_SPLINE_CURVE_WITH_KNOTS('',3,(#8055,#8056,#8057,#8058),
 .UNSPECIFIED.,.F.,.F.,(4,4),(0.,1.),.UNSPECIFIED.);
#162=B_SPLINE_CURVE_WITH_KNOTS('',3,(#8060,#8061,#8062,#8063,#8064,#8065,
#8066,#8067),.UNSPECIFIED.,.F.,.F.,(4,2,2,4),(0.,0.40082197340475,0.695586464689343,
1.),.UNSPECIFIED.);
#163=B_SPLINE_CURVE_WITH_KNOTS('',1,(#8069,#8070),.UNSPECIFIED.,.F.,.F.,
(2,2),(0.,1.),.UNSPECIFIED.);
#164=B_SPLINE_CURVE_WITH_KNOTS('',3,(#8090,#8091,#8092,#8093),
 .UNSPECIFIED.,.F.,.F.,(4,4),(3.8154074694163E-13,0.000468775824041939),
 .UNSPECIFIED.);
#165=B_SPLINE_CURVE_WITH_KNOTS('',3,(#8094,#8095,#8096,#8097),
 .UNSPECIFIED.,.F.,.F.,(4,4),(6.18488713542287E-15,0.000468771272450388),
 .UNSPECIFIED.);
#166=B_SPLINE_CURVE_WITH_KNOTS('',3,(#8146,#8147,#8148,#8149,#8150),
 .UNSPECIFIED.,.F.,.F.,(4,1,4),(1.0842021724855E-19,0.000647053263519755,
0.00129410652703951),.UNSPECIFIED.);
#167=B_SPLINE_CURVE_WITH_KNOTS('',3,(#8152,#8153,#8154,#8155),
 .UNSPECIFIED.,.F.,.F.,(4,4),(0.,1.),.UNSPECIFIED.);
#168=B_SPLINE_CURVE_WITH_KNOTS('',3,(#8198,#8199,#8200,#8201,#8202),
 .UNSPECIFIED.,.F.,.F.,(4,1,4),(0.,0.500395836256037,1.),.UNSPECIFIED.);
#169=B_SPLINE_CURVE_WITH_KNOTS('',3,(#8203,#8204,#8205,#8206,#8207),
 .UNSPECIFIED.,.F.,.F.,(4,1,4),(3.06658683336675E-19,0.000644934771530472,
0.00128986954306094),.UNSPECIFIED.);
#170=B_SPLINE_CURVE_WITH_KNOTS('',1,(#8235,#8236),.UNSPECIFIED.,.F.,.F.,
(2,2),(0.,1.),.UNSPECIFIED.);
#171=B_SPLINE_CURVE_WITH_KNOTS('',1,(#8237,#8238),.UNSPECIFIED.,.F.,.F.,
(2,2),(0.,1.),.UNSPECIFIED.);
#172=B_SPLINE_CURVE_WITH_KNOTS('',3,(#8240,#8241,#8242,#8243),
 .UNSPECIFIED.,.F.,.F.,(4,4),(3.81538884779603E-13,0.000468775824041939),
 .UNSPECIFIED.);
#173=B_SPLINE_CURVE_WITH_KNOTS('',3,(#8248,#8249,#8250,#8251),
 .UNSPECIFIED.,.F.,.F.,(4,4),(6.18532794669237E-15,0.000468771272450533),
 .UNSPECIFIED.);
#174=B_SPLINE_CURVE_WITH_KNOTS('',3,(#8271,#8272,#8273,#8274),
 .UNSPECIFIED.,.F.,.F.,(4,4),(0.,1.),.UNSPECIFIED.);
#175=B_SPLINE_CURVE_WITH_KNOTS('',3,(#8289,#8290,#8291,#8292),
 .UNSPECIFIED.,.F.,.F.,(4,4),(0.,1.),.UNSPECIFIED.);
#176=B_SPLINE_CURVE_WITH_KNOTS('',3,(#8323,#8324,#8325,#8326),
 .UNSPECIFIED.,.F.,.F.,(4,4),(4.05671306743674E-19,0.000209111598892886),
 .UNSPECIFIED.);
#177=B_SPLINE_CURVE_WITH_KNOTS('',3,(#8355,#8356,#8357,#8358),
 .UNSPECIFIED.,.F.,.F.,(4,4),(5.53652698787991E-17,0.000629738378188918),
 .UNSPECIFIED.);
#178=B_SPLINE_CURVE_WITH_KNOTS('',3,(#8360,#8361,#8362,#8363),
 .UNSPECIFIED.,.F.,.F.,(4,4),(0.,0.00110602830573549),.UNSPECIFIED.);
#179=B_SPLINE_CURVE_WITH_KNOTS('',3,(#8364,#8365,#8366,#8367,#8368,#8369,
#8370,#8371),.UNSPECIFIED.,.F.,.F.,(4,1,3,4),(0.,0.500800249261793,1.,1.01),
 .UNSPECIFIED.);
#180=B_SPLINE_CURVE_WITH_KNOTS('',3,(#8378,#8379,#8380,#8381),
 .UNSPECIFIED.,.F.,.F.,(4,4),(1.0842021724855E-19,0.000599195517123698),
 .UNSPECIFIED.);
#181=B_SPLINE_CURVE_WITH_KNOTS('',3,(#8431,#8432,#8433,#8434),
 .UNSPECIFIED.,.F.,.F.,(4,4),(7.40840191755998E-13,0.000468772785562831),
 .UNSPECIFIED.);
#182=B_SPLINE_CURVE_WITH_KNOTS('',3,(#8435,#8436,#8437,#8438,#8439,#8440,
#8441),.UNSPECIFIED.,.F.,.F.,(4,1,1,1,4),(0.,0.25,0.5,0.75,1.),
 .UNSPECIFIED.);
#183=B_SPLINE_CURVE_WITH_KNOTS('',3,(#8482,#8483,#8484,#8485,#8486),
 .UNSPECIFIED.,.F.,.F.,(4,1,4),(0.,0.5,1.),.UNSPECIFIED.);
#184=B_SPLINE_CURVE_WITH_KNOTS('',3,(#8503,#8504,#8505,#8506,#8507,#8508),
 .UNSPECIFIED.,.F.,.F.,(4,1,1,4),(0.,0.5,0.75,1.),.UNSPECIFIED.);
#185=B_SPLINE_CURVE_WITH_KNOTS('',3,(#8510,#8511,#8512,#8513),
 .UNSPECIFIED.,.F.,.F.,(4,4),(5.74861210511669E-15,0.000468774273996918),
 .UNSPECIFIED.);
#186=SPHERICAL_SURFACE('',#4986,0.1);
#187=SPHERICAL_SURFACE('',#5009,0.1);
#188=SPHERICAL_SURFACE('',#5020,0.1);
#189=SPHERICAL_SURFACE('',#5030,0.1);
#190=SPHERICAL_SURFACE('',#5035,0.1);
#191=SPHERICAL_SURFACE('',#5046,0.1);
#192=SPHERICAL_SURFACE('',#5049,0.1);
#193=SPHERICAL_SURFACE('',#5054,0.1);
#194=SPHERICAL_SURFACE('',#5292,0.1);
#195=SPHERICAL_SURFACE('',#5296,0.1);
#196=SPHERICAL_SURFACE('',#5300,0.1);
#197=SPHERICAL_SURFACE('',#5329,0.1);
#198=SPHERICAL_SURFACE('',#5335,0.1);
#199=SPHERICAL_SURFACE('',#5346,0.1);
#200=SPHERICAL_SURFACE('',#5352,0.1);
#201=CIRCLE('',#4984,0.1);
#202=CIRCLE('',#4985,0.1);
#203=CIRCLE('',#4987,0.1);
#204=CIRCLE('',#4988,0.1);
#205=CIRCLE('',#4989,0.1);
#206=CIRCLE('',#4991,0.1);
#207=CIRCLE('',#4993,0.1);
#208=CIRCLE('',#4994,0.1);
#209=CIRCLE('',#4996,0.1);
#210=CIRCLE('',#4997,0.1);
#211=CIRCLE('',#4998,0.1);
#212=CIRCLE('',#5001,0.1);
#213=CIRCLE('',#5003,0.1);
#214=CIRCLE('',#5004,0.1);
#215=CIRCLE('',#5010,0.1);
#216=CIRCLE('',#5011,0.1);
#217=CIRCLE('',#5012,0.1);
#218=CIRCLE('',#5015,0.1);
#219=CIRCLE('',#5018,0.1);
#220=CIRCLE('',#5021,0.1);
#221=CIRCLE('',#5022,0.1);
#222=CIRCLE('',#5031,0.1);
#223=CIRCLE('',#5033,0.1);
#224=CIRCLE('',#5036,0.1);
#225=CIRCLE('',#5037,0.1);
#226=CIRCLE('',#5041,0.1);
#227=CIRCLE('',#5042,0.1);
#228=CIRCLE('',#5044,0.1);
#229=CIRCLE('',#5045,0.1);
#230=CIRCLE('',#5047,0.1);
#231=CIRCLE('',#5048,0.1);
#232=CIRCLE('',#5050,0.1);
#233=CIRCLE('',#5051,0.1);
#234=CIRCLE('',#5055,0.1);
#235=CIRCLE('',#5057,0.1);
#236=CIRCLE('',#5068,0.1);
#237=CIRCLE('',#5074,0.4);
#238=CIRCLE('',#5079,0.1);
#239=CIRCLE('',#5080,0.1);
#240=CIRCLE('',#5086,0.25);
#241=CIRCLE('',#5087,0.25);
#242=CIRCLE('',#5090,0.25);
#243=CIRCLE('',#5091,0.25);
#244=CIRCLE('',#5097,0.25);
#245=CIRCLE('',#5098,0.25);
#246=CIRCLE('',#5099,0.25);
#247=CIRCLE('',#5103,0.25);
#248=CIRCLE('',#5104,0.25);
#249=CIRCLE('',#5105,0.15);
#250=CIRCLE('',#5106,0.1);
#251=CIRCLE('',#5107,0.1);
#252=CIRCLE('',#5108,0.15);
#253=CIRCLE('',#5109,0.15);
#254=CIRCLE('',#5110,0.15);
#255=CIRCLE('',#5111,0.15);
#256=CIRCLE('',#5112,0.1);
#257=CIRCLE('',#5113,0.1);
#258=CIRCLE('',#5114,0.15);
#259=CIRCLE('',#5115,0.15);
#260=CIRCLE('',#5116,0.15);
#261=CIRCLE('',#5122,0.4);
#262=CIRCLE('',#5123,0.4);
#263=CIRCLE('',#5132,0.15);
#264=CIRCLE('',#5134,0.25);
#265=CIRCLE('',#5136,0.4);
#266=CIRCLE('',#5139,0.25);
#267=CIRCLE('',#5141,0.15);
#268=CIRCLE('',#5143,0.15);
#269=CIRCLE('',#5145,0.15);
#270=CIRCLE('',#5147,0.1);
#271=CIRCLE('',#5151,0.15);
#272=CIRCLE('',#5153,0.15);
#273=CIRCLE('',#5158,0.15);
#274=CIRCLE('',#5161,0.15);
#275=CIRCLE('',#5166,0.25);
#276=CIRCLE('',#5179,0.1);
#277=CIRCLE('',#5217,5.8018101);
#278=CIRCLE('',#5218,5.8718101);
#279=CIRCLE('',#5221,5.8718101);
#280=CIRCLE('',#5222,5.8018101);
#281=CIRCLE('',#5224,5.8018101);
#282=CIRCLE('',#5225,5.8718101);
#283=CIRCLE('',#5227,5.8018101);
#284=CIRCLE('',#5228,5.8718101);
#285=CIRCLE('',#5231,5.8018101);
#286=CIRCLE('',#5232,5.8718101);
#287=CIRCLE('',#5234,5.8018101);
#288=CIRCLE('',#5235,5.8718101);
#289=CIRCLE('',#5240,5.8018101);
#290=CIRCLE('',#5241,5.8718101);
#291=CIRCLE('',#5244,5.8018101);
#292=CIRCLE('',#5245,5.8718101);
#293=CIRCLE('',#5247,5.8718101);
#294=CIRCLE('',#5248,5.8018101);
#295=CIRCLE('',#5251,5.8018101);
#296=CIRCLE('',#5252,5.8718101);
#297=CIRCLE('',#5260,0.1);
#298=CIRCLE('',#5261,0.1);
#299=CIRCLE('',#5263,0.1);
#300=CIRCLE('',#5264,0.1);
#301=CIRCLE('',#5269,0.1);
#302=CIRCLE('',#5270,0.1);
#303=CIRCLE('',#5273,0.25);
#304=CIRCLE('',#5274,0.25);
#305=CIRCLE('',#5275,0.25);
#306=CIRCLE('',#5276,0.25);
#307=CIRCLE('',#5277,0.1);
#308=CIRCLE('',#5279,0.1);
#309=CIRCLE('',#5281,0.25);
#310=CIRCLE('',#5282,0.25);
#311=CIRCLE('',#5283,0.25);
#312=CIRCLE('',#5284,0.25);
#313=CIRCLE('',#5293,0.1);
#314=CIRCLE('',#5294,0.1);
#315=CIRCLE('',#5295,0.1);
#316=CIRCLE('',#5297,0.1);
#317=CIRCLE('',#5298,0.1);
#318=CIRCLE('',#5299,0.1);
#319=CIRCLE('',#5301,0.1);
#320=CIRCLE('',#5302,0.1);
#321=CIRCLE('',#5303,0.1);
#322=CIRCLE('',#5305,0.1);
#323=CIRCLE('',#5306,0.1);
#324=CIRCLE('',#5311,0.1);
#325=CIRCLE('',#5325,0.1);
#326=CIRCLE('',#5326,0.1);
#327=CIRCLE('',#5330,0.1);
#328=CIRCLE('',#5331,0.1);
#329=CIRCLE('',#5334,0.1);
#330=CIRCLE('',#5336,0.1);
#331=CIRCLE('',#5337,0.1);
#332=CIRCLE('',#5338,0.1);
#333=CIRCLE('',#5340,0.1);
#334=CIRCLE('',#5341,0.1);
#335=CIRCLE('',#5344,0.1);
#336=CIRCLE('',#5345,0.1);
#337=CIRCLE('',#5347,0.1);
#338=CIRCLE('',#5350,0.1);
#339=CIRCLE('',#5351,0.1);
#340=CIRCLE('',#5355,0.1);
#341=CIRCLE('',#5364,0.25);
#342=CIRCLE('',#5365,0.3);
#343=CIRCLE('',#5366,0.25);
#344=CIRCLE('',#5368,0.25);
#345=CIRCLE('',#5369,0.3);
#346=CIRCLE('',#5370,0.25);
#347=CIRCLE('',#5391,0.25);
#348=CIRCLE('',#5392,0.25);
#349=CIRCLE('',#5395,0.25);
#350=CIRCLE('',#5396,0.3);
#351=CIRCLE('',#5398,0.25);
#352=CIRCLE('',#5404,0.3);
#353=CYLINDRICAL_SURFACE('',#4983,0.1);
#354=CYLINDRICAL_SURFACE('',#4990,0.1);
#355=CYLINDRICAL_SURFACE('',#4992,0.1);
#356=CYLINDRICAL_SURFACE('',#4995,0.1);
#357=CYLINDRICAL_SURFACE('',#5000,0.1);
#358=CYLINDRICAL_SURFACE('',#5002,0.1);
#359=CYLINDRICAL_SURFACE('',#5014,0.1);
#360=CYLINDRICAL_SURFACE('',#5017,0.1);
#361=CYLINDRICAL_SURFACE('',#5023,0.1);
#362=CYLINDRICAL_SURFACE('',#5032,0.1);
#363=CYLINDRICAL_SURFACE('',#5034,0.1);
#364=CYLINDRICAL_SURFACE('',#5043,0.1);
#365=CYLINDRICAL_SURFACE('',#5052,0.1);
#366=CYLINDRICAL_SURFACE('',#5053,0.1);
#367=CYLINDRICAL_SURFACE('',#5058,0.1);
#368=CYLINDRICAL_SURFACE('',#5059,0.1);
#369=CYLINDRICAL_SURFACE('',#5062,0.1);
#370=CYLINDRICAL_SURFACE('',#5063,0.1);
#371=CYLINDRICAL_SURFACE('',#5064,0.1);
#372=CYLINDRICAL_SURFACE('',#5066,0.1);
#373=CYLINDRICAL_SURFACE('',#5067,0.1);
#374=CYLINDRICAL_SURFACE('',#5069,0.1);
#375=CYLINDRICAL_SURFACE('',#5089,0.25);
#376=CYLINDRICAL_SURFACE('',#5096,0.25);
#377=CYLINDRICAL_SURFACE('',#5121,0.4);
#378=CYLINDRICAL_SURFACE('',#5131,0.15);
#379=CYLINDRICAL_SURFACE('',#5135,0.4);
#380=CYLINDRICAL_SURFACE('',#5138,0.25);
#381=CYLINDRICAL_SURFACE('',#5140,0.15);
#382=CYLINDRICAL_SURFACE('',#5142,0.15);
#383=CYLINDRICAL_SURFACE('',#5144,0.15);
#384=CYLINDRICAL_SURFACE('',#5146,0.1);
#385=CYLINDRICAL_SURFACE('',#5148,0.1);
#386=CYLINDRICAL_SURFACE('',#5150,0.15);
#387=CYLINDRICAL_SURFACE('',#5152,0.15);
#388=CYLINDRICAL_SURFACE('',#5154,0.1);
#389=CYLINDRICAL_SURFACE('',#5157,0.15);
#390=CYLINDRICAL_SURFACE('',#5160,0.15);
#391=CYLINDRICAL_SURFACE('',#5165,0.25);
#392=CYLINDRICAL_SURFACE('',#5186,0.1);
#393=CYLINDRICAL_SURFACE('',#5214,0.3);
#394=CYLINDRICAL_SURFACE('',#5236,0.3);
#395=CYLINDRICAL_SURFACE('',#5238,0.3);
#396=CYLINDRICAL_SURFACE('',#5253,5.8718101);
#397=CYLINDRICAL_SURFACE('',#5254,5.8018101);
#398=CYLINDRICAL_SURFACE('',#5255,0.3);
#399=CYLINDRICAL_SURFACE('',#5259,0.1);
#400=CYLINDRICAL_SURFACE('',#5262,0.1);
#401=CYLINDRICAL_SURFACE('',#5268,0.1);
#402=CYLINDRICAL_SURFACE('',#5278,0.1);
#403=CYLINDRICAL_SURFACE('',#5285,0.25);
#404=CYLINDRICAL_SURFACE('',#5287,0.25);
#405=CYLINDRICAL_SURFACE('',#5288,0.25);
#406=CYLINDRICAL_SURFACE('',#5289,0.25);
#407=CYLINDRICAL_SURFACE('',#5310,0.1);
#408=CYLINDRICAL_SURFACE('',#5313,0.1);
#409=CYLINDRICAL_SURFACE('',#5314,0.1);
#410=CYLINDRICAL_SURFACE('',#5316,0.1);
#411=CYLINDRICAL_SURFACE('',#5317,0.1);
#412=CYLINDRICAL_SURFACE('',#5320,0.1);
#413=CYLINDRICAL_SURFACE('',#5321,0.1);
#414=CYLINDRICAL_SURFACE('',#5322,0.1);
#415=CYLINDRICAL_SURFACE('',#5324,0.1);
#416=CYLINDRICAL_SURFACE('',#5333,0.1);
#417=CYLINDRICAL_SURFACE('',#5339,0.1);
#418=CYLINDRICAL_SURFACE('',#5343,0.1);
#419=CYLINDRICAL_SURFACE('',#5348,0.1);
#420=CYLINDRICAL_SURFACE('',#5349,0.1);
#421=CYLINDRICAL_SURFACE('',#5353,0.1);
#422=CYLINDRICAL_SURFACE('',#5354,0.1);
#423=CYLINDRICAL_SURFACE('',#5371,0.25);
#424=CYLINDRICAL_SURFACE('',#5373,0.25);
#425=CYLINDRICAL_SURFACE('',#5375,0.3);
#426=CYLINDRICAL_SURFACE('',#5385,0.25);
#427=CYLINDRICAL_SURFACE('',#5390,0.25);
#428=CYLINDRICAL_SURFACE('',#5397,0.25);
#429=CYLINDRICAL_SURFACE('',#5403,0.3);
#430=CYLINDRICAL_SURFACE('',#5412,0.25);
#431=ORIENTED_EDGE('',*,*,#1823,.F.);
#432=ORIENTED_EDGE('',*,*,#1824,.F.);
#433=ORIENTED_EDGE('',*,*,#1825,.T.);
#434=ORIENTED_EDGE('',*,*,#1826,.T.);
#435=ORIENTED_EDGE('',*,*,#1827,.T.);
#436=ORIENTED_EDGE('',*,*,#1828,.T.);
#437=ORIENTED_EDGE('',*,*,#1829,.T.);
#438=ORIENTED_EDGE('',*,*,#1830,.T.);
#439=ORIENTED_EDGE('',*,*,#1831,.T.);
#440=ORIENTED_EDGE('',*,*,#1832,.F.);
#441=ORIENTED_EDGE('',*,*,#1833,.F.);
#442=ORIENTED_EDGE('',*,*,#1834,.F.);
#443=ORIENTED_EDGE('',*,*,#1835,.T.);
#444=ORIENTED_EDGE('',*,*,#1836,.T.);
#445=ORIENTED_EDGE('',*,*,#1837,.F.);
#446=ORIENTED_EDGE('',*,*,#1838,.T.);
#447=ORIENTED_EDGE('',*,*,#1839,.F.);
#448=ORIENTED_EDGE('',*,*,#1840,.F.);
#449=ORIENTED_EDGE('',*,*,#1841,.F.);
#450=ORIENTED_EDGE('',*,*,#1842,.T.);
#451=ORIENTED_EDGE('',*,*,#1843,.T.);
#452=ORIENTED_EDGE('',*,*,#1844,.F.);
#453=ORIENTED_EDGE('',*,*,#1829,.F.);
#454=ORIENTED_EDGE('',*,*,#1845,.T.);
#455=ORIENTED_EDGE('',*,*,#1846,.F.);
#456=ORIENTED_EDGE('',*,*,#1847,.T.);
#457=ORIENTED_EDGE('',*,*,#1848,.T.);
#458=ORIENTED_EDGE('',*,*,#1849,.T.);
#459=ORIENTED_EDGE('',*,*,#1840,.T.);
#460=ORIENTED_EDGE('',*,*,#1845,.F.);
#461=ORIENTED_EDGE('',*,*,#1850,.T.);
#462=ORIENTED_EDGE('',*,*,#1851,.T.);
#463=ORIENTED_EDGE('',*,*,#1852,.F.);
#464=ORIENTED_EDGE('',*,*,#1849,.F.);
#465=ORIENTED_EDGE('',*,*,#1853,.T.);
#466=ORIENTED_EDGE('',*,*,#1854,.F.);
#467=ORIENTED_EDGE('',*,*,#1855,.T.);
#468=ORIENTED_EDGE('',*,*,#1856,.F.);
#469=ORIENTED_EDGE('',*,*,#1857,.F.);
#470=ORIENTED_EDGE('',*,*,#1858,.T.);
#471=ORIENTED_EDGE('',*,*,#1859,.T.);
#472=ORIENTED_EDGE('',*,*,#1860,.T.);
#473=ORIENTED_EDGE('',*,*,#1861,.T.);
#474=ORIENTED_EDGE('',*,*,#1862,.T.);
#475=ORIENTED_EDGE('',*,*,#1863,.T.);
#476=ORIENTED_EDGE('',*,*,#1864,.T.);
#477=ORIENTED_EDGE('',*,*,#1865,.T.);
#478=ORIENTED_EDGE('',*,*,#1852,.T.);
#479=ORIENTED_EDGE('',*,*,#1866,.T.);
#480=ORIENTED_EDGE('',*,*,#1867,.T.);
#481=ORIENTED_EDGE('',*,*,#1841,.T.);
#482=ORIENTED_EDGE('',*,*,#1846,.T.);
#483=ORIENTED_EDGE('',*,*,#1839,.T.);
#484=ORIENTED_EDGE('',*,*,#1868,.T.);
#485=ORIENTED_EDGE('',*,*,#1869,.T.);
#486=ORIENTED_EDGE('',*,*,#1870,.F.);
#487=ORIENTED_EDGE('',*,*,#1871,.T.);
#488=ORIENTED_EDGE('',*,*,#1872,.F.);
#489=ORIENTED_EDGE('',*,*,#1873,.T.);
#490=ORIENTED_EDGE('',*,*,#1874,.T.);
#491=ORIENTED_EDGE('',*,*,#1854,.T.);
#492=ORIENTED_EDGE('',*,*,#1875,.T.);
#493=ORIENTED_EDGE('',*,*,#1876,.T.);
#494=ORIENTED_EDGE('',*,*,#1872,.T.);
#495=ORIENTED_EDGE('',*,*,#1877,.F.);
#496=ORIENTED_EDGE('',*,*,#1878,.F.);
#497=ORIENTED_EDGE('',*,*,#1874,.F.);
#498=ORIENTED_EDGE('',*,*,#1879,.T.);
#499=ORIENTED_EDGE('',*,*,#1880,.T.);
#500=ORIENTED_EDGE('',*,*,#1881,.T.);
#501=ORIENTED_EDGE('',*,*,#1882,.F.);
#502=ORIENTED_EDGE('',*,*,#1881,.F.);
#503=ORIENTED_EDGE('',*,*,#1883,.T.);
#504=ORIENTED_EDGE('',*,*,#1884,.F.);
#505=ORIENTED_EDGE('',*,*,#1885,.F.);
#506=ORIENTED_EDGE('',*,*,#1886,.F.);
#507=ORIENTED_EDGE('',*,*,#1887,.F.);
#508=ORIENTED_EDGE('',*,*,#1831,.F.);
#509=ORIENTED_EDGE('',*,*,#1875,.F.);
#510=ORIENTED_EDGE('',*,*,#1857,.T.);
#511=ORIENTED_EDGE('',*,*,#1879,.F.);
#512=ORIENTED_EDGE('',*,*,#1888,.F.);
#513=ORIENTED_EDGE('',*,*,#1889,.F.);
#514=ORIENTED_EDGE('',*,*,#1890,.F.);
#515=ORIENTED_EDGE('',*,*,#1891,.T.);
#516=ORIENTED_EDGE('',*,*,#1892,.T.);
#517=ORIENTED_EDGE('',*,*,#1850,.F.);
#518=ORIENTED_EDGE('',*,*,#1848,.F.);
#519=ORIENTED_EDGE('',*,*,#1893,.F.);
#520=ORIENTED_EDGE('',*,*,#1843,.F.);
#521=ORIENTED_EDGE('',*,*,#1894,.F.);
#522=ORIENTED_EDGE('',*,*,#1895,.T.);
#523=ORIENTED_EDGE('',*,*,#1896,.F.);
#524=ORIENTED_EDGE('',*,*,#1853,.F.);
#525=ORIENTED_EDGE('',*,*,#1825,.F.);
#526=ORIENTED_EDGE('',*,*,#1897,.F.);
#527=ORIENTED_EDGE('',*,*,#1891,.F.);
#528=ORIENTED_EDGE('',*,*,#1898,.F.);
#529=ORIENTED_EDGE('',*,*,#1899,.T.);
#530=ORIENTED_EDGE('',*,*,#1855,.F.);
#531=ORIENTED_EDGE('',*,*,#1878,.T.);
#532=ORIENTED_EDGE('',*,*,#1900,.T.);
#533=ORIENTED_EDGE('',*,*,#1901,.F.);
#534=ORIENTED_EDGE('',*,*,#1899,.F.);
#535=ORIENTED_EDGE('',*,*,#1902,.F.);
#536=ORIENTED_EDGE('',*,*,#1886,.T.);
#537=ORIENTED_EDGE('',*,*,#1903,.F.);
#538=ORIENTED_EDGE('',*,*,#1871,.F.);
#539=ORIENTED_EDGE('',*,*,#1904,.F.);
#540=ORIENTED_EDGE('',*,*,#1905,.T.);
#541=ORIENTED_EDGE('',*,*,#1906,.T.);
#542=ORIENTED_EDGE('',*,*,#1838,.F.);
#543=ORIENTED_EDGE('',*,*,#1902,.T.);
#544=ORIENTED_EDGE('',*,*,#1877,.T.);
#545=ORIENTED_EDGE('',*,*,#1903,.T.);
#546=ORIENTED_EDGE('',*,*,#1834,.T.);
#547=ORIENTED_EDGE('',*,*,#1907,.F.);
#548=ORIENTED_EDGE('',*,*,#1826,.F.);
#549=ORIENTED_EDGE('',*,*,#1898,.T.);
#550=ORIENTED_EDGE('',*,*,#1890,.T.);
#551=ORIENTED_EDGE('',*,*,#1907,.T.);
#552=ORIENTED_EDGE('',*,*,#1889,.T.);
#553=ORIENTED_EDGE('',*,*,#1908,.T.);
#554=ORIENTED_EDGE('',*,*,#1823,.T.);
#555=ORIENTED_EDGE('',*,*,#1876,.F.);
#556=ORIENTED_EDGE('',*,*,#1888,.T.);
#557=ORIENTED_EDGE('',*,*,#1882,.T.);
#558=ORIENTED_EDGE('',*,*,#1885,.T.);
#559=ORIENTED_EDGE('',*,*,#1909,.F.);
#560=ORIENTED_EDGE('',*,*,#1910,.T.);
#561=ORIENTED_EDGE('',*,*,#1911,.F.);
#562=ORIENTED_EDGE('',*,*,#1912,.T.);
#563=ORIENTED_EDGE('',*,*,#1913,.F.);
#564=ORIENTED_EDGE('',*,*,#1862,.F.);
#565=ORIENTED_EDGE('',*,*,#1914,.F.);
#566=ORIENTED_EDGE('',*,*,#1860,.F.);
#567=ORIENTED_EDGE('',*,*,#1915,.F.);
#568=ORIENTED_EDGE('',*,*,#1913,.T.);
#569=ORIENTED_EDGE('',*,*,#1916,.F.);
#570=ORIENTED_EDGE('',*,*,#1917,.F.);
#571=ORIENTED_EDGE('',*,*,#1914,.T.);
#572=ORIENTED_EDGE('',*,*,#1918,.F.);
#573=ORIENTED_EDGE('',*,*,#1915,.T.);
#574=ORIENTED_EDGE('',*,*,#1866,.F.);
#575=ORIENTED_EDGE('',*,*,#1919,.F.);
#576=ORIENTED_EDGE('',*,*,#1863,.F.);
#577=ORIENTED_EDGE('',*,*,#1916,.T.);
#578=ORIENTED_EDGE('',*,*,#1859,.F.);
#579=ORIENTED_EDGE('',*,*,#1905,.F.);
#580=ORIENTED_EDGE('',*,*,#1867,.F.);
#581=ORIENTED_EDGE('',*,*,#1833,.T.);
#582=ORIENTED_EDGE('',*,*,#1920,.F.);
#583=ORIENTED_EDGE('',*,*,#1900,.F.);
#584=ORIENTED_EDGE('',*,*,#1921,.T.);
#585=ORIENTED_EDGE('',*,*,#1832,.T.);
#586=ORIENTED_EDGE('',*,*,#1922,.T.);
#587=ORIENTED_EDGE('',*,*,#1909,.T.);
#588=ORIENTED_EDGE('',*,*,#1884,.T.);
#589=ORIENTED_EDGE('',*,*,#1923,.T.);
#590=ORIENTED_EDGE('',*,*,#1894,.T.);
#591=ORIENTED_EDGE('',*,*,#1842,.F.);
#592=ORIENTED_EDGE('',*,*,#1924,.T.);
#593=ORIENTED_EDGE('',*,*,#1922,.F.);
#594=ORIENTED_EDGE('',*,*,#1887,.T.);
#595=ORIENTED_EDGE('',*,*,#1925,.F.);
#596=ORIENTED_EDGE('',*,*,#1910,.F.);
#597=ORIENTED_EDGE('',*,*,#1926,.F.);
#598=ORIENTED_EDGE('',*,*,#1870,.T.);
#599=ORIENTED_EDGE('',*,*,#1873,.F.);
#600=ORIENTED_EDGE('',*,*,#1912,.F.);
#601=ORIENTED_EDGE('',*,*,#1856,.T.);
#602=ORIENTED_EDGE('',*,*,#1901,.T.);
#603=ORIENTED_EDGE('',*,*,#1927,.T.);
#604=ORIENTED_EDGE('',*,*,#1880,.F.);
#605=ORIENTED_EDGE('',*,*,#1925,.T.);
#606=ORIENTED_EDGE('',*,*,#1904,.T.);
#607=ORIENTED_EDGE('',*,*,#1926,.T.);
#608=ORIENTED_EDGE('',*,*,#1911,.T.);
#609=ORIENTED_EDGE('',*,*,#1918,.T.);
#610=ORIENTED_EDGE('',*,*,#1865,.F.);
#611=ORIENTED_EDGE('',*,*,#1924,.F.);
#612=ORIENTED_EDGE('',*,*,#1828,.F.);
#613=ORIENTED_EDGE('',*,*,#1906,.F.);
#614=ORIENTED_EDGE('',*,*,#1858,.F.);
#615=ORIENTED_EDGE('',*,*,#1835,.F.);
#616=ORIENTED_EDGE('',*,*,#1868,.F.);
#617=ORIENTED_EDGE('',*,*,#1917,.T.);
#618=ORIENTED_EDGE('',*,*,#1827,.F.);
#619=ORIENTED_EDGE('',*,*,#1836,.F.);
#620=ORIENTED_EDGE('',*,*,#1861,.F.);
#621=ORIENTED_EDGE('',*,*,#1908,.F.);
#622=ORIENTED_EDGE('',*,*,#1892,.F.);
#623=ORIENTED_EDGE('',*,*,#1897,.T.);
#624=ORIENTED_EDGE('',*,*,#1824,.T.);
#625=ORIENTED_EDGE('',*,*,#1927,.F.);
#626=ORIENTED_EDGE('',*,*,#1920,.T.);
#627=ORIENTED_EDGE('',*,*,#1921,.F.);
#628=ORIENTED_EDGE('',*,*,#1883,.F.);
#629=ORIENTED_EDGE('',*,*,#1923,.F.);
#630=ORIENTED_EDGE('',*,*,#1864,.F.);
#631=ORIENTED_EDGE('',*,*,#1928,.F.);
#632=ORIENTED_EDGE('',*,*,#1895,.F.);
#633=ORIENTED_EDGE('',*,*,#1844,.T.);
#634=ORIENTED_EDGE('',*,*,#1893,.T.);
#635=ORIENTED_EDGE('',*,*,#1847,.F.);
#636=ORIENTED_EDGE('',*,*,#1929,.T.);
#637=ORIENTED_EDGE('',*,*,#1837,.T.);
#638=ORIENTED_EDGE('',*,*,#1830,.F.);
#639=ORIENTED_EDGE('',*,*,#1929,.F.);
#640=ORIENTED_EDGE('',*,*,#1869,.F.);
#641=ORIENTED_EDGE('',*,*,#1928,.T.);
#642=ORIENTED_EDGE('',*,*,#1919,.T.);
#643=ORIENTED_EDGE('',*,*,#1851,.F.);
#644=ORIENTED_EDGE('',*,*,#1896,.T.);
#645=ORIENTED_EDGE('',*,*,#1930,.T.);
#646=ORIENTED_EDGE('',*,*,#1931,.T.);
#647=ORIENTED_EDGE('',*,*,#1932,.T.);
#648=ORIENTED_EDGE('',*,*,#1933,.F.);
#649=ORIENTED_EDGE('',*,*,#1934,.T.);
#650=ORIENTED_EDGE('',*,*,#1935,.T.);
#651=ORIENTED_EDGE('',*,*,#1936,.F.);
#652=ORIENTED_EDGE('',*,*,#1937,.F.);
#653=ORIENTED_EDGE('',*,*,#1938,.F.);
#654=ORIENTED_EDGE('',*,*,#1939,.T.);
#655=ORIENTED_EDGE('',*,*,#1940,.T.);
#656=ORIENTED_EDGE('',*,*,#1941,.T.);
#657=ORIENTED_EDGE('',*,*,#1931,.F.);
#658=ORIENTED_EDGE('',*,*,#1942,.F.);
#659=ORIENTED_EDGE('',*,*,#1943,.T.);
#660=ORIENTED_EDGE('',*,*,#1944,.T.);
#661=ORIENTED_EDGE('',*,*,#1945,.F.);
#662=ORIENTED_EDGE('',*,*,#1946,.T.);
#663=ORIENTED_EDGE('',*,*,#1947,.T.);
#664=ORIENTED_EDGE('',*,*,#1948,.F.);
#665=ORIENTED_EDGE('',*,*,#1949,.T.);
#666=ORIENTED_EDGE('',*,*,#1948,.T.);
#667=ORIENTED_EDGE('',*,*,#1950,.T.);
#668=ORIENTED_EDGE('',*,*,#1942,.T.);
#669=ORIENTED_EDGE('',*,*,#1951,.T.);
#670=ORIENTED_EDGE('',*,*,#1952,.F.);
#671=ORIENTED_EDGE('',*,*,#1934,.F.);
#672=ORIENTED_EDGE('',*,*,#1953,.F.);
#673=ORIENTED_EDGE('',*,*,#1954,.T.);
#674=ORIENTED_EDGE('',*,*,#1955,.T.);
#675=ORIENTED_EDGE('',*,*,#1956,.T.);
#676=ORIENTED_EDGE('',*,*,#1957,.T.);
#677=ORIENTED_EDGE('',*,*,#1958,.T.);
#678=ORIENTED_EDGE('',*,*,#1959,.T.);
#679=ORIENTED_EDGE('',*,*,#1960,.F.);
#680=ORIENTED_EDGE('',*,*,#1961,.T.);
#681=ORIENTED_EDGE('',*,*,#1962,.T.);
#682=ORIENTED_EDGE('',*,*,#1963,.T.);
#683=ORIENTED_EDGE('',*,*,#1964,.T.);
#684=ORIENTED_EDGE('',*,*,#1965,.T.);
#685=ORIENTED_EDGE('',*,*,#1966,.T.);
#686=ORIENTED_EDGE('',*,*,#1951,.F.);
#687=ORIENTED_EDGE('',*,*,#1945,.T.);
#688=ORIENTED_EDGE('',*,*,#1967,.T.);
#689=ORIENTED_EDGE('',*,*,#1968,.T.);
#690=ORIENTED_EDGE('',*,*,#1969,.T.);
#691=ORIENTED_EDGE('',*,*,#1970,.T.);
#692=ORIENTED_EDGE('',*,*,#1971,.F.);
#693=ORIENTED_EDGE('',*,*,#1972,.T.);
#694=ORIENTED_EDGE('',*,*,#1973,.F.);
#695=ORIENTED_EDGE('',*,*,#1974,.F.);
#696=ORIENTED_EDGE('',*,*,#1975,.F.);
#697=ORIENTED_EDGE('',*,*,#1976,.T.);
#698=ORIENTED_EDGE('',*,*,#1977,.T.);
#699=ORIENTED_EDGE('',*,*,#1978,.T.);
#700=ORIENTED_EDGE('',*,*,#1979,.T.);
#701=ORIENTED_EDGE('',*,*,#1968,.F.);
#702=ORIENTED_EDGE('',*,*,#1975,.T.);
#703=ORIENTED_EDGE('',*,*,#1980,.T.);
#704=ORIENTED_EDGE('',*,*,#1981,.F.);
#705=ORIENTED_EDGE('',*,*,#1982,.F.);
#706=ORIENTED_EDGE('',*,*,#1983,.F.);
#707=ORIENTED_EDGE('',*,*,#1984,.T.);
#708=ORIENTED_EDGE('',*,*,#1985,.T.);
#709=ORIENTED_EDGE('',*,*,#1986,.T.);
#710=ORIENTED_EDGE('',*,*,#1987,.T.);
#711=ORIENTED_EDGE('',*,*,#1988,.F.);
#712=ORIENTED_EDGE('',*,*,#1989,.T.);
#713=ORIENTED_EDGE('',*,*,#1990,.T.);
#714=ORIENTED_EDGE('',*,*,#1991,.T.);
#715=ORIENTED_EDGE('',*,*,#1986,.F.);
#716=ORIENTED_EDGE('',*,*,#1992,.T.);
#717=ORIENTED_EDGE('',*,*,#1993,.T.);
#718=ORIENTED_EDGE('',*,*,#1994,.T.);
#719=ORIENTED_EDGE('',*,*,#1990,.F.);
#720=ORIENTED_EDGE('',*,*,#1995,.T.);
#721=ORIENTED_EDGE('',*,*,#1982,.T.);
#722=ORIENTED_EDGE('',*,*,#1996,.F.);
#723=ORIENTED_EDGE('',*,*,#1997,.T.);
#724=ORIENTED_EDGE('',*,*,#1998,.T.);
#725=ORIENTED_EDGE('',*,*,#1999,.F.);
#726=ORIENTED_EDGE('',*,*,#2000,.F.);
#727=ORIENTED_EDGE('',*,*,#2001,.T.);
#728=ORIENTED_EDGE('',*,*,#2002,.F.);
#729=ORIENTED_EDGE('',*,*,#2003,.T.);
#730=ORIENTED_EDGE('',*,*,#2004,.T.);
#731=ORIENTED_EDGE('',*,*,#2005,.T.);
#732=ORIENTED_EDGE('',*,*,#2006,.F.);
#733=ORIENTED_EDGE('',*,*,#2007,.F.);
#734=ORIENTED_EDGE('',*,*,#1953,.T.);
#735=ORIENTED_EDGE('',*,*,#1937,.T.);
#736=ORIENTED_EDGE('',*,*,#2008,.F.);
#737=ORIENTED_EDGE('',*,*,#2009,.T.);
#738=ORIENTED_EDGE('',*,*,#2010,.T.);
#739=ORIENTED_EDGE('',*,*,#2007,.T.);
#740=ORIENTED_EDGE('',*,*,#2011,.F.);
#741=ORIENTED_EDGE('',*,*,#2012,.T.);
#742=ORIENTED_EDGE('',*,*,#2013,.T.);
#743=ORIENTED_EDGE('',*,*,#2014,.F.);
#744=ORIENTED_EDGE('',*,*,#2015,.F.);
#745=ORIENTED_EDGE('',*,*,#2016,.T.);
#746=ORIENTED_EDGE('',*,*,#2006,.T.);
#747=ORIENTED_EDGE('',*,*,#2017,.T.);
#748=ORIENTED_EDGE('',*,*,#2018,.T.);
#749=ORIENTED_EDGE('',*,*,#1996,.T.);
#750=ORIENTED_EDGE('',*,*,#1981,.T.);
#751=ORIENTED_EDGE('',*,*,#2019,.T.);
#752=ORIENTED_EDGE('',*,*,#2020,.T.);
#753=ORIENTED_EDGE('',*,*,#2011,.T.);
#754=ORIENTED_EDGE('',*,*,#2021,.T.);
#755=ORIENTED_EDGE('',*,*,#2022,.T.);
#756=ORIENTED_EDGE('',*,*,#1957,.F.);
#757=ORIENTED_EDGE('',*,*,#2023,.F.);
#758=ORIENTED_EDGE('',*,*,#2024,.F.);
#759=ORIENTED_EDGE('',*,*,#2025,.T.);
#760=ORIENTED_EDGE('',*,*,#2026,.F.);
#761=ORIENTED_EDGE('',*,*,#2027,.T.);
#762=ORIENTED_EDGE('',*,*,#1969,.F.);
#763=ORIENTED_EDGE('',*,*,#2028,.F.);
#764=ORIENTED_EDGE('',*,*,#1963,.F.);
#765=ORIENTED_EDGE('',*,*,#2029,.T.);
#766=ORIENTED_EDGE('',*,*,#2030,.T.);
#767=ORIENTED_EDGE('',*,*,#2031,.T.);
#768=ORIENTED_EDGE('',*,*,#2032,.F.);
#769=ORIENTED_EDGE('',*,*,#2033,.T.);
#770=ORIENTED_EDGE('',*,*,#2034,.T.);
#771=ORIENTED_EDGE('',*,*,#2035,.T.);
#772=ORIENTED_EDGE('',*,*,#1977,.F.);
#773=ORIENTED_EDGE('',*,*,#1967,.F.);
#774=ORIENTED_EDGE('',*,*,#1944,.F.);
#775=ORIENTED_EDGE('',*,*,#2036,.T.);
#776=ORIENTED_EDGE('',*,*,#1946,.F.);
#777=ORIENTED_EDGE('',*,*,#2037,.T.);
#778=ORIENTED_EDGE('',*,*,#2038,.F.);
#779=ORIENTED_EDGE('',*,*,#2039,.F.);
#780=ORIENTED_EDGE('',*,*,#2040,.F.);
#781=ORIENTED_EDGE('',*,*,#2041,.T.);
#782=ORIENTED_EDGE('',*,*,#2042,.T.);
#783=ORIENTED_EDGE('',*,*,#2043,.T.);
#784=ORIENTED_EDGE('',*,*,#2044,.F.);
#785=ORIENTED_EDGE('',*,*,#2045,.T.);
#786=ORIENTED_EDGE('',*,*,#2046,.T.);
#787=ORIENTED_EDGE('',*,*,#2047,.T.);
#788=ORIENTED_EDGE('',*,*,#2040,.T.);
#789=ORIENTED_EDGE('',*,*,#2048,.T.);
#790=ORIENTED_EDGE('',*,*,#2049,.T.);
#791=ORIENTED_EDGE('',*,*,#2050,.T.);
#792=ORIENTED_EDGE('',*,*,#2051,.F.);
#793=ORIENTED_EDGE('',*,*,#2052,.T.);
#794=ORIENTED_EDGE('',*,*,#2023,.T.);
#795=ORIENTED_EDGE('',*,*,#1960,.T.);
#796=ORIENTED_EDGE('',*,*,#2009,.F.);
#797=ORIENTED_EDGE('',*,*,#2053,.T.);
#798=ORIENTED_EDGE('',*,*,#2048,.F.);
#799=ORIENTED_EDGE('',*,*,#2039,.T.);
#800=ORIENTED_EDGE('',*,*,#2054,.F.);
#801=ORIENTED_EDGE('',*,*,#1954,.F.);
#802=ORIENTED_EDGE('',*,*,#2055,.F.);
#803=ORIENTED_EDGE('',*,*,#2056,.T.);
#804=ORIENTED_EDGE('',*,*,#1964,.F.);
#805=ORIENTED_EDGE('',*,*,#2028,.T.);
#806=ORIENTED_EDGE('',*,*,#1972,.F.);
#807=ORIENTED_EDGE('',*,*,#2057,.F.);
#808=ORIENTED_EDGE('',*,*,#2058,.T.);
#809=ORIENTED_EDGE('',*,*,#2059,.T.);
#810=ORIENTED_EDGE('',*,*,#2005,.F.);
#811=ORIENTED_EDGE('',*,*,#2060,.F.);
#812=ORIENTED_EDGE('',*,*,#2061,.F.);
#813=ORIENTED_EDGE('',*,*,#2017,.F.);
#814=ORIENTED_EDGE('',*,*,#2021,.F.);
#815=ORIENTED_EDGE('',*,*,#2062,.T.);
#816=ORIENTED_EDGE('',*,*,#2063,.F.);
#817=ORIENTED_EDGE('',*,*,#2064,.T.);
#818=ORIENTED_EDGE('',*,*,#2034,.F.);
#819=ORIENTED_EDGE('',*,*,#2065,.T.);
#820=ORIENTED_EDGE('',*,*,#2066,.F.);
#821=ORIENTED_EDGE('',*,*,#2067,.T.);
#822=ORIENTED_EDGE('',*,*,#1984,.F.);
#823=ORIENTED_EDGE('',*,*,#2068,.T.);
#824=ORIENTED_EDGE('',*,*,#2069,.F.);
#825=ORIENTED_EDGE('',*,*,#1976,.F.);
#826=ORIENTED_EDGE('',*,*,#2070,.T.);
#827=ORIENTED_EDGE('',*,*,#2071,.T.);
#828=ORIENTED_EDGE('',*,*,#2072,.T.);
#829=ORIENTED_EDGE('',*,*,#2073,.F.);
#830=ORIENTED_EDGE('',*,*,#2074,.F.);
#831=ORIENTED_EDGE('',*,*,#2075,.T.);
#832=ORIENTED_EDGE('',*,*,#2024,.T.);
#833=ORIENTED_EDGE('',*,*,#2052,.F.);
#834=ORIENTED_EDGE('',*,*,#2076,.T.);
#835=ORIENTED_EDGE('',*,*,#1988,.T.);
#836=ORIENTED_EDGE('',*,*,#2077,.T.);
#837=ORIENTED_EDGE('',*,*,#1993,.F.);
#838=ORIENTED_EDGE('',*,*,#2045,.F.);
#839=ORIENTED_EDGE('',*,*,#2078,.F.);
#840=ORIENTED_EDGE('',*,*,#2079,.F.);
#841=ORIENTED_EDGE('',*,*,#2062,.F.);
#842=ORIENTED_EDGE('',*,*,#2004,.F.);
#843=ORIENTED_EDGE('',*,*,#2080,.F.);
#844=ORIENTED_EDGE('',*,*,#2081,.F.);
#845=ORIENTED_EDGE('',*,*,#2060,.T.);
#846=ORIENTED_EDGE('',*,*,#2082,.T.);
#847=ORIENTED_EDGE('',*,*,#1938,.T.);
#848=ORIENTED_EDGE('',*,*,#2083,.T.);
#849=ORIENTED_EDGE('',*,*,#2050,.F.);
#850=ORIENTED_EDGE('',*,*,#2084,.F.);
#851=ORIENTED_EDGE('',*,*,#2085,.F.);
#852=ORIENTED_EDGE('',*,*,#2020,.F.);
#853=ORIENTED_EDGE('',*,*,#2086,.T.);
#854=ORIENTED_EDGE('',*,*,#1973,.T.);
#855=ORIENTED_EDGE('',*,*,#2069,.T.);
#856=ORIENTED_EDGE('',*,*,#2087,.F.);
#857=ORIENTED_EDGE('',*,*,#2012,.F.);
#858=ORIENTED_EDGE('',*,*,#2043,.F.);
#859=ORIENTED_EDGE('',*,*,#2088,.F.);
#860=ORIENTED_EDGE('',*,*,#2089,.F.);
#861=ORIENTED_EDGE('',*,*,#2090,.F.);
#862=ORIENTED_EDGE('',*,*,#2035,.F.);
#863=ORIENTED_EDGE('',*,*,#2067,.F.);
#864=ORIENTED_EDGE('',*,*,#2091,.F.);
#865=ORIENTED_EDGE('',*,*,#1978,.F.);
#866=ORIENTED_EDGE('',*,*,#2033,.F.);
#867=ORIENTED_EDGE('',*,*,#2092,.F.);
#868=ORIENTED_EDGE('',*,*,#2093,.F.);
#869=ORIENTED_EDGE('',*,*,#2065,.F.);
#870=ORIENTED_EDGE('',*,*,#2094,.F.);
#871=ORIENTED_EDGE('',*,*,#2095,.F.);
#872=ORIENTED_EDGE('',*,*,#2025,.F.);
#873=ORIENTED_EDGE('',*,*,#2075,.F.);
#874=ORIENTED_EDGE('',*,*,#1956,.F.);
#875=ORIENTED_EDGE('',*,*,#2096,.F.);
#876=ORIENTED_EDGE('',*,*,#2037,.F.);
#877=ORIENTED_EDGE('',*,*,#1949,.F.);
#878=ORIENTED_EDGE('',*,*,#2026,.T.);
#879=ORIENTED_EDGE('',*,*,#2095,.T.);
#880=ORIENTED_EDGE('',*,*,#2097,.F.);
#881=ORIENTED_EDGE('',*,*,#2098,.T.);
#882=ORIENTED_EDGE('',*,*,#2099,.F.);
#883=ORIENTED_EDGE('',*,*,#2100,.F.);
#884=ORIENTED_EDGE('',*,*,#2029,.F.);
#885=ORIENTED_EDGE('',*,*,#1962,.F.);
#886=ORIENTED_EDGE('',*,*,#2031,.F.);
#887=ORIENTED_EDGE('',*,*,#2101,.F.);
#888=ORIENTED_EDGE('',*,*,#2102,.F.);
#889=ORIENTED_EDGE('',*,*,#2103,.F.);
#890=ORIENTED_EDGE('',*,*,#1950,.F.);
#891=ORIENTED_EDGE('',*,*,#1947,.F.);
#892=ORIENTED_EDGE('',*,*,#2036,.F.);
#893=ORIENTED_EDGE('',*,*,#1943,.F.);
#894=ORIENTED_EDGE('',*,*,#2042,.F.);
#895=ORIENTED_EDGE('',*,*,#2104,.T.);
#896=ORIENTED_EDGE('',*,*,#2105,.F.);
#897=ORIENTED_EDGE('',*,*,#2088,.T.);
#898=ORIENTED_EDGE('',*,*,#2086,.F.);
#899=ORIENTED_EDGE('',*,*,#2019,.F.);
#900=ORIENTED_EDGE('',*,*,#1980,.F.);
#901=ORIENTED_EDGE('',*,*,#1974,.T.);
#902=ORIENTED_EDGE('',*,*,#2022,.F.);
#903=ORIENTED_EDGE('',*,*,#2064,.F.);
#904=ORIENTED_EDGE('',*,*,#2106,.F.);
#905=ORIENTED_EDGE('',*,*,#1958,.F.);
#906=ORIENTED_EDGE('',*,*,#2107,.F.);
#907=ORIENTED_EDGE('',*,*,#2108,.F.);
#908=ORIENTED_EDGE('',*,*,#2072,.F.);
#909=ORIENTED_EDGE('',*,*,#2109,.F.);
#910=ORIENTED_EDGE('',*,*,#2110,.F.);
#911=ORIENTED_EDGE('',*,*,#2104,.F.);
#912=ORIENTED_EDGE('',*,*,#2041,.F.);
#913=ORIENTED_EDGE('',*,*,#2047,.F.);
#914=ORIENTED_EDGE('',*,*,#2077,.F.);
#915=ORIENTED_EDGE('',*,*,#1987,.F.);
#916=ORIENTED_EDGE('',*,*,#1991,.F.);
#917=ORIENTED_EDGE('',*,*,#1994,.F.);
#918=ORIENTED_EDGE('',*,*,#2111,.T.);
#919=ORIENTED_EDGE('',*,*,#2112,.T.);
#920=ORIENTED_EDGE('',*,*,#2109,.T.);
#921=ORIENTED_EDGE('',*,*,#2071,.F.);
#922=ORIENTED_EDGE('',*,*,#2113,.T.);
#923=ORIENTED_EDGE('',*,*,#2114,.T.);
#924=ORIENTED_EDGE('',*,*,#2115,.F.);
#925=ORIENTED_EDGE('',*,*,#2055,.T.);
#926=ORIENTED_EDGE('',*,*,#2081,.T.);
#927=ORIENTED_EDGE('',*,*,#2116,.T.);
#928=ORIENTED_EDGE('',*,*,#2117,.F.);
#929=ORIENTED_EDGE('',*,*,#1997,.F.);
#930=ORIENTED_EDGE('',*,*,#2018,.F.);
#931=ORIENTED_EDGE('',*,*,#2061,.T.);
#932=ORIENTED_EDGE('',*,*,#2118,.T.);
#933=ORIENTED_EDGE('',*,*,#1933,.T.);
#934=ORIENTED_EDGE('',*,*,#2119,.T.);
#935=ORIENTED_EDGE('',*,*,#2120,.F.);
#936=ORIENTED_EDGE('',*,*,#2063,.T.);
#937=ORIENTED_EDGE('',*,*,#2079,.T.);
#938=ORIENTED_EDGE('',*,*,#2121,.T.);
#939=ORIENTED_EDGE('',*,*,#2089,.T.);
#940=ORIENTED_EDGE('',*,*,#2105,.T.);
#941=ORIENTED_EDGE('',*,*,#2110,.T.);
#942=ORIENTED_EDGE('',*,*,#2046,.F.);
#943=ORIENTED_EDGE('',*,*,#2053,.F.);
#944=ORIENTED_EDGE('',*,*,#2008,.T.);
#945=ORIENTED_EDGE('',*,*,#1936,.T.);
#946=ORIENTED_EDGE('',*,*,#2122,.T.);
#947=ORIENTED_EDGE('',*,*,#1965,.F.);
#948=ORIENTED_EDGE('',*,*,#1979,.F.);
#949=ORIENTED_EDGE('',*,*,#2091,.T.);
#950=ORIENTED_EDGE('',*,*,#2066,.T.);
#951=ORIENTED_EDGE('',*,*,#2093,.T.);
#952=ORIENTED_EDGE('',*,*,#2123,.T.);
#953=ORIENTED_EDGE('',*,*,#2102,.T.);
#954=ORIENTED_EDGE('',*,*,#2124,.T.);
#955=ORIENTED_EDGE('',*,*,#2099,.T.);
#956=ORIENTED_EDGE('',*,*,#1961,.F.);
#957=ORIENTED_EDGE('',*,*,#2056,.F.);
#958=ORIENTED_EDGE('',*,*,#2115,.T.);
#959=ORIENTED_EDGE('',*,*,#2125,.T.);
#960=ORIENTED_EDGE('',*,*,#2084,.T.);
#961=ORIENTED_EDGE('',*,*,#2049,.F.);
#962=ORIENTED_EDGE('',*,*,#1959,.F.);
#963=ORIENTED_EDGE('',*,*,#2106,.T.);
#964=ORIENTED_EDGE('',*,*,#2058,.F.);
#965=ORIENTED_EDGE('',*,*,#2082,.F.);
#966=ORIENTED_EDGE('',*,*,#2126,.F.);
#967=ORIENTED_EDGE('',*,*,#2015,.T.);
#968=ORIENTED_EDGE('',*,*,#2127,.F.);
#969=ORIENTED_EDGE('',*,*,#2000,.T.);
#970=ORIENTED_EDGE('',*,*,#1939,.F.);
#971=ORIENTED_EDGE('',*,*,#1930,.F.);
#972=ORIENTED_EDGE('',*,*,#2118,.F.);
#973=ORIENTED_EDGE('',*,*,#2128,.F.);
#974=ORIENTED_EDGE('',*,*,#2129,.F.);
#975=ORIENTED_EDGE('',*,*,#2111,.F.);
#976=ORIENTED_EDGE('',*,*,#2070,.F.);
#977=ORIENTED_EDGE('',*,*,#2130,.F.);
#978=ORIENTED_EDGE('',*,*,#2076,.F.);
#979=ORIENTED_EDGE('',*,*,#1992,.F.);
#980=ORIENTED_EDGE('',*,*,#1989,.F.);
#981=ORIENTED_EDGE('',*,*,#1985,.F.);
#982=ORIENTED_EDGE('',*,*,#1941,.F.);
#983=ORIENTED_EDGE('',*,*,#2131,.F.);
#984=ORIENTED_EDGE('',*,*,#2119,.F.);
#985=ORIENTED_EDGE('',*,*,#1932,.F.);
#986=ORIENTED_EDGE('',*,*,#2128,.T.);
#987=ORIENTED_EDGE('',*,*,#2120,.T.);
#988=ORIENTED_EDGE('',*,*,#2131,.T.);
#989=ORIENTED_EDGE('',*,*,#1940,.F.);
#990=ORIENTED_EDGE('',*,*,#2130,.T.);
#991=ORIENTED_EDGE('',*,*,#2073,.T.);
#992=ORIENTED_EDGE('',*,*,#2108,.T.);
#993=ORIENTED_EDGE('',*,*,#2132,.F.);
#994=ORIENTED_EDGE('',*,*,#2059,.F.);
#995=ORIENTED_EDGE('',*,*,#2129,.T.);
#996=ORIENTED_EDGE('',*,*,#2132,.T.);
#997=ORIENTED_EDGE('',*,*,#2107,.T.);
#998=ORIENTED_EDGE('',*,*,#2112,.F.);
#999=ORIENTED_EDGE('',*,*,#1952,.T.);
#1000=ORIENTED_EDGE('',*,*,#1966,.F.);
#1001=ORIENTED_EDGE('',*,*,#2122,.F.);
#1002=ORIENTED_EDGE('',*,*,#1935,.F.);
#1003=ORIENTED_EDGE('',*,*,#2038,.T.);
#1004=ORIENTED_EDGE('',*,*,#2096,.T.);
#1005=ORIENTED_EDGE('',*,*,#1955,.F.);
#1006=ORIENTED_EDGE('',*,*,#2054,.T.);
#1007=ORIENTED_EDGE('',*,*,#2133,.T.);
#1008=ORIENTED_EDGE('',*,*,#2085,.T.);
#1009=ORIENTED_EDGE('',*,*,#2125,.F.);
#1010=ORIENTED_EDGE('',*,*,#2114,.F.);
#1011=ORIENTED_EDGE('',*,*,#2097,.T.);
#1012=ORIENTED_EDGE('',*,*,#2094,.T.);
#1013=ORIENTED_EDGE('',*,*,#2074,.T.);
#1014=ORIENTED_EDGE('',*,*,#2051,.T.);
#1015=ORIENTED_EDGE('',*,*,#2083,.F.);
#1016=ORIENTED_EDGE('',*,*,#2133,.F.);
#1017=ORIENTED_EDGE('',*,*,#2113,.F.);
#1018=ORIENTED_EDGE('',*,*,#2057,.T.);
#1019=ORIENTED_EDGE('',*,*,#1971,.T.);
#1020=ORIENTED_EDGE('',*,*,#2134,.T.);
#1021=ORIENTED_EDGE('',*,*,#2123,.F.);
#1022=ORIENTED_EDGE('',*,*,#2092,.T.);
#1023=ORIENTED_EDGE('',*,*,#2032,.T.);
#1024=ORIENTED_EDGE('',*,*,#2103,.T.);
#1025=ORIENTED_EDGE('',*,*,#2121,.F.);
#1026=ORIENTED_EDGE('',*,*,#2078,.T.);
#1027=ORIENTED_EDGE('',*,*,#2044,.T.);
#1028=ORIENTED_EDGE('',*,*,#2090,.T.);
#1029=ORIENTED_EDGE('',*,*,#2030,.F.);
#1030=ORIENTED_EDGE('',*,*,#2100,.T.);
#1031=ORIENTED_EDGE('',*,*,#2124,.F.);
#1032=ORIENTED_EDGE('',*,*,#2101,.T.);
#1033=ORIENTED_EDGE('',*,*,#2135,.F.);
#1034=ORIENTED_EDGE('',*,*,#2116,.F.);
#1035=ORIENTED_EDGE('',*,*,#2080,.T.);
#1036=ORIENTED_EDGE('',*,*,#2003,.F.);
#1037=ORIENTED_EDGE('',*,*,#2068,.F.);
#1038=ORIENTED_EDGE('',*,*,#1983,.T.);
#1039=ORIENTED_EDGE('',*,*,#1995,.F.);
#1040=ORIENTED_EDGE('',*,*,#2136,.F.);
#1041=ORIENTED_EDGE('',*,*,#2013,.F.);
#1042=ORIENTED_EDGE('',*,*,#2087,.T.);
#1043=ORIENTED_EDGE('',*,*,#2135,.T.);
#1044=ORIENTED_EDGE('',*,*,#2002,.T.);
#1045=ORIENTED_EDGE('',*,*,#2010,.F.);
#1046=ORIENTED_EDGE('',*,*,#2137,.F.);
#1047=ORIENTED_EDGE('',*,*,#1998,.F.);
#1048=ORIENTED_EDGE('',*,*,#2117,.T.);
#1049=ORIENTED_EDGE('',*,*,#2134,.F.);
#1050=ORIENTED_EDGE('',*,*,#1970,.F.);
#1051=ORIENTED_EDGE('',*,*,#2027,.F.);
#1052=ORIENTED_EDGE('',*,*,#2098,.F.);
#1053=ORIENTED_EDGE('',*,*,#2136,.T.);
#1054=ORIENTED_EDGE('',*,*,#2001,.F.);
#1055=ORIENTED_EDGE('',*,*,#2127,.T.);
#1056=ORIENTED_EDGE('',*,*,#2014,.T.);
#1057=ORIENTED_EDGE('',*,*,#2137,.T.);
#1058=ORIENTED_EDGE('',*,*,#2016,.F.);
#1059=ORIENTED_EDGE('',*,*,#2126,.T.);
#1060=ORIENTED_EDGE('',*,*,#1999,.T.);
#1061=ORIENTED_EDGE('',*,*,#2138,.T.);
#1062=ORIENTED_EDGE('',*,*,#2139,.F.);
#1063=ORIENTED_EDGE('',*,*,#2140,.F.);
#1064=ORIENTED_EDGE('',*,*,#2141,.T.);
#1065=ORIENTED_EDGE('',*,*,#2142,.F.);
#1066=ORIENTED_EDGE('',*,*,#2143,.F.);
#1067=ORIENTED_EDGE('',*,*,#2144,.T.);
#1068=ORIENTED_EDGE('',*,*,#2145,.T.);
#1069=ORIENTED_EDGE('',*,*,#2146,.T.);
#1070=ORIENTED_EDGE('',*,*,#2147,.T.);
#1071=ORIENTED_EDGE('',*,*,#2148,.T.);
#1072=ORIENTED_EDGE('',*,*,#2140,.T.);
#1073=ORIENTED_EDGE('',*,*,#2149,.F.);
#1074=ORIENTED_EDGE('',*,*,#2144,.F.);
#1075=ORIENTED_EDGE('',*,*,#2150,.F.);
#1076=ORIENTED_EDGE('',*,*,#2151,.F.);
#1077=ORIENTED_EDGE('',*,*,#2152,.T.);
#1078=ORIENTED_EDGE('',*,*,#2153,.T.);
#1079=ORIENTED_EDGE('',*,*,#2154,.T.);
#1080=ORIENTED_EDGE('',*,*,#2142,.T.);
#1081=ORIENTED_EDGE('',*,*,#2155,.F.);
#1082=ORIENTED_EDGE('',*,*,#2138,.F.);
#1083=ORIENTED_EDGE('',*,*,#2156,.F.);
#1084=ORIENTED_EDGE('',*,*,#2157,.F.);
#1085=ORIENTED_EDGE('',*,*,#2155,.T.);
#1086=ORIENTED_EDGE('',*,*,#2158,.F.);
#1087=ORIENTED_EDGE('',*,*,#2146,.F.);
#1088=ORIENTED_EDGE('',*,*,#2139,.T.);
#1089=ORIENTED_EDGE('',*,*,#2156,.T.);
#1090=ORIENTED_EDGE('',*,*,#2141,.F.);
#1091=ORIENTED_EDGE('',*,*,#2148,.F.);
#1092=ORIENTED_EDGE('',*,*,#2159,.T.);
#1093=ORIENTED_EDGE('',*,*,#2157,.T.);
#1094=ORIENTED_EDGE('',*,*,#2159,.F.);
#1095=ORIENTED_EDGE('',*,*,#2147,.F.);
#1096=ORIENTED_EDGE('',*,*,#2158,.T.);
#1097=ORIENTED_EDGE('',*,*,#2152,.F.);
#1098=ORIENTED_EDGE('',*,*,#2145,.F.);
#1099=ORIENTED_EDGE('',*,*,#2149,.T.);
#1100=ORIENTED_EDGE('',*,*,#2160,.T.);
#1101=ORIENTED_EDGE('',*,*,#2154,.F.);
#1102=ORIENTED_EDGE('',*,*,#2161,.F.);
#1103=ORIENTED_EDGE('',*,*,#2150,.T.);
#1104=ORIENTED_EDGE('',*,*,#2143,.T.);
#1105=ORIENTED_EDGE('',*,*,#2153,.F.);
#1106=ORIENTED_EDGE('',*,*,#2160,.F.);
#1107=ORIENTED_EDGE('',*,*,#2151,.T.);
#1108=ORIENTED_EDGE('',*,*,#2161,.T.);
#1109=ORIENTED_EDGE('',*,*,#2162,.T.);
#1110=ORIENTED_EDGE('',*,*,#2163,.T.);
#1111=ORIENTED_EDGE('',*,*,#2164,.T.);
#1112=ORIENTED_EDGE('',*,*,#2165,.T.);
#1113=ORIENTED_EDGE('',*,*,#2166,.T.);
#1114=ORIENTED_EDGE('',*,*,#2167,.T.);
#1115=ORIENTED_EDGE('',*,*,#2168,.T.);
#1116=ORIENTED_EDGE('',*,*,#2169,.T.);
#1117=ORIENTED_EDGE('',*,*,#2170,.F.);
#1118=ORIENTED_EDGE('',*,*,#2171,.F.);
#1119=ORIENTED_EDGE('',*,*,#2172,.F.);
#1120=ORIENTED_EDGE('',*,*,#2173,.F.);
#1121=ORIENTED_EDGE('',*,*,#2166,.F.);
#1122=ORIENTED_EDGE('',*,*,#2174,.F.);
#1123=ORIENTED_EDGE('',*,*,#2175,.T.);
#1124=ORIENTED_EDGE('',*,*,#2176,.T.);
#1125=ORIENTED_EDGE('',*,*,#2168,.F.);
#1126=ORIENTED_EDGE('',*,*,#2177,.F.);
#1127=ORIENTED_EDGE('',*,*,#2178,.T.);
#1128=ORIENTED_EDGE('',*,*,#2179,.T.);
#1129=ORIENTED_EDGE('',*,*,#2170,.T.);
#1130=ORIENTED_EDGE('',*,*,#2180,.F.);
#1131=ORIENTED_EDGE('',*,*,#2162,.F.);
#1132=ORIENTED_EDGE('',*,*,#2181,.T.);
#1133=ORIENTED_EDGE('',*,*,#2169,.F.);
#1134=ORIENTED_EDGE('',*,*,#2179,.F.);
#1135=ORIENTED_EDGE('',*,*,#2182,.T.);
#1136=ORIENTED_EDGE('',*,*,#2174,.T.);
#1137=ORIENTED_EDGE('',*,*,#2171,.T.);
#1138=ORIENTED_EDGE('',*,*,#2181,.F.);
#1139=ORIENTED_EDGE('',*,*,#2165,.F.);
#1140=ORIENTED_EDGE('',*,*,#2183,.T.);
#1141=ORIENTED_EDGE('',*,*,#2173,.T.);
#1142=ORIENTED_EDGE('',*,*,#2184,.F.);
#1143=ORIENTED_EDGE('',*,*,#2163,.F.);
#1144=ORIENTED_EDGE('',*,*,#2180,.T.);
#1145=ORIENTED_EDGE('',*,*,#2172,.T.);
#1146=ORIENTED_EDGE('',*,*,#2183,.F.);
#1147=ORIENTED_EDGE('',*,*,#2164,.F.);
#1148=ORIENTED_EDGE('',*,*,#2184,.T.);
#1149=ORIENTED_EDGE('',*,*,#2167,.F.);
#1150=ORIENTED_EDGE('',*,*,#2176,.F.);
#1151=ORIENTED_EDGE('',*,*,#2185,.T.);
#1152=ORIENTED_EDGE('',*,*,#2177,.T.);
#1153=ORIENTED_EDGE('',*,*,#2175,.F.);
#1154=ORIENTED_EDGE('',*,*,#2182,.F.);
#1155=ORIENTED_EDGE('',*,*,#2178,.F.);
#1156=ORIENTED_EDGE('',*,*,#2185,.F.);
#1157=ORIENTED_EDGE('',*,*,#2186,.F.);
#1158=ORIENTED_EDGE('',*,*,#2187,.F.);
#1159=ORIENTED_EDGE('',*,*,#2188,.T.);
#1160=ORIENTED_EDGE('',*,*,#2189,.T.);
#1161=ORIENTED_EDGE('',*,*,#2190,.F.);
#1162=ORIENTED_EDGE('',*,*,#2191,.F.);
#1163=ORIENTED_EDGE('',*,*,#2192,.F.);
#1164=ORIENTED_EDGE('',*,*,#2193,.F.);
#1165=ORIENTED_EDGE('',*,*,#2194,.F.);
#1166=ORIENTED_EDGE('',*,*,#2195,.T.);
#1167=ORIENTED_EDGE('',*,*,#2196,.T.);
#1168=ORIENTED_EDGE('',*,*,#2197,.F.);
#1169=ORIENTED_EDGE('',*,*,#2198,.F.);
#1170=ORIENTED_EDGE('',*,*,#2199,.F.);
#1171=ORIENTED_EDGE('',*,*,#2197,.T.);
#1172=ORIENTED_EDGE('',*,*,#2200,.T.);
#1173=ORIENTED_EDGE('',*,*,#2201,.F.);
#1174=ORIENTED_EDGE('',*,*,#2202,.F.);
#1175=ORIENTED_EDGE('',*,*,#2186,.T.);
#1176=ORIENTED_EDGE('',*,*,#2203,.T.);
#1177=ORIENTED_EDGE('',*,*,#2204,.F.);
#1178=ORIENTED_EDGE('',*,*,#2205,.T.);
#1179=ORIENTED_EDGE('',*,*,#2206,.T.);
#1180=ORIENTED_EDGE('',*,*,#2207,.F.);
#1181=ORIENTED_EDGE('',*,*,#2208,.T.);
#1182=ORIENTED_EDGE('',*,*,#2209,.F.);
#1183=ORIENTED_EDGE('',*,*,#2210,.T.);
#1184=ORIENTED_EDGE('',*,*,#2211,.F.);
#1185=ORIENTED_EDGE('',*,*,#2212,.T.);
#1186=ORIENTED_EDGE('',*,*,#2213,.F.);
#1187=ORIENTED_EDGE('',*,*,#2187,.T.);
#1188=ORIENTED_EDGE('',*,*,#2214,.F.);
#1189=ORIENTED_EDGE('',*,*,#2215,.T.);
#1190=ORIENTED_EDGE('',*,*,#2216,.F.);
#1191=ORIENTED_EDGE('',*,*,#2217,.T.);
#1192=ORIENTED_EDGE('',*,*,#2214,.T.);
#1193=ORIENTED_EDGE('',*,*,#2202,.T.);
#1194=ORIENTED_EDGE('',*,*,#2211,.T.);
#1195=ORIENTED_EDGE('',*,*,#2218,.F.);
#1196=ORIENTED_EDGE('',*,*,#2219,.T.);
#1197=ORIENTED_EDGE('',*,*,#2206,.F.);
#1198=ORIENTED_EDGE('',*,*,#2220,.T.);
#1199=ORIENTED_EDGE('',*,*,#2221,.F.);
#1200=ORIENTED_EDGE('',*,*,#2222,.T.);
#1201=ORIENTED_EDGE('',*,*,#2223,.F.);
#1202=ORIENTED_EDGE('',*,*,#2224,.T.);
#1203=ORIENTED_EDGE('',*,*,#2225,.F.);
#1204=ORIENTED_EDGE('',*,*,#2226,.T.);
#1205=ORIENTED_EDGE('',*,*,#2227,.F.);
#1206=ORIENTED_EDGE('',*,*,#2228,.T.);
#1207=ORIENTED_EDGE('',*,*,#2229,.F.);
#1208=ORIENTED_EDGE('',*,*,#2230,.T.);
#1209=ORIENTED_EDGE('',*,*,#2231,.T.);
#1210=ORIENTED_EDGE('',*,*,#2191,.T.);
#1211=ORIENTED_EDGE('',*,*,#2232,.T.);
#1212=ORIENTED_EDGE('',*,*,#2233,.T.);
#1213=ORIENTED_EDGE('',*,*,#2234,.F.);
#1214=ORIENTED_EDGE('',*,*,#2235,.F.);
#1215=ORIENTED_EDGE('',*,*,#2236,.T.);
#1216=ORIENTED_EDGE('',*,*,#2237,.F.);
#1217=ORIENTED_EDGE('',*,*,#2218,.T.);
#1218=ORIENTED_EDGE('',*,*,#2238,.F.);
#1219=ORIENTED_EDGE('',*,*,#2239,.F.);
#1220=ORIENTED_EDGE('',*,*,#2240,.T.);
#1221=ORIENTED_EDGE('',*,*,#2241,.T.);
#1222=ORIENTED_EDGE('',*,*,#2242,.F.);
#1223=ORIENTED_EDGE('',*,*,#2235,.T.);
#1224=ORIENTED_EDGE('',*,*,#2243,.F.);
#1225=ORIENTED_EDGE('',*,*,#2204,.T.);
#1226=ORIENTED_EDGE('',*,*,#2244,.F.);
#1227=ORIENTED_EDGE('',*,*,#2245,.F.);
#1228=ORIENTED_EDGE('',*,*,#2246,.T.);
#1229=ORIENTED_EDGE('',*,*,#2223,.T.);
#1230=ORIENTED_EDGE('',*,*,#2247,.F.);
#1231=ORIENTED_EDGE('',*,*,#2248,.F.);
#1232=ORIENTED_EDGE('',*,*,#2244,.T.);
#1233=ORIENTED_EDGE('',*,*,#2249,.T.);
#1234=ORIENTED_EDGE('',*,*,#2250,.F.);
#1235=ORIENTED_EDGE('',*,*,#2251,.F.);
#1236=ORIENTED_EDGE('',*,*,#2238,.T.);
#1237=ORIENTED_EDGE('',*,*,#2252,.T.);
#1238=ORIENTED_EDGE('',*,*,#2205,.F.);
#1239=ORIENTED_EDGE('',*,*,#2253,.F.);
#1240=ORIENTED_EDGE('',*,*,#2250,.T.);
#1241=ORIENTED_EDGE('',*,*,#2254,.T.);
#1242=ORIENTED_EDGE('',*,*,#2255,.F.);
#1243=ORIENTED_EDGE('',*,*,#2193,.T.);
#1244=ORIENTED_EDGE('',*,*,#2256,.T.);
#1245=ORIENTED_EDGE('',*,*,#2188,.F.);
#1246=ORIENTED_EDGE('',*,*,#2257,.F.);
#1247=ORIENTED_EDGE('',*,*,#2233,.F.);
#1248=ORIENTED_EDGE('',*,*,#2258,.F.);
#1249=ORIENTED_EDGE('',*,*,#2230,.F.);
#1250=ORIENTED_EDGE('',*,*,#2259,.F.);
#1251=ORIENTED_EDGE('',*,*,#2228,.F.);
#1252=ORIENTED_EDGE('',*,*,#2203,.F.);
#1253=ORIENTED_EDGE('',*,*,#2260,.F.);
#1254=ORIENTED_EDGE('',*,*,#2246,.F.);
#1255=ORIENTED_EDGE('',*,*,#2261,.F.);
#1256=ORIENTED_EDGE('',*,*,#2207,.T.);
#1257=ORIENTED_EDGE('',*,*,#2262,.T.);
#1258=ORIENTED_EDGE('',*,*,#2240,.F.);
#1259=ORIENTED_EDGE('',*,*,#2263,.F.);
#1260=ORIENTED_EDGE('',*,*,#2247,.T.);
#1261=ORIENTED_EDGE('',*,*,#2264,.T.);
#1262=ORIENTED_EDGE('',*,*,#2265,.F.);
#1263=ORIENTED_EDGE('',*,*,#2217,.F.);
#1264=ORIENTED_EDGE('',*,*,#2266,.T.);
#1265=ORIENTED_EDGE('',*,*,#2259,.T.);
#1266=ORIENTED_EDGE('',*,*,#2267,.F.);
#1267=ORIENTED_EDGE('',*,*,#2268,.F.);
#1268=ORIENTED_EDGE('',*,*,#2269,.F.);
#1269=ORIENTED_EDGE('',*,*,#2270,.F.);
#1270=ORIENTED_EDGE('',*,*,#2266,.F.);
#1271=ORIENTED_EDGE('',*,*,#2210,.F.);
#1272=ORIENTED_EDGE('',*,*,#2198,.T.);
#1273=ORIENTED_EDGE('',*,*,#2225,.T.);
#1274=ORIENTED_EDGE('',*,*,#2271,.F.);
#1275=ORIENTED_EDGE('',*,*,#2272,.F.);
#1276=ORIENTED_EDGE('',*,*,#2273,.T.);
#1277=ORIENTED_EDGE('',*,*,#2274,.T.);
#1278=ORIENTED_EDGE('',*,*,#2275,.F.);
#1279=ORIENTED_EDGE('',*,*,#2276,.F.);
#1280=ORIENTED_EDGE('',*,*,#2271,.T.);
#1281=ORIENTED_EDGE('',*,*,#2277,.T.);
#1282=ORIENTED_EDGE('',*,*,#2195,.F.);
#1283=ORIENTED_EDGE('',*,*,#2278,.F.);
#1284=ORIENTED_EDGE('',*,*,#2275,.T.);
#1285=ORIENTED_EDGE('',*,*,#2279,.T.);
#1286=ORIENTED_EDGE('',*,*,#2280,.T.);
#1287=ORIENTED_EDGE('',*,*,#2268,.T.);
#1288=ORIENTED_EDGE('',*,*,#2281,.F.);
#1289=ORIENTED_EDGE('',*,*,#2282,.T.);
#1290=ORIENTED_EDGE('',*,*,#2283,.F.);
#1291=ORIENTED_EDGE('',*,*,#2270,.T.);
#1292=ORIENTED_EDGE('',*,*,#2284,.T.);
#1293=ORIENTED_EDGE('',*,*,#2285,.T.);
#1294=ORIENTED_EDGE('',*,*,#2282,.F.);
#1295=ORIENTED_EDGE('',*,*,#2212,.F.);
#1296=ORIENTED_EDGE('',*,*,#2201,.T.);
#1297=ORIENTED_EDGE('',*,*,#2227,.T.);
#1298=ORIENTED_EDGE('',*,*,#2273,.F.);
#1299=ORIENTED_EDGE('',*,*,#2215,.F.);
#1300=ORIENTED_EDGE('',*,*,#2265,.T.);
#1301=ORIENTED_EDGE('',*,*,#2286,.T.);
#1302=ORIENTED_EDGE('',*,*,#2287,.F.);
#1303=ORIENTED_EDGE('',*,*,#2288,.T.);
#1304=ORIENTED_EDGE('',*,*,#2236,.F.);
#1305=ORIENTED_EDGE('',*,*,#2289,.F.);
#1306=ORIENTED_EDGE('',*,*,#2290,.F.);
#1307=ORIENTED_EDGE('',*,*,#2291,.T.);
#1308=ORIENTED_EDGE('',*,*,#2292,.T.);
#1309=ORIENTED_EDGE('',*,*,#2221,.T.);
#1310=ORIENTED_EDGE('',*,*,#2293,.F.);
#1311=ORIENTED_EDGE('',*,*,#2287,.T.);
#1312=ORIENTED_EDGE('',*,*,#2208,.F.);
#1313=ORIENTED_EDGE('',*,*,#2288,.F.);
#1314=ORIENTED_EDGE('',*,*,#2293,.T.);
#1315=ORIENTED_EDGE('',*,*,#2224,.F.);
#1316=ORIENTED_EDGE('',*,*,#2262,.F.);
#1317=ORIENTED_EDGE('',*,*,#2219,.F.);
#1318=ORIENTED_EDGE('',*,*,#2237,.T.);
#1319=ORIENTED_EDGE('',*,*,#2231,.F.);
#1320=ORIENTED_EDGE('',*,*,#2258,.T.);
#1321=ORIENTED_EDGE('',*,*,#2232,.F.);
#1322=ORIENTED_EDGE('',*,*,#2220,.F.);
#1323=ORIENTED_EDGE('',*,*,#2254,.F.);
#1324=ORIENTED_EDGE('',*,*,#2252,.F.);
#1325=ORIENTED_EDGE('',*,*,#2241,.F.);
#1326=ORIENTED_EDGE('',*,*,#2264,.F.);
#1327=ORIENTED_EDGE('',*,*,#2249,.F.);
#1328=ORIENTED_EDGE('',*,*,#2222,.F.);
#1329=ORIENTED_EDGE('',*,*,#2292,.F.);
#1330=ORIENTED_EDGE('',*,*,#2294,.T.);
#1331=ORIENTED_EDGE('',*,*,#2284,.F.);
#1332=ORIENTED_EDGE('',*,*,#2269,.T.);
#1333=ORIENTED_EDGE('',*,*,#2280,.F.);
#1334=ORIENTED_EDGE('',*,*,#2226,.F.);
#1335=ORIENTED_EDGE('',*,*,#2200,.F.);
#1336=ORIENTED_EDGE('',*,*,#2196,.F.);
#1337=ORIENTED_EDGE('',*,*,#2279,.F.);
#1338=ORIENTED_EDGE('',*,*,#2277,.F.);
#1339=ORIENTED_EDGE('',*,*,#2274,.F.);
#1340=ORIENTED_EDGE('',*,*,#2295,.F.);
#1341=ORIENTED_EDGE('',*,*,#2256,.F.);
#1342=ORIENTED_EDGE('',*,*,#2192,.T.);
#1343=ORIENTED_EDGE('',*,*,#2189,.F.);
#1344=ORIENTED_EDGE('',*,*,#2295,.T.);
#1345=ORIENTED_EDGE('',*,*,#2286,.F.);
#1346=ORIENTED_EDGE('',*,*,#2260,.T.);
#1347=ORIENTED_EDGE('',*,*,#2261,.T.);
#1348=ORIENTED_EDGE('',*,*,#2296,.T.);
#1349=ORIENTED_EDGE('',*,*,#2289,.T.);
#1350=ORIENTED_EDGE('',*,*,#2242,.T.);
#1351=ORIENTED_EDGE('',*,*,#2209,.T.);
#1352=ORIENTED_EDGE('',*,*,#2296,.F.);
#1353=ORIENTED_EDGE('',*,*,#2245,.T.);
#1354=ORIENTED_EDGE('',*,*,#2297,.F.);
#1355=ORIENTED_EDGE('',*,*,#2234,.T.);
#1356=ORIENTED_EDGE('',*,*,#2257,.T.);
#1357=ORIENTED_EDGE('',*,*,#2229,.T.);
#1358=ORIENTED_EDGE('',*,*,#2190,.T.);
#1359=ORIENTED_EDGE('',*,*,#2255,.T.);
#1360=ORIENTED_EDGE('',*,*,#2216,.T.);
#1361=ORIENTED_EDGE('',*,*,#2272,.T.);
#1362=ORIENTED_EDGE('',*,*,#2276,.T.);
#1363=ORIENTED_EDGE('',*,*,#2278,.T.);
#1364=ORIENTED_EDGE('',*,*,#2194,.T.);
#1365=ORIENTED_EDGE('',*,*,#2199,.T.);
#1366=ORIENTED_EDGE('',*,*,#2213,.T.);
#1367=ORIENTED_EDGE('',*,*,#2281,.T.);
#1368=ORIENTED_EDGE('',*,*,#2267,.T.);
#1369=ORIENTED_EDGE('',*,*,#2283,.T.);
#1370=ORIENTED_EDGE('',*,*,#2298,.T.);
#1371=ORIENTED_EDGE('',*,*,#2290,.T.);
#1372=ORIENTED_EDGE('',*,*,#2297,.T.);
#1373=ORIENTED_EDGE('',*,*,#2248,.T.);
#1374=ORIENTED_EDGE('',*,*,#2263,.T.);
#1375=ORIENTED_EDGE('',*,*,#2239,.T.);
#1376=ORIENTED_EDGE('',*,*,#2251,.T.);
#1377=ORIENTED_EDGE('',*,*,#2253,.T.);
#1378=ORIENTED_EDGE('',*,*,#2243,.T.);
#1379=ORIENTED_EDGE('',*,*,#2298,.F.);
#1380=ORIENTED_EDGE('',*,*,#2285,.F.);
#1381=ORIENTED_EDGE('',*,*,#2294,.F.);
#1382=ORIENTED_EDGE('',*,*,#2291,.F.);
#1383=ORIENTED_EDGE('',*,*,#2299,.T.);
#1384=ORIENTED_EDGE('',*,*,#2300,.F.);
#1385=ORIENTED_EDGE('',*,*,#2301,.F.);
#1386=ORIENTED_EDGE('',*,*,#2302,.T.);
#1387=ORIENTED_EDGE('',*,*,#2303,.T.);
#1388=ORIENTED_EDGE('',*,*,#2304,.F.);
#1389=ORIENTED_EDGE('',*,*,#2305,.F.);
#1390=ORIENTED_EDGE('',*,*,#2306,.T.);
#1391=ORIENTED_EDGE('',*,*,#2307,.T.);
#1392=ORIENTED_EDGE('',*,*,#2306,.F.);
#1393=ORIENTED_EDGE('',*,*,#2308,.F.);
#1394=ORIENTED_EDGE('',*,*,#2309,.T.);
#1395=ORIENTED_EDGE('',*,*,#2310,.T.);
#1396=ORIENTED_EDGE('',*,*,#2311,.F.);
#1397=ORIENTED_EDGE('',*,*,#2312,.F.);
#1398=ORIENTED_EDGE('',*,*,#2313,.T.);
#1399=ORIENTED_EDGE('',*,*,#2314,.T.);
#1400=ORIENTED_EDGE('',*,*,#2309,.F.);
#1401=ORIENTED_EDGE('',*,*,#2315,.F.);
#1402=ORIENTED_EDGE('',*,*,#2311,.T.);
#1403=ORIENTED_EDGE('',*,*,#2316,.T.);
#1404=ORIENTED_EDGE('',*,*,#2317,.T.);
#1405=ORIENTED_EDGE('',*,*,#2318,.F.);
#1406=ORIENTED_EDGE('',*,*,#2319,.F.);
#1407=ORIENTED_EDGE('',*,*,#2320,.T.);
#1408=ORIENTED_EDGE('',*,*,#2313,.F.);
#1409=ORIENTED_EDGE('',*,*,#2321,.F.);
#1410=ORIENTED_EDGE('',*,*,#2322,.T.);
#1411=ORIENTED_EDGE('',*,*,#2323,.T.);
#1412=ORIENTED_EDGE('',*,*,#2302,.F.);
#1413=ORIENTED_EDGE('',*,*,#2324,.F.);
#1414=ORIENTED_EDGE('',*,*,#2304,.T.);
#1415=ORIENTED_EDGE('',*,*,#2325,.T.);
#1416=ORIENTED_EDGE('',*,*,#2326,.F.);
#1417=ORIENTED_EDGE('',*,*,#2327,.F.);
#1418=ORIENTED_EDGE('',*,*,#2328,.T.);
#1419=ORIENTED_EDGE('',*,*,#2329,.F.);
#1420=ORIENTED_EDGE('',*,*,#2330,.F.);
#1421=ORIENTED_EDGE('',*,*,#2331,.F.);
#1422=ORIENTED_EDGE('',*,*,#2319,.T.);
#1423=ORIENTED_EDGE('',*,*,#2332,.F.);
#1424=ORIENTED_EDGE('',*,*,#2333,.F.);
#1425=ORIENTED_EDGE('',*,*,#2334,.F.);
#1426=ORIENTED_EDGE('',*,*,#2327,.T.);
#1427=ORIENTED_EDGE('',*,*,#2335,.F.);
#1428=ORIENTED_EDGE('',*,*,#2299,.F.);
#1429=ORIENTED_EDGE('',*,*,#2323,.F.);
#1430=ORIENTED_EDGE('',*,*,#2303,.F.);
#1431=ORIENTED_EDGE('',*,*,#2307,.F.);
#1432=ORIENTED_EDGE('',*,*,#2314,.F.);
#1433=ORIENTED_EDGE('',*,*,#2310,.F.);
#1434=ORIENTED_EDGE('',*,*,#2320,.F.);
#1435=ORIENTED_EDGE('',*,*,#2335,.T.);
#1436=ORIENTED_EDGE('',*,*,#2322,.F.);
#1437=ORIENTED_EDGE('',*,*,#2336,.F.);
#1438=ORIENTED_EDGE('',*,*,#2300,.T.);
#1439=ORIENTED_EDGE('',*,*,#2337,.F.);
#1440=ORIENTED_EDGE('',*,*,#2338,.F.);
#1441=ORIENTED_EDGE('',*,*,#2325,.F.);
#1442=ORIENTED_EDGE('',*,*,#2339,.F.);
#1443=ORIENTED_EDGE('',*,*,#2340,.F.);
#1444=ORIENTED_EDGE('',*,*,#2341,.F.);
#1445=ORIENTED_EDGE('',*,*,#2317,.F.);
#1446=ORIENTED_EDGE('',*,*,#2342,.F.);
#1447=ORIENTED_EDGE('',*,*,#2301,.T.);
#1448=ORIENTED_EDGE('',*,*,#2336,.T.);
#1449=ORIENTED_EDGE('',*,*,#2321,.T.);
#1450=ORIENTED_EDGE('',*,*,#2312,.T.);
#1451=ORIENTED_EDGE('',*,*,#2315,.T.);
#1452=ORIENTED_EDGE('',*,*,#2308,.T.);
#1453=ORIENTED_EDGE('',*,*,#2305,.T.);
#1454=ORIENTED_EDGE('',*,*,#2324,.T.);
#1455=ORIENTED_EDGE('',*,*,#2343,.F.);
#1456=ORIENTED_EDGE('',*,*,#2332,.T.);
#1457=ORIENTED_EDGE('',*,*,#2318,.T.);
#1458=ORIENTED_EDGE('',*,*,#2341,.T.);
#1459=ORIENTED_EDGE('',*,*,#2344,.F.);
#1460=ORIENTED_EDGE('',*,*,#2333,.T.);
#1461=ORIENTED_EDGE('',*,*,#2343,.T.);
#1462=ORIENTED_EDGE('',*,*,#2340,.T.);
#1463=ORIENTED_EDGE('',*,*,#2328,.F.);
#1464=ORIENTED_EDGE('',*,*,#2334,.T.);
#1465=ORIENTED_EDGE('',*,*,#2344,.T.);
#1466=ORIENTED_EDGE('',*,*,#2339,.T.);
#1467=ORIENTED_EDGE('',*,*,#2345,.F.);
#1468=ORIENTED_EDGE('',*,*,#2329,.T.);
#1469=ORIENTED_EDGE('',*,*,#2326,.T.);
#1470=ORIENTED_EDGE('',*,*,#2338,.T.);
#1471=ORIENTED_EDGE('',*,*,#2316,.F.);
#1472=ORIENTED_EDGE('',*,*,#2331,.T.);
#1473=ORIENTED_EDGE('',*,*,#2346,.T.);
#1474=ORIENTED_EDGE('',*,*,#2342,.T.);
#1475=ORIENTED_EDGE('',*,*,#2346,.F.);
#1476=ORIENTED_EDGE('',*,*,#2330,.T.);
#1477=ORIENTED_EDGE('',*,*,#2345,.T.);
#1478=ORIENTED_EDGE('',*,*,#2337,.T.);
#1479=ORIENTED_EDGE('',*,*,#2347,.T.);
#1480=ORIENTED_EDGE('',*,*,#2348,.T.);
#1481=ORIENTED_EDGE('',*,*,#2349,.F.);
#1482=ORIENTED_EDGE('',*,*,#2350,.T.);
#1483=ORIENTED_EDGE('',*,*,#2351,.T.);
#1484=ORIENTED_EDGE('',*,*,#2352,.F.);
#1485=ORIENTED_EDGE('',*,*,#2353,.F.);
#1486=ORIENTED_EDGE('',*,*,#2354,.F.);
#1487=ORIENTED_EDGE('',*,*,#2355,.T.);
#1488=ORIENTED_EDGE('',*,*,#2356,.T.);
#1489=ORIENTED_EDGE('',*,*,#2357,.T.);
#1490=ORIENTED_EDGE('',*,*,#2358,.T.);
#1491=ORIENTED_EDGE('',*,*,#2359,.T.);
#1492=ORIENTED_EDGE('',*,*,#2360,.T.);
#1493=ORIENTED_EDGE('',*,*,#2361,.T.);
#1494=ORIENTED_EDGE('',*,*,#2362,.T.);
#1495=ORIENTED_EDGE('',*,*,#2363,.T.);
#1496=ORIENTED_EDGE('',*,*,#2364,.T.);
#1497=ORIENTED_EDGE('',*,*,#2365,.T.);
#1498=ORIENTED_EDGE('',*,*,#2366,.T.);
#1499=ORIENTED_EDGE('',*,*,#2367,.T.);
#1500=ORIENTED_EDGE('',*,*,#2356,.F.);
#1501=ORIENTED_EDGE('',*,*,#2368,.T.);
#1502=ORIENTED_EDGE('',*,*,#2369,.T.);
#1503=ORIENTED_EDGE('',*,*,#2370,.T.);
#1504=ORIENTED_EDGE('',*,*,#2371,.T.);
#1505=ORIENTED_EDGE('',*,*,#2372,.T.);
#1506=ORIENTED_EDGE('',*,*,#2373,.F.);
#1507=ORIENTED_EDGE('',*,*,#2357,.F.);
#1508=ORIENTED_EDGE('',*,*,#2374,.F.);
#1509=ORIENTED_EDGE('',*,*,#2370,.F.);
#1510=ORIENTED_EDGE('',*,*,#2349,.T.);
#1511=ORIENTED_EDGE('',*,*,#2364,.F.);
#1512=ORIENTED_EDGE('',*,*,#2350,.F.);
#1513=ORIENTED_EDGE('',*,*,#2366,.F.);
#1514=ORIENTED_EDGE('',*,*,#2375,.T.);
#1515=ORIENTED_EDGE('',*,*,#2372,.F.);
#1516=ORIENTED_EDGE('',*,*,#2351,.F.);
#1517=ORIENTED_EDGE('',*,*,#2363,.F.);
#1518=ORIENTED_EDGE('',*,*,#2355,.F.);
#1519=ORIENTED_EDGE('',*,*,#2376,.F.);
#1520=ORIENTED_EDGE('',*,*,#2359,.F.);
#1521=ORIENTED_EDGE('',*,*,#2377,.F.);
#1522=ORIENTED_EDGE('',*,*,#2352,.T.);
#1523=ORIENTED_EDGE('',*,*,#2371,.F.);
#1524=ORIENTED_EDGE('',*,*,#2374,.T.);
#1525=ORIENTED_EDGE('',*,*,#2367,.F.);
#1526=ORIENTED_EDGE('',*,*,#2378,.T.);
#1527=ORIENTED_EDGE('',*,*,#2379,.T.);
#1528=ORIENTED_EDGE('',*,*,#2360,.F.);
#1529=ORIENTED_EDGE('',*,*,#2376,.T.);
#1530=ORIENTED_EDGE('',*,*,#2358,.F.);
#1531=ORIENTED_EDGE('',*,*,#2373,.T.);
#1532=ORIENTED_EDGE('',*,*,#2369,.F.);
#1533=ORIENTED_EDGE('',*,*,#2380,.T.);
#1534=ORIENTED_EDGE('',*,*,#2377,.T.);
#1535=ORIENTED_EDGE('',*,*,#2354,.T.);
#1536=ORIENTED_EDGE('',*,*,#2365,.F.);
#1537=ORIENTED_EDGE('',*,*,#2348,.F.);
#1538=ORIENTED_EDGE('',*,*,#2378,.F.);
#1539=ORIENTED_EDGE('',*,*,#2353,.T.);
#1540=ORIENTED_EDGE('',*,*,#2380,.F.);
#1541=ORIENTED_EDGE('',*,*,#2375,.F.);
#1542=ORIENTED_EDGE('',*,*,#2362,.F.);
#1543=ORIENTED_EDGE('',*,*,#2361,.F.);
#1544=ORIENTED_EDGE('',*,*,#2379,.F.);
#1545=ORIENTED_EDGE('',*,*,#2347,.F.);
#1546=ORIENTED_EDGE('',*,*,#2368,.F.);
#1547=ORIENTED_EDGE('',*,*,#2381,.T.);
#1548=ORIENTED_EDGE('',*,*,#2382,.F.);
#1549=ORIENTED_EDGE('',*,*,#2383,.F.);
#1550=ORIENTED_EDGE('',*,*,#2384,.F.);
#1551=ORIENTED_EDGE('',*,*,#2385,.T.);
#1552=ORIENTED_EDGE('',*,*,#2386,.T.);
#1553=ORIENTED_EDGE('',*,*,#2387,.T.);
#1554=ORIENTED_EDGE('',*,*,#2388,.T.);
#1555=ORIENTED_EDGE('',*,*,#2389,.T.);
#1556=ORIENTED_EDGE('',*,*,#2390,.T.);
#1557=ORIENTED_EDGE('',*,*,#2391,.T.);
#1558=ORIENTED_EDGE('',*,*,#2392,.T.);
#1559=ORIENTED_EDGE('',*,*,#2393,.T.);
#1560=ORIENTED_EDGE('',*,*,#2394,.T.);
#1561=ORIENTED_EDGE('',*,*,#2381,.F.);
#1562=ORIENTED_EDGE('',*,*,#2384,.T.);
#1563=ORIENTED_EDGE('',*,*,#2395,.T.);
#1564=ORIENTED_EDGE('',*,*,#2396,.T.);
#1565=ORIENTED_EDGE('',*,*,#2397,.T.);
#1566=ORIENTED_EDGE('',*,*,#2398,.F.);
#1567=ORIENTED_EDGE('',*,*,#2388,.F.);
#1568=ORIENTED_EDGE('',*,*,#2393,.F.);
#1569=ORIENTED_EDGE('',*,*,#2397,.F.);
#1570=ORIENTED_EDGE('',*,*,#2399,.F.);
#1571=ORIENTED_EDGE('',*,*,#2400,.T.);
#1572=ORIENTED_EDGE('',*,*,#2401,.F.);
#1573=ORIENTED_EDGE('',*,*,#2402,.T.);
#1574=ORIENTED_EDGE('',*,*,#2403,.F.);
#1575=ORIENTED_EDGE('',*,*,#2404,.F.);
#1576=ORIENTED_EDGE('',*,*,#2405,.F.);
#1577=ORIENTED_EDGE('',*,*,#2382,.T.);
#1578=ORIENTED_EDGE('',*,*,#2406,.T.);
#1579=ORIENTED_EDGE('',*,*,#2407,.T.);
#1580=ORIENTED_EDGE('',*,*,#2405,.T.);
#1581=ORIENTED_EDGE('',*,*,#2408,.F.);
#1582=ORIENTED_EDGE('',*,*,#2409,.F.);
#1583=ORIENTED_EDGE('',*,*,#2410,.F.);
#1584=ORIENTED_EDGE('',*,*,#2390,.F.);
#1585=ORIENTED_EDGE('',*,*,#2411,.T.);
#1586=ORIENTED_EDGE('',*,*,#2410,.T.);
#1587=ORIENTED_EDGE('',*,*,#2402,.F.);
#1588=ORIENTED_EDGE('',*,*,#2401,.T.);
#1589=ORIENTED_EDGE('',*,*,#2391,.F.);
#1590=ORIENTED_EDGE('',*,*,#2411,.F.);
#1591=ORIENTED_EDGE('',*,*,#2407,.F.);
#1592=ORIENTED_EDGE('',*,*,#2412,.T.);
#1593=ORIENTED_EDGE('',*,*,#2413,.F.);
#1594=ORIENTED_EDGE('',*,*,#2414,.F.);
#1595=ORIENTED_EDGE('',*,*,#2395,.F.);
#1596=ORIENTED_EDGE('',*,*,#2383,.T.);
#1597=ORIENTED_EDGE('',*,*,#2404,.T.);
#1598=ORIENTED_EDGE('',*,*,#2412,.F.);
#1599=ORIENTED_EDGE('',*,*,#2399,.T.);
#1600=ORIENTED_EDGE('',*,*,#2406,.F.);
#1601=ORIENTED_EDGE('',*,*,#2394,.F.);
#1602=ORIENTED_EDGE('',*,*,#2387,.F.);
#1603=ORIENTED_EDGE('',*,*,#2400,.F.);
#1604=ORIENTED_EDGE('',*,*,#2386,.F.);
#1605=ORIENTED_EDGE('',*,*,#2415,.F.);
#1606=ORIENTED_EDGE('',*,*,#2392,.F.);
#1607=ORIENTED_EDGE('',*,*,#2416,.T.);
#1608=ORIENTED_EDGE('',*,*,#2413,.T.);
#1609=ORIENTED_EDGE('',*,*,#2403,.T.);
#1610=ORIENTED_EDGE('',*,*,#2409,.T.);
#1611=ORIENTED_EDGE('',*,*,#2396,.F.);
#1612=ORIENTED_EDGE('',*,*,#2414,.T.);
#1613=ORIENTED_EDGE('',*,*,#2416,.F.);
#1614=ORIENTED_EDGE('',*,*,#2408,.T.);
#1615=ORIENTED_EDGE('',*,*,#2389,.F.);
#1616=ORIENTED_EDGE('',*,*,#2415,.T.);
#1617=ORIENTED_EDGE('',*,*,#2385,.F.);
#1618=ORIENTED_EDGE('',*,*,#2398,.T.);
#1619=ORIENTED_EDGE('',*,*,#2417,.F.);
#1620=ORIENTED_EDGE('',*,*,#2418,.F.);
#1621=ORIENTED_EDGE('',*,*,#2419,.F.);
#1622=ORIENTED_EDGE('',*,*,#2420,.F.);
#1623=ORIENTED_EDGE('',*,*,#2421,.F.);
#1624=ORIENTED_EDGE('',*,*,#2422,.T.);
#1625=ORIENTED_EDGE('',*,*,#2423,.F.);
#1626=ORIENTED_EDGE('',*,*,#2424,.F.);
#1627=ORIENTED_EDGE('',*,*,#2425,.F.);
#1628=ORIENTED_EDGE('',*,*,#2426,.T.);
#1629=ORIENTED_EDGE('',*,*,#2427,.T.);
#1630=ORIENTED_EDGE('',*,*,#2428,.T.);
#1631=ORIENTED_EDGE('',*,*,#2421,.T.);
#1632=ORIENTED_EDGE('',*,*,#2429,.F.);
#1633=ORIENTED_EDGE('',*,*,#2430,.T.);
#1634=ORIENTED_EDGE('',*,*,#2431,.F.);
#1635=ORIENTED_EDGE('',*,*,#2432,.F.);
#1636=ORIENTED_EDGE('',*,*,#2433,.F.);
#1637=ORIENTED_EDGE('',*,*,#2434,.F.);
#1638=ORIENTED_EDGE('',*,*,#2435,.F.);
#1639=ORIENTED_EDGE('',*,*,#2426,.F.);
#1640=ORIENTED_EDGE('',*,*,#2436,.F.);
#1641=ORIENTED_EDGE('',*,*,#2437,.F.);
#1642=ORIENTED_EDGE('',*,*,#2438,.F.);
#1643=ORIENTED_EDGE('',*,*,#2439,.F.);
#1644=ORIENTED_EDGE('',*,*,#2440,.F.);
#1645=ORIENTED_EDGE('',*,*,#2441,.F.);
#1646=ORIENTED_EDGE('',*,*,#2442,.T.);
#1647=ORIENTED_EDGE('',*,*,#2418,.T.);
#1648=ORIENTED_EDGE('',*,*,#2443,.T.);
#1649=ORIENTED_EDGE('',*,*,#2444,.T.);
#1650=ORIENTED_EDGE('',*,*,#2445,.T.);
#1651=ORIENTED_EDGE('',*,*,#2446,.T.);
#1652=ORIENTED_EDGE('',*,*,#2447,.T.);
#1653=ORIENTED_EDGE('',*,*,#2448,.T.);
#1654=ORIENTED_EDGE('',*,*,#2424,.T.);
#1655=ORIENTED_EDGE('',*,*,#2449,.T.);
#1656=ORIENTED_EDGE('',*,*,#2450,.T.);
#1657=ORIENTED_EDGE('',*,*,#2451,.T.);
#1658=ORIENTED_EDGE('',*,*,#2444,.F.);
#1659=ORIENTED_EDGE('',*,*,#2452,.F.);
#1660=ORIENTED_EDGE('',*,*,#2440,.T.);
#1661=ORIENTED_EDGE('',*,*,#2453,.T.);
#1662=ORIENTED_EDGE('',*,*,#2443,.F.);
#1663=ORIENTED_EDGE('',*,*,#2417,.T.);
#1664=ORIENTED_EDGE('',*,*,#2454,.F.);
#1665=ORIENTED_EDGE('',*,*,#2455,.T.);
#1666=ORIENTED_EDGE('',*,*,#2441,.T.);
#1667=ORIENTED_EDGE('',*,*,#2452,.T.);
#1668=ORIENTED_EDGE('',*,*,#2429,.T.);
#1669=ORIENTED_EDGE('',*,*,#2420,.T.);
#1670=ORIENTED_EDGE('',*,*,#2456,.F.);
#1671=ORIENTED_EDGE('',*,*,#2457,.T.);
#1672=ORIENTED_EDGE('',*,*,#2447,.F.);
#1673=ORIENTED_EDGE('',*,*,#2458,.F.);
#1674=ORIENTED_EDGE('',*,*,#2437,.T.);
#1675=ORIENTED_EDGE('',*,*,#2459,.T.);
#1676=ORIENTED_EDGE('',*,*,#2446,.F.);
#1677=ORIENTED_EDGE('',*,*,#2460,.F.);
#1678=ORIENTED_EDGE('',*,*,#2438,.T.);
#1679=ORIENTED_EDGE('',*,*,#2458,.T.);
#1680=ORIENTED_EDGE('',*,*,#2445,.F.);
#1681=ORIENTED_EDGE('',*,*,#2453,.F.);
#1682=ORIENTED_EDGE('',*,*,#2439,.T.);
#1683=ORIENTED_EDGE('',*,*,#2460,.T.);
#1684=ORIENTED_EDGE('',*,*,#2461,.F.);
#1685=ORIENTED_EDGE('',*,*,#2430,.F.);
#1686=ORIENTED_EDGE('',*,*,#2457,.F.);
#1687=ORIENTED_EDGE('',*,*,#2462,.F.);
#1688=ORIENTED_EDGE('',*,*,#2431,.T.);
#1689=ORIENTED_EDGE('',*,*,#2455,.F.);
#1690=ORIENTED_EDGE('',*,*,#2463,.F.);
#1691=ORIENTED_EDGE('',*,*,#2456,.T.);
#1692=ORIENTED_EDGE('',*,*,#2419,.T.);
#1693=ORIENTED_EDGE('',*,*,#2442,.F.);
#1694=ORIENTED_EDGE('',*,*,#2464,.F.);
#1695=ORIENTED_EDGE('',*,*,#2432,.T.);
#1696=ORIENTED_EDGE('',*,*,#2462,.T.);
#1697=ORIENTED_EDGE('',*,*,#2448,.F.);
#1698=ORIENTED_EDGE('',*,*,#2459,.F.);
#1699=ORIENTED_EDGE('',*,*,#2436,.T.);
#1700=ORIENTED_EDGE('',*,*,#2425,.T.);
#1701=ORIENTED_EDGE('',*,*,#2454,.T.);
#1702=ORIENTED_EDGE('',*,*,#2423,.T.);
#1703=ORIENTED_EDGE('',*,*,#2465,.F.);
#1704=ORIENTED_EDGE('',*,*,#2463,.T.);
#1705=ORIENTED_EDGE('',*,*,#2428,.F.);
#1706=ORIENTED_EDGE('',*,*,#2461,.T.);
#1707=ORIENTED_EDGE('',*,*,#2465,.T.);
#1708=ORIENTED_EDGE('',*,*,#2422,.F.);
#1709=ORIENTED_EDGE('',*,*,#2449,.F.);
#1710=ORIENTED_EDGE('',*,*,#2427,.F.);
#1711=ORIENTED_EDGE('',*,*,#2435,.T.);
#1712=ORIENTED_EDGE('',*,*,#2466,.T.);
#1713=ORIENTED_EDGE('',*,*,#2451,.F.);
#1714=ORIENTED_EDGE('',*,*,#2467,.F.);
#1715=ORIENTED_EDGE('',*,*,#2433,.T.);
#1716=ORIENTED_EDGE('',*,*,#2464,.T.);
#1717=ORIENTED_EDGE('',*,*,#2450,.F.);
#1718=ORIENTED_EDGE('',*,*,#2466,.F.);
#1719=ORIENTED_EDGE('',*,*,#2434,.T.);
#1720=ORIENTED_EDGE('',*,*,#2467,.T.);
#1721=ORIENTED_EDGE('',*,*,#2468,.F.);
#1722=ORIENTED_EDGE('',*,*,#2469,.F.);
#1723=ORIENTED_EDGE('',*,*,#2470,.T.);
#1724=ORIENTED_EDGE('',*,*,#2471,.T.);
#1725=ORIENTED_EDGE('',*,*,#2472,.T.);
#1726=ORIENTED_EDGE('',*,*,#2473,.T.);
#1727=ORIENTED_EDGE('',*,*,#2474,.T.);
#1728=ORIENTED_EDGE('',*,*,#2475,.F.);
#1729=ORIENTED_EDGE('',*,*,#2476,.T.);
#1730=ORIENTED_EDGE('',*,*,#2477,.T.);
#1731=ORIENTED_EDGE('',*,*,#2478,.T.);
#1732=ORIENTED_EDGE('',*,*,#2479,.F.);
#1733=ORIENTED_EDGE('',*,*,#2480,.F.);
#1734=ORIENTED_EDGE('',*,*,#2481,.T.);
#1735=ORIENTED_EDGE('',*,*,#2482,.T.);
#1736=ORIENTED_EDGE('',*,*,#2474,.F.);
#1737=ORIENTED_EDGE('',*,*,#2483,.F.);
#1738=ORIENTED_EDGE('',*,*,#2484,.F.);
#1739=ORIENTED_EDGE('',*,*,#2485,.T.);
#1740=ORIENTED_EDGE('',*,*,#2486,.T.);
#1741=ORIENTED_EDGE('',*,*,#2487,.F.);
#1742=ORIENTED_EDGE('',*,*,#2475,.T.);
#1743=ORIENTED_EDGE('',*,*,#2487,.T.);
#1744=ORIENTED_EDGE('',*,*,#2488,.T.);
#1745=ORIENTED_EDGE('',*,*,#2489,.T.);
#1746=ORIENTED_EDGE('',*,*,#2468,.T.);
#1747=ORIENTED_EDGE('',*,*,#2490,.T.);
#1748=ORIENTED_EDGE('',*,*,#2491,.T.);
#1749=ORIENTED_EDGE('',*,*,#2492,.T.);
#1750=ORIENTED_EDGE('',*,*,#2493,.T.);
#1751=ORIENTED_EDGE('',*,*,#2494,.T.);
#1752=ORIENTED_EDGE('',*,*,#2479,.T.);
#1753=ORIENTED_EDGE('',*,*,#2495,.T.);
#1754=ORIENTED_EDGE('',*,*,#2489,.F.);
#1755=ORIENTED_EDGE('',*,*,#2496,.F.);
#1756=ORIENTED_EDGE('',*,*,#2497,.T.);
#1757=ORIENTED_EDGE('',*,*,#2469,.T.);
#1758=ORIENTED_EDGE('',*,*,#2491,.F.);
#1759=ORIENTED_EDGE('',*,*,#2498,.F.);
#1760=ORIENTED_EDGE('',*,*,#2499,.T.);
#1761=ORIENTED_EDGE('',*,*,#2500,.T.);
#1762=ORIENTED_EDGE('',*,*,#2493,.F.);
#1763=ORIENTED_EDGE('',*,*,#2501,.F.);
#1764=ORIENTED_EDGE('',*,*,#2502,.T.);
#1765=ORIENTED_EDGE('',*,*,#2503,.T.);
#1766=ORIENTED_EDGE('',*,*,#2488,.F.);
#1767=ORIENTED_EDGE('',*,*,#2486,.F.);
#1768=ORIENTED_EDGE('',*,*,#2504,.T.);
#1769=ORIENTED_EDGE('',*,*,#2496,.T.);
#1770=ORIENTED_EDGE('',*,*,#2490,.F.);
#1771=ORIENTED_EDGE('',*,*,#2471,.F.);
#1772=ORIENTED_EDGE('',*,*,#2505,.T.);
#1773=ORIENTED_EDGE('',*,*,#2498,.T.);
#1774=ORIENTED_EDGE('',*,*,#2492,.F.);
#1775=ORIENTED_EDGE('',*,*,#2500,.F.);
#1776=ORIENTED_EDGE('',*,*,#2506,.T.);
#1777=ORIENTED_EDGE('',*,*,#2501,.T.);
#1778=ORIENTED_EDGE('',*,*,#2478,.F.);
#1779=ORIENTED_EDGE('',*,*,#2507,.F.);
#1780=ORIENTED_EDGE('',*,*,#2508,.T.);
#1781=ORIENTED_EDGE('',*,*,#2509,.T.);
#1782=ORIENTED_EDGE('',*,*,#2477,.F.);
#1783=ORIENTED_EDGE('',*,*,#2510,.F.);
#1784=ORIENTED_EDGE('',*,*,#2511,.F.);
#1785=ORIENTED_EDGE('',*,*,#2507,.T.);
#1786=ORIENTED_EDGE('',*,*,#2476,.F.);
#1787=ORIENTED_EDGE('',*,*,#2495,.F.);
#1788=ORIENTED_EDGE('',*,*,#2482,.F.);
#1789=ORIENTED_EDGE('',*,*,#2512,.T.);
#1790=ORIENTED_EDGE('',*,*,#2513,.F.);
#1791=ORIENTED_EDGE('',*,*,#2510,.T.);
#1792=ORIENTED_EDGE('',*,*,#2514,.T.);
#1793=ORIENTED_EDGE('',*,*,#2508,.F.);
#1794=ORIENTED_EDGE('',*,*,#2511,.T.);
#1795=ORIENTED_EDGE('',*,*,#2513,.T.);
#1796=ORIENTED_EDGE('',*,*,#2515,.T.);
#1797=ORIENTED_EDGE('',*,*,#2484,.T.);
#1798=ORIENTED_EDGE('',*,*,#2516,.T.);
#1799=ORIENTED_EDGE('',*,*,#2494,.F.);
#1800=ORIENTED_EDGE('',*,*,#2503,.F.);
#1801=ORIENTED_EDGE('',*,*,#2517,.T.);
#1802=ORIENTED_EDGE('',*,*,#2480,.T.);
#1803=ORIENTED_EDGE('',*,*,#2485,.F.);
#1804=ORIENTED_EDGE('',*,*,#2515,.F.);
#1805=ORIENTED_EDGE('',*,*,#2512,.F.);
#1806=ORIENTED_EDGE('',*,*,#2481,.F.);
#1807=ORIENTED_EDGE('',*,*,#2517,.F.);
#1808=ORIENTED_EDGE('',*,*,#2502,.F.);
#1809=ORIENTED_EDGE('',*,*,#2506,.F.);
#1810=ORIENTED_EDGE('',*,*,#2499,.F.);
#1811=ORIENTED_EDGE('',*,*,#2505,.F.);
#1812=ORIENTED_EDGE('',*,*,#2470,.F.);
#1813=ORIENTED_EDGE('',*,*,#2497,.F.);
#1814=ORIENTED_EDGE('',*,*,#2504,.F.);
#1815=ORIENTED_EDGE('',*,*,#2473,.F.);
#1816=ORIENTED_EDGE('',*,*,#2518,.F.);
#1817=ORIENTED_EDGE('',*,*,#2516,.F.);
#1818=ORIENTED_EDGE('',*,*,#2483,.T.);
#1819=ORIENTED_EDGE('',*,*,#2472,.F.);
#1820=ORIENTED_EDGE('',*,*,#2509,.F.);
#1821=ORIENTED_EDGE('',*,*,#2514,.F.);
#1822=ORIENTED_EDGE('',*,*,#2518,.T.);
#1823=EDGE_CURVE('',#2519,#2520,#2956,.T.);
#1824=EDGE_CURVE('',#2521,#2519,#2957,.T.);
#1825=EDGE_CURVE('',#2521,#2522,#2958,.T.);
#1826=EDGE_CURVE('',#2522,#2520,#2959,.T.);
#1827=EDGE_CURVE('',#2523,#2524,#2960,.T.);
#1828=EDGE_CURVE('',#2524,#2525,#2961,.T.);
#1829=EDGE_CURVE('',#2525,#2526,#2962,.T.);
#1830=EDGE_CURVE('',#2526,#2523,#2963,.T.);
#1831=EDGE_CURVE('',#2527,#2528,#201,.T.);
#1832=EDGE_CURVE('',#2529,#2528,#2964,.T.);
#1833=EDGE_CURVE('',#2530,#2529,#202,.T.);
#1834=EDGE_CURVE('',#2527,#2530,#2965,.T.);
#1835=EDGE_CURVE('',#2531,#2532,#203,.T.);
#1836=EDGE_CURVE('',#2532,#2523,#204,.T.);
#1837=EDGE_CURVE('',#2531,#2523,#205,.T.);
#1838=EDGE_CURVE('',#2533,#2534,#206,.T.);
#1839=EDGE_CURVE('',#2535,#2534,#2966,.T.);
#1840=EDGE_CURVE('',#2536,#2535,#117,.F.);
#1841=EDGE_CURVE('',#2533,#2536,#2967,.T.);
#1842=EDGE_CURVE('',#2525,#2537,#207,.T.);
#1843=EDGE_CURVE('',#2537,#2538,#2968,.T.);
#1844=EDGE_CURVE('',#2526,#2538,#208,.T.);
#1845=EDGE_CURVE('',#2539,#2535,#209,.T.);
#1846=EDGE_CURVE('',#2540,#2535,#2969,.T.);
#1847=EDGE_CURVE('',#2540,#2541,#210,.T.);
#1848=EDGE_CURVE('',#2541,#2539,#2970,.T.);
#1849=EDGE_CURVE('',#2542,#2536,#211,.T.);
#1850=EDGE_CURVE('',#2539,#2542,#78,.T.);
#1851=EDGE_CURVE('',#2543,#2544,#212,.T.);
#1852=EDGE_CURVE('',#2536,#2544,#2971,.T.);
#1853=EDGE_CURVE('',#2542,#2543,#2972,.T.);
#1854=EDGE_CURVE('',#2545,#2546,#2973,.T.);
#1855=EDGE_CURVE('',#2545,#2547,#213,.T.);
#1856=EDGE_CURVE('',#2548,#2547,#2974,.T.);
#1857=EDGE_CURVE('',#2546,#2548,#214,.T.);
#1858=EDGE_CURVE('',#2532,#2549,#2975,.T.);
#1859=EDGE_CURVE('',#2549,#2550,#2976,.T.);
#1860=EDGE_CURVE('',#2550,#2551,#2977,.T.);
#1861=EDGE_CURVE('',#2551,#2532,#2978,.T.);
#1862=EDGE_CURVE('',#2552,#2553,#2979,.T.);
#1863=EDGE_CURVE('',#2553,#2554,#2980,.T.);
#1864=EDGE_CURVE('',#2554,#2555,#2981,.T.);
#1865=EDGE_CURVE('',#2555,#2552,#2982,.T.);
#1866=EDGE_CURVE('',#2544,#2556,#2983,.T.);
#1867=EDGE_CURVE('',#2556,#2533,#2984,.T.);
#1868=EDGE_CURVE('',#2534,#2531,#2985,.T.);
#1869=EDGE_CURVE('',#2531,#2540,#2986,.T.);
#1870=EDGE_CURVE('',#2557,#2558,#215,.T.);
#1871=EDGE_CURVE('',#2557,#2559,#216,.T.);
#1872=EDGE_CURVE('',#2558,#2559,#217,.T.);
#1873=EDGE_CURVE('',#2560,#2558,#2987,.T.);
#1874=EDGE_CURVE('',#2558,#2545,#2988,.T.);
#1875=EDGE_CURVE('',#2546,#2561,#2989,.T.);
#1876=EDGE_CURVE('',#2561,#2560,#2990,.T.);
#1877=EDGE_CURVE('',#2562,#2559,#2991,.T.);
#1878=EDGE_CURVE('',#2545,#2562,#218,.T.);
#1879=EDGE_CURVE('',#2563,#2548,#2992,.T.);
#1880=EDGE_CURVE('',#2548,#2564,#2993,.T.);
#1881=EDGE_CURVE('',#2564,#2565,#2994,.T.);
#1882=EDGE_CURVE('',#2563,#2565,#2995,.T.);
#1883=EDGE_CURVE('',#2564,#2566,#219,.T.);
#1884=EDGE_CURVE('',#2567,#2566,#2996,.T.);
#1885=EDGE_CURVE('',#2565,#2567,#79,.T.);
#1886=EDGE_CURVE('',#2568,#2527,#220,.T.);
#1887=EDGE_CURVE('',#2528,#2568,#221,.T.);
#1888=EDGE_CURVE('',#2561,#2563,#80,.T.);
#1889=EDGE_CURVE('',#2569,#2570,#2997,.T.);
#1890=EDGE_CURVE('',#2571,#2569,#2998,.T.);
#1891=EDGE_CURVE('',#2571,#2572,#2999,.T.);
#1892=EDGE_CURVE('',#2572,#2570,#3000,.T.);
#1893=EDGE_CURVE('',#2538,#2541,#81,.T.);
#1894=EDGE_CURVE('',#2573,#2537,#82,.T.);
#1895=EDGE_CURVE('',#2573,#2574,#3001,.T.);
#1896=EDGE_CURVE('',#2543,#2574,#83,.T.);
#1897=EDGE_CURVE('',#2572,#2521,#3002,.T.);
#1898=EDGE_CURVE('',#2522,#2571,#3003,.T.);
#1899=EDGE_CURVE('',#2562,#2547,#222,.T.);
#1900=EDGE_CURVE('',#2530,#2575,#223,.T.);
#1901=EDGE_CURVE('',#2547,#2575,#3004,.T.);
#1902=EDGE_CURVE('',#2530,#2562,#3005,.T.);
#1903=EDGE_CURVE('',#2559,#2527,#3006,.T.);
#1904=EDGE_CURVE('',#2568,#2557,#3007,.T.);
#1905=EDGE_CURVE('',#2533,#2549,#224,.T.);
#1906=EDGE_CURVE('',#2549,#2534,#225,.T.);
#1907=EDGE_CURVE('',#2520,#2569,#3008,.T.);
#1908=EDGE_CURVE('',#2570,#2519,#3009,.T.);
#1909=EDGE_CURVE('',#2576,#2567,#3010,.T.);
#1910=EDGE_CURVE('',#2576,#2577,#226,.T.);
#1911=EDGE_CURVE('',#2578,#2577,#3011,.T.);
#1912=EDGE_CURVE('',#2578,#2560,#227,.T.);
#1913=EDGE_CURVE('',#2553,#2550,#228,.T.);
#1914=EDGE_CURVE('',#2551,#2552,#229,.T.);
#1915=EDGE_CURVE('',#2553,#2556,#230,.T.);
#1916=EDGE_CURVE('',#2556,#2550,#231,.T.);
#1917=EDGE_CURVE('',#2551,#2524,#232,.T.);
#1918=EDGE_CURVE('',#2524,#2552,#233,.T.);
#1919=EDGE_CURVE('',#2554,#2544,#118,.F.);
#1920=EDGE_CURVE('',#2575,#2529,#234,.T.);
#1921=EDGE_CURVE('',#2566,#2529,#3012,.T.);
#1922=EDGE_CURVE('',#2528,#2576,#3013,.T.);
#1923=EDGE_CURVE('',#2555,#2573,#235,.T.);
#1924=EDGE_CURVE('',#2525,#2555,#119,.F.);
#1925=EDGE_CURVE('',#2577,#2568,#3014,.T.);
#1926=EDGE_CURVE('',#2557,#2578,#3015,.T.);
#1927=EDGE_CURVE('',#2575,#2564,#3016,.T.);
#1928=EDGE_CURVE('',#2574,#2554,#236,.T.);
#1929=EDGE_CURVE('',#2540,#2526,#120,.F.);
#1930=EDGE_CURVE('',#2579,#2580,#3017,.T.);
#1931=EDGE_CURVE('',#2580,#2581,#3018,.T.);
#1932=EDGE_CURVE('',#2581,#2582,#3019,.T.);
#1933=EDGE_CURVE('',#2579,#2582,#3020,.T.);
#1934=EDGE_CURVE('',#2583,#2584,#3021,.T.);
#1935=EDGE_CURVE('',#2584,#2585,#3022,.T.);
#1936=EDGE_CURVE('',#2586,#2585,#3023,.T.);
#1937=EDGE_CURVE('',#2583,#2586,#3024,.T.);
#1938=EDGE_CURVE('',#2587,#2587,#237,.T.);
#1939=EDGE_CURVE('',#2580,#2588,#3025,.T.);
#1940=EDGE_CURVE('',#2588,#2589,#3026,.T.);
#1941=EDGE_CURVE('',#2589,#2581,#3027,.T.);
#1942=EDGE_CURVE('',#2590,#2591,#3028,.T.);
#1943=EDGE_CURVE('',#2590,#2592,#3029,.T.);
#1944=EDGE_CURVE('',#2592,#2593,#3030,.T.);
#1945=EDGE_CURVE('',#2591,#2593,#3031,.T.);
#1946=EDGE_CURVE('',#2594,#2595,#3032,.T.);
#1947=EDGE_CURVE('',#2595,#2596,#3033,.T.);
#1948=EDGE_CURVE('',#2597,#2596,#3034,.T.);
#1949=EDGE_CURVE('',#2597,#2594,#3035,.T.);
#1950=EDGE_CURVE('',#2596,#2590,#238,.T.);
#1951=EDGE_CURVE('',#2591,#2598,#3036,.T.);
#1952=EDGE_CURVE('',#2584,#2598,#3037,.T.);
#1953=EDGE_CURVE('',#2599,#2583,#3038,.T.);
#1954=EDGE_CURVE('',#2599,#2600,#3039,.T.);
#1955=EDGE_CURVE('',#2600,#2601,#3040,.T.);
#1956=EDGE_CURVE('',#2601,#2597,#239,.T.);
#1957=EDGE_CURVE('',#2602,#2603,#3041,.T.);
#1958=EDGE_CURVE('',#2603,#2604,#3042,.T.);
#1959=EDGE_CURVE('',#2604,#2605,#3043,.T.);
#1960=EDGE_CURVE('',#2602,#2605,#3044,.T.);
#1961=EDGE_CURVE('',#2606,#2607,#3045,.T.);
#1962=EDGE_CURVE('',#2607,#2608,#3046,.T.);
#1963=EDGE_CURVE('',#2608,#2609,#3047,.T.);
#1964=EDGE_CURVE('',#2609,#2606,#3048,.T.);
#1965=EDGE_CURVE('',#2610,#2611,#3049,.T.);
#1966=EDGE_CURVE('',#2611,#2598,#3050,.T.);
#1967=EDGE_CURVE('',#2593,#2612,#3051,.T.);
#1968=EDGE_CURVE('',#2612,#2610,#3052,.T.);
#1969=EDGE_CURVE('',#2613,#2614,#3053,.T.);
#1970=EDGE_CURVE('',#2614,#2615,#3054,.T.);
#1971=EDGE_CURVE('',#2616,#2615,#3055,.T.);
#1972=EDGE_CURVE('',#2616,#2613,#3056,.T.);
#1973=EDGE_CURVE('',#2617,#2618,#240,.T.);
#1974=EDGE_CURVE('',#2619,#2617,#3057,.T.);
#1975=EDGE_CURVE('',#2620,#2619,#241,.T.);
#1976=EDGE_CURVE('',#2620,#2618,#3058,.T.);
#1977=EDGE_CURVE('',#2612,#2621,#3059,.T.);
#1978=EDGE_CURVE('',#2621,#2622,#3060,.T.);
#1979=EDGE_CURVE('',#2622,#2610,#3061,.T.);
#1980=EDGE_CURVE('',#2619,#2623,#3062,.T.);
#1981=EDGE_CURVE('',#2624,#2623,#242,.T.);
#1982=EDGE_CURVE('',#2625,#2624,#3063,.T.);
#1983=EDGE_CURVE('',#2626,#2625,#243,.T.);
#1984=EDGE_CURVE('',#2626,#2620,#3064,.T.);
#1985=EDGE_CURVE('',#2627,#2628,#3065,.T.);
#1986=EDGE_CURVE('',#2628,#2629,#3066,.T.);
#1987=EDGE_CURVE('',#2629,#2630,#3067,.T.);
#1988=EDGE_CURVE('',#2627,#2630,#3068,.T.);
#1989=EDGE_CURVE('',#2628,#2631,#3069,.T.);
#1990=EDGE_CURVE('',#2631,#2632,#3070,.T.);
#1991=EDGE_CURVE('',#2632,#2629,#3071,.T.);
#1992=EDGE_CURVE('',#2631,#2633,#3072,.T.);
#1993=EDGE_CURVE('',#2633,#2634,#3073,.T.);
#1994=EDGE_CURVE('',#2634,#2632,#3074,.T.);
#1995=EDGE_CURVE('',#2635,#2625,#3075,.T.);
#1996=EDGE_CURVE('',#2636,#2624,#3076,.T.);
#1997=EDGE_CURVE('',#2636,#2637,#3077,.T.);
#1998=EDGE_CURVE('',#2637,#2638,#3078,.T.);
#1999=EDGE_CURVE('',#2639,#2638,#3079,.T.);
#2000=EDGE_CURVE('',#2640,#2639,#3080,.T.);
#2001=EDGE_CURVE('',#2640,#2635,#3081,.T.);
#2002=EDGE_CURVE('',#2641,#2642,#244,.T.);
#2003=EDGE_CURVE('',#2641,#2643,#3082,.T.);
#2004=EDGE_CURVE('',#2643,#2644,#245,.T.);
#2005=EDGE_CURVE('',#2644,#2645,#3083,.T.);
#2006=EDGE_CURVE('',#2646,#2645,#246,.T.);
#2007=EDGE_CURVE('',#2642,#2646,#3084,.T.);
#2008=EDGE_CURVE('',#2647,#2586,#3085,.T.);
#2009=EDGE_CURVE('',#2647,#2599,#3086,.T.);
#2010=EDGE_CURVE('',#2648,#2642,#3087,.T.);
#2011=EDGE_CURVE('',#2649,#2646,#3088,.T.);
#2012=EDGE_CURVE('',#2649,#2650,#3089,.T.);
#2013=EDGE_CURVE('',#2650,#2651,#3090,.T.);
#2014=EDGE_CURVE('',#2652,#2651,#3091,.T.);
#2015=EDGE_CURVE('',#2653,#2652,#3092,.T.);
#2016=EDGE_CURVE('',#2653,#2648,#3093,.T.);
#2017=EDGE_CURVE('',#2645,#2654,#3094,.T.);
#2018=EDGE_CURVE('',#2654,#2636,#247,.T.);
#2019=EDGE_CURVE('',#2623,#2655,#3095,.T.);
#2020=EDGE_CURVE('',#2655,#2649,#248,.T.);
#2021=EDGE_CURVE('',#2656,#2657,#3096,.T.);
#2022=EDGE_CURVE('',#2657,#2603,#249,.T.);
#2023=EDGE_CURVE('',#2658,#2602,#3097,.T.);
#2024=EDGE_CURVE('',#2659,#2658,#3098,.T.);
#2025=EDGE_CURVE('',#2659,#2660,#250,.T.);
#2026=EDGE_CURVE('',#2661,#2660,#3099,.T.);
#2027=EDGE_CURVE('',#2661,#2614,#251,.T.);
#2028=EDGE_CURVE('',#2609,#2613,#3100,.T.);
#2029=EDGE_CURVE('',#2608,#2662,#252,.T.);
#2030=EDGE_CURVE('',#2662,#2663,#3101,.T.);
#2031=EDGE_CURVE('',#2663,#2664,#253,.T.);
#2032=EDGE_CURVE('',#2665,#2664,#3102,.T.);
#2033=EDGE_CURVE('',#2665,#2666,#254,.T.);
#2034=EDGE_CURVE('',#2666,#2667,#3103,.T.);
#2035=EDGE_CURVE('',#2667,#2621,#255,.T.);
#2036=EDGE_CURVE('',#2592,#2595,#256,.T.);
#2037=EDGE_CURVE('',#2594,#2668,#257,.T.);
#2038=EDGE_CURVE('',#2669,#2668,#3104,.T.);
#2039=EDGE_CURVE('',#2670,#2669,#3105,.T.);
#2040=EDGE_CURVE('',#2671,#2670,#3106,.T.);
#2041=EDGE_CURVE('',#2671,#2672,#258,.T.);
#2042=EDGE_CURVE('',#2672,#2673,#3107,.T.);
#2043=EDGE_CURVE('',#2673,#2674,#259,.T.);
#2044=EDGE_CURVE('',#2675,#2674,#3108,.T.);
#2045=EDGE_CURVE('',#2675,#2656,#260,.T.);
#2046=EDGE_CURVE('',#2676,#2677,#3109,.T.);
#2047=EDGE_CURVE('',#2677,#2671,#3110,.T.);
#2048=EDGE_CURVE('',#2670,#2676,#3111,.T.);
#2049=EDGE_CURVE('',#2605,#2678,#3112,.T.);
#2050=EDGE_CURVE('',#2678,#2679,#3113,.T.);
#2051=EDGE_CURVE('',#2680,#2679,#3114,.T.);
#2052=EDGE_CURVE('',#2680,#2658,#3115,.T.);
#2053=EDGE_CURVE('',#2647,#2676,#3116,.T.);
#2054=EDGE_CURVE('',#2600,#2669,#3117,.T.);
#2055=EDGE_CURVE('',#2681,#2682,#3118,.T.);
#2056=EDGE_CURVE('',#2681,#2606,#3119,.T.);
#2057=EDGE_CURVE('',#2682,#2616,#3120,.T.);
#2058=EDGE_CURVE('',#2683,#2683,#261,.T.);
#2059=EDGE_CURVE('',#2684,#2684,#262,.T.);
#2060=EDGE_CURVE('',#2685,#2644,#3121,.T.);
#2061=EDGE_CURVE('',#2654,#2685,#3122,.T.);
#2062=EDGE_CURVE('',#2656,#2686,#3123,.T.);
#2063=EDGE_CURVE('',#2687,#2686,#3124,.T.);
#2064=EDGE_CURVE('',#2687,#2657,#3125,.T.);
#2065=EDGE_CURVE('',#2666,#2688,#3126,.T.);
#2066=EDGE_CURVE('',#2689,#2688,#3127,.T.);
#2067=EDGE_CURVE('',#2689,#2667,#3128,.T.);
#2068=EDGE_CURVE('',#2626,#2690,#3129,.T.);
#2069=EDGE_CURVE('',#2618,#2690,#3130,.T.);
#2070=EDGE_CURVE('',#2691,#2692,#3131,.T.);
#2071=EDGE_CURVE('',#2692,#2693,#3132,.T.);
#2072=EDGE_CURVE('',#2693,#2694,#3133,.T.);
#2073=EDGE_CURVE('',#2691,#2694,#3134,.T.);
#2074=EDGE_CURVE('',#2695,#2680,#3135,.T.);
#2075=EDGE_CURVE('',#2695,#2659,#3136,.T.);
#2076=EDGE_CURVE('',#2633,#2627,#3137,.T.);
#2077=EDGE_CURVE('',#2630,#2634,#3138,.T.);
#2078=EDGE_CURVE('',#2696,#2675,#3139,.T.);
#2079=EDGE_CURVE('',#2686,#2696,#263,.T.);
#2080=EDGE_CURVE('',#2697,#2643,#3140,.T.);
#2081=EDGE_CURVE('',#2685,#2697,#264,.T.);
#2082=EDGE_CURVE('',#2698,#2698,#265,.T.);
#2083=EDGE_CURVE('',#2699,#2679,#3141,.T.);
#2084=EDGE_CURVE('',#2700,#2678,#3142,.T.);
#2085=EDGE_CURVE('',#2699,#2700,#3143,.T.);
#2086=EDGE_CURVE('',#2655,#2617,#3144,.T.);
#2087=EDGE_CURVE('',#2650,#2690,#266,.T.);
#2088=EDGE_CURVE('',#2701,#2673,#3145,.T.);
#2089=EDGE_CURVE('',#2702,#2701,#267,.T.);
#2090=EDGE_CURVE('',#2674,#2702,#3146,.T.);
#2091=EDGE_CURVE('',#2622,#2689,#268,.T.);
#2092=EDGE_CURVE('',#2703,#2665,#3147,.T.);
#2093=EDGE_CURVE('',#2688,#2703,#269,.T.);
#2094=EDGE_CURVE('',#2704,#2695,#270,.T.);
#2095=EDGE_CURVE('',#2660,#2704,#3148,.T.);
#2096=EDGE_CURVE('',#2668,#2601,#3149,.T.);
#2097=EDGE_CURVE('',#2705,#2704,#3150,.T.);
#2098=EDGE_CURVE('',#2705,#2661,#3151,.T.);
#2099=EDGE_CURVE('',#2706,#2607,#271,.T.);
#2100=EDGE_CURVE('',#2662,#2706,#3152,.T.);
#2101=EDGE_CURVE('',#2707,#2663,#3153,.T.);
#2102=EDGE_CURVE('',#2708,#2707,#272,.T.);
#2103=EDGE_CURVE('',#2664,#2708,#3154,.T.);
#2104=EDGE_CURVE('',#2672,#2709,#3155,.T.);
#2105=EDGE_CURVE('',#2701,#2709,#3156,.T.);
#2106=EDGE_CURVE('',#2604,#2687,#273,.T.);
#2107=EDGE_CURVE('',#2710,#2711,#3157,.T.);
#2108=EDGE_CURVE('',#2694,#2710,#3158,.T.);
#2109=EDGE_CURVE('',#2711,#2693,#3159,.T.);
#2110=EDGE_CURVE('',#2709,#2677,#274,.T.);
#2111=EDGE_CURVE('',#2692,#2712,#3160,.T.);
#2112=EDGE_CURVE('',#2712,#2711,#3161,.T.);
#2113=EDGE_CURVE('',#2682,#2713,#3162,.T.);
#2114=EDGE_CURVE('',#2713,#2714,#3163,.T.);
#2115=EDGE_CURVE('',#2681,#2714,#3164,.T.);
#2116=EDGE_CURVE('',#2697,#2715,#3165,.T.);
#2117=EDGE_CURVE('',#2637,#2715,#275,.T.);
#2118=EDGE_CURVE('',#2716,#2579,#3166,.T.);
#2119=EDGE_CURVE('',#2582,#2717,#3167,.T.);
#2120=EDGE_CURVE('',#2716,#2717,#3168,.T.);
#2121=EDGE_CURVE('',#2696,#2702,#3169,.T.);
#2122=EDGE_CURVE('',#2585,#2611,#3170,.T.);
#2123=EDGE_CURVE('',#2703,#2708,#3171,.T.);
#2124=EDGE_CURVE('',#2707,#2706,#3172,.T.);
#2125=EDGE_CURVE('',#2714,#2700,#3173,.T.);
#2126=EDGE_CURVE('',#2653,#2639,#3174,.T.);
#2127=EDGE_CURVE('',#2640,#2652,#3175,.T.);
#2128=EDGE_CURVE('',#2588,#2716,#3176,.T.);
#2129=EDGE_CURVE('',#2712,#2718,#3177,.T.);
#2130=EDGE_CURVE('',#2718,#2691,#3178,.T.);
#2131=EDGE_CURVE('',#2717,#2589,#3179,.T.);
#2132=EDGE_CURVE('',#2718,#2710,#3180,.T.);
#2133=EDGE_CURVE('',#2713,#2699,#3181,.T.);
#2134=EDGE_CURVE('',#2615,#2705,#276,.T.);
#2135=EDGE_CURVE('',#2715,#2641,#3182,.T.);
#2136=EDGE_CURVE('',#2651,#2635,#3183,.T.);
#2137=EDGE_CURVE('',#2638,#2648,#3184,.T.);
#2138=EDGE_CURVE('',#2719,#2720,#3185,.T.);
#2139=EDGE_CURVE('',#2721,#2720,#3186,.T.);
#2140=EDGE_CURVE('',#2722,#2721,#3187,.T.);
#2141=EDGE_CURVE('',#2722,#2719,#3188,.T.);
#2142=EDGE_CURVE('',#2723,#2724,#3189,.T.);
#2143=EDGE_CURVE('',#2725,#2723,#3190,.T.);
#2144=EDGE_CURVE('',#2725,#2726,#3191,.T.);
#2145=EDGE_CURVE('',#2726,#2724,#3192,.T.);
#2146=EDGE_CURVE('',#2721,#2727,#3193,.T.);
#2147=EDGE_CURVE('',#2727,#2728,#3194,.T.);
#2148=EDGE_CURVE('',#2728,#2722,#3195,.T.);
#2149=EDGE_CURVE('',#2726,#2729,#3196,.T.);
#2150=EDGE_CURVE('',#2730,#2725,#3197,.T.);
#2151=EDGE_CURVE('',#2729,#2730,#3198,.T.);
#2152=EDGE_CURVE('',#2724,#2731,#3199,.T.);
#2153=EDGE_CURVE('',#2731,#2732,#3200,.T.);
#2154=EDGE_CURVE('',#2732,#2723,#3201,.T.);
#2155=EDGE_CURVE('',#2720,#2733,#3202,.T.);
#2156=EDGE_CURVE('',#2734,#2719,#3203,.T.);
#2157=EDGE_CURVE('',#2733,#2734,#3204,.T.);
#2158=EDGE_CURVE('',#2727,#2733,#3205,.T.);
#2159=EDGE_CURVE('',#2728,#2734,#3206,.T.);
#2160=EDGE_CURVE('',#2729,#2731,#3207,.T.);
#2161=EDGE_CURVE('',#2730,#2732,#3208,.T.);
#2162=EDGE_CURVE('',#2735,#2736,#3209,.T.);
#2163=EDGE_CURVE('',#2736,#2737,#3210,.T.);
#2164=EDGE_CURVE('',#2737,#2738,#3211,.T.);
#2165=EDGE_CURVE('',#2738,#2735,#3212,.T.);
#2166=EDGE_CURVE('',#2739,#2740,#3213,.T.);
#2167=EDGE_CURVE('',#2740,#2741,#3214,.T.);
#2168=EDGE_CURVE('',#2741,#2742,#3215,.T.);
#2169=EDGE_CURVE('',#2742,#2739,#3216,.T.);
#2170=EDGE_CURVE('',#2743,#2744,#3217,.T.);
#2171=EDGE_CURVE('',#2745,#2743,#3218,.T.);
#2172=EDGE_CURVE('',#2746,#2745,#3219,.T.);
#2173=EDGE_CURVE('',#2744,#2746,#3220,.T.);
#2174=EDGE_CURVE('',#2747,#2739,#3221,.T.);
#2175=EDGE_CURVE('',#2747,#2748,#3222,.T.);
#2176=EDGE_CURVE('',#2748,#2740,#3223,.T.);
#2177=EDGE_CURVE('',#2749,#2741,#3224,.T.);
#2178=EDGE_CURVE('',#2749,#2750,#3225,.T.);
#2179=EDGE_CURVE('',#2750,#2742,#3226,.T.);
#2180=EDGE_CURVE('',#2736,#2744,#3227,.T.);
#2181=EDGE_CURVE('',#2735,#2743,#3228,.T.);
#2182=EDGE_CURVE('',#2750,#2747,#3229,.T.);
#2183=EDGE_CURVE('',#2738,#2745,#3230,.T.);
#2184=EDGE_CURVE('',#2737,#2746,#3231,.T.);
#2185=EDGE_CURVE('',#2748,#2749,#3232,.T.);
#2186=EDGE_CURVE('',#2751,#2752,#121,.T.);
#2187=EDGE_CURVE('',#2753,#2751,#122,.T.);
#2188=EDGE_CURVE('',#2753,#2754,#123,.T.);
#2189=EDGE_CURVE('',#2754,#2752,#124,.T.);
#2190=EDGE_CURVE('',#2755,#2756,#125,.T.);
#2191=EDGE_CURVE('',#2757,#2755,#3233,.T.);
#2192=EDGE_CURVE('',#2758,#2757,#126,.T.);
#2193=EDGE_CURVE('',#2756,#2758,#3234,.T.);
#2194=EDGE_CURVE('',#2759,#2760,#3235,.T.);
#2195=EDGE_CURVE('',#2759,#2761,#3236,.T.);
#2196=EDGE_CURVE('',#2761,#2762,#3237,.T.);
#2197=EDGE_CURVE('',#2760,#2762,#3238,.T.);
#2198=EDGE_CURVE('',#2763,#2764,#127,.T.);
#2199=EDGE_CURVE('',#2760,#2763,#277,.T.);
#2200=EDGE_CURVE('',#2762,#2764,#278,.T.);
#2201=EDGE_CURVE('',#2765,#2766,#128,.T.);
#2202=EDGE_CURVE('',#2751,#2765,#129,.T.);
#2203=EDGE_CURVE('',#2752,#2766,#130,.T.);
#2204=EDGE_CURVE('',#2767,#2768,#131,.T.);
#2205=EDGE_CURVE('',#2767,#2769,#132,.T.);
#2206=EDGE_CURVE('',#2769,#2770,#133,.T.);
#2207=EDGE_CURVE('',#2768,#2770,#134,.T.);
#2208=EDGE_CURVE('',#2771,#2772,#135,.T.);
#2209=EDGE_CURVE('',#2771,#2772,#136,.T.);
#2210=EDGE_CURVE('',#2763,#2773,#137,.T.);
#2211=EDGE_CURVE('',#2765,#2773,#138,.F.);
#2212=EDGE_CURVE('',#2765,#2774,#139,.T.);
#2213=EDGE_CURVE('',#2763,#2774,#140,.T.);
#2214=EDGE_CURVE('',#2775,#2751,#141,.F.);
#2215=EDGE_CURVE('',#2775,#2776,#142,.T.);
#2216=EDGE_CURVE('',#2753,#2776,#143,.T.);
#2217=EDGE_CURVE('',#2773,#2775,#144,.T.);
#2218=EDGE_CURVE('',#2777,#2778,#145,.T.);
#2219=EDGE_CURVE('',#2777,#2770,#146,.T.);
#2220=EDGE_CURVE('',#2769,#2778,#147,.F.);
#2221=EDGE_CURVE('',#2779,#2780,#148,.T.);
#2222=EDGE_CURVE('',#2779,#2781,#149,.F.);
#2223=EDGE_CURVE('',#2782,#2781,#150,.T.);
#2224=EDGE_CURVE('',#2782,#2780,#151,.T.);
#2225=EDGE_CURVE('',#2764,#2783,#152,.T.);
#2226=EDGE_CURVE('',#2764,#2784,#153,.F.);
#2227=EDGE_CURVE('',#2766,#2784,#154,.T.);
#2228=EDGE_CURVE('',#2766,#2783,#155,.T.);
#2229=EDGE_CURVE('',#2785,#2755,#3239,.T.);
#2230=EDGE_CURVE('',#2785,#2786,#3240,.T.);
#2231=EDGE_CURVE('',#2786,#2757,#3241,.T.);
#2232=EDGE_CURVE('',#2778,#2787,#279,.T.);
#2233=EDGE_CURVE('',#2787,#2788,#3242,.T.);
#2234=EDGE_CURVE('',#2789,#2788,#280,.T.);
#2235=EDGE_CURVE('',#2790,#2789,#156,.T.);
#2236=EDGE_CURVE('',#2790,#2791,#157,.T.);
#2237=EDGE_CURVE('',#2777,#2791,#158,.T.);
#2238=EDGE_CURVE('',#2792,#2793,#3243,.T.);
#2239=EDGE_CURVE('',#2794,#2792,#281,.T.);
#2240=EDGE_CURVE('',#2794,#2795,#3244,.T.);
#2241=EDGE_CURVE('',#2795,#2793,#282,.T.);
#2242=EDGE_CURVE('',#2790,#2768,#159,.F.);
#2243=EDGE_CURVE('',#2767,#2789,#160,.T.);
#2244=EDGE_CURVE('',#2796,#2781,#161,.T.);
#2245=EDGE_CURVE('',#2797,#2796,#162,.T.);
#2246=EDGE_CURVE('',#2797,#2782,#163,.T.);
#2247=EDGE_CURVE('',#2798,#2799,#3245,.T.);
#2248=EDGE_CURVE('',#2796,#2798,#283,.T.);
#2249=EDGE_CURVE('',#2781,#2799,#284,.T.);
#2250=EDGE_CURVE('',#2800,#2801,#3246,.T.);
#2251=EDGE_CURVE('',#2792,#2800,#3247,.T.);
#2252=EDGE_CURVE('',#2793,#2801,#3248,.T.);
#2253=EDGE_CURVE('',#2800,#2767,#285,.T.);
#2254=EDGE_CURVE('',#2801,#2769,#286,.T.);
#2255=EDGE_CURVE('',#2756,#2753,#287,.T.);
#2256=EDGE_CURVE('',#2758,#2754,#288,.T.);
#2257=EDGE_CURVE('',#2788,#2785,#164,.T.);
#2258=EDGE_CURVE('',#2786,#2787,#165,.T.);
#2259=EDGE_CURVE('',#2783,#2802,#166,.T.);
#2260=EDGE_CURVE('',#2802,#2752,#167,.F.);
#2261=EDGE_CURVE('',#2768,#2797,#168,.T.);
#2262=EDGE_CURVE('',#2770,#2782,#169,.T.);
#2263=EDGE_CURVE('',#2798,#2794,#3249,.T.);
#2264=EDGE_CURVE('',#2799,#2795,#3250,.T.);
#2265=EDGE_CURVE('',#2775,#2802,#170,.T.);
#2266=EDGE_CURVE('',#2773,#2783,#171,.T.);
#2267=EDGE_CURVE('',#2803,#2804,#172,.T.);
#2268=EDGE_CURVE('',#2805,#2803,#3251,.T.);
#2269=EDGE_CURVE('',#2806,#2805,#173,.T.);
#2270=EDGE_CURVE('',#2804,#2806,#3252,.T.);
#2271=EDGE_CURVE('',#2807,#2808,#3253,.T.);
#2272=EDGE_CURVE('',#2776,#2807,#289,.T.);
#2273=EDGE_CURVE('',#2776,#2809,#174,.T.);
#2274=EDGE_CURVE('',#2809,#2808,#290,.T.);
#2275=EDGE_CURVE('',#2810,#2811,#3254,.T.);
#2276=EDGE_CURVE('',#2807,#2810,#3255,.T.);
#2277=EDGE_CURVE('',#2808,#2811,#3256,.T.);
#2278=EDGE_CURVE('',#2810,#2759,#291,.T.);
#2279=EDGE_CURVE('',#2811,#2761,#292,.T.);
#2280=EDGE_CURVE('',#2784,#2805,#293,.T.);
#2281=EDGE_CURVE('',#2774,#2803,#294,.T.);
#2282=EDGE_CURVE('',#2774,#2784,#175,.T.);
#2283=EDGE_CURVE('',#2804,#2812,#3257,.T.);
#2284=EDGE_CURVE('',#2806,#2813,#3258,.T.);
#2285=EDGE_CURVE('',#2813,#2812,#3259,.T.);
#2286=EDGE_CURVE('',#2802,#2809,#176,.T.);
#2287=EDGE_CURVE('',#2814,#2772,#177,.T.);
#2288=EDGE_CURVE('',#2814,#2791,#178,.T.);
#2289=EDGE_CURVE('',#2772,#2790,#179,.T.);
#2290=EDGE_CURVE('',#2815,#2771,#295,.T.);
#2291=EDGE_CURVE('',#2815,#2816,#3260,.T.);
#2292=EDGE_CURVE('',#2816,#2779,#296,.T.);
#2293=EDGE_CURVE('',#2814,#2780,#180,.T.);
#2294=EDGE_CURVE('',#2816,#2813,#181,.T.);
#2295=EDGE_CURVE('',#2754,#2809,#182,.F.);
#2296=EDGE_CURVE('',#2797,#2772,#183,.T.);
#2297=EDGE_CURVE('',#2771,#2796,#184,.T.);
#2298=EDGE_CURVE('',#2812,#2815,#185,.T.);
#2299=EDGE_CURVE('',#2817,#2818,#3261,.T.);
#2300=EDGE_CURVE('',#2819,#2818,#3262,.T.);
#2301=EDGE_CURVE('',#2820,#2819,#3263,.T.);
#2302=EDGE_CURVE('',#2820,#2817,#3264,.T.);
#2303=EDGE_CURVE('',#2821,#2822,#3265,.T.);
#2304=EDGE_CURVE('',#2823,#2822,#3266,.T.);
#2305=EDGE_CURVE('',#2824,#2823,#3267,.T.);
#2306=EDGE_CURVE('',#2824,#2821,#3268,.T.);
#2307=EDGE_CURVE('',#2825,#2821,#297,.T.);
#2308=EDGE_CURVE('',#2826,#2824,#298,.T.);
#2309=EDGE_CURVE('',#2826,#2825,#3269,.T.);
#2310=EDGE_CURVE('',#2827,#2828,#299,.T.);
#2311=EDGE_CURVE('',#2829,#2828,#3270,.T.);
#2312=EDGE_CURVE('',#2830,#2829,#300,.T.);
#2313=EDGE_CURVE('',#2830,#2827,#3271,.T.);
#2314=EDGE_CURVE('',#2828,#2825,#3272,.T.);
#2315=EDGE_CURVE('',#2829,#2826,#3273,.T.);
#2316=EDGE_CURVE('',#2831,#2832,#3274,.T.);
#2317=EDGE_CURVE('',#2832,#2833,#3275,.T.);
#2318=EDGE_CURVE('',#2834,#2833,#3276,.T.);
#2319=EDGE_CURVE('',#2831,#2834,#3277,.T.);
#2320=EDGE_CURVE('',#2835,#2827,#3278,.T.);
#2321=EDGE_CURVE('',#2836,#2830,#3279,.T.);
#2322=EDGE_CURVE('',#2836,#2835,#3280,.T.);
#2323=EDGE_CURVE('',#2822,#2817,#301,.T.);
#2324=EDGE_CURVE('',#2823,#2820,#302,.T.);
#2325=EDGE_CURVE('',#2837,#2838,#3281,.T.);
#2326=EDGE_CURVE('',#2839,#2838,#3282,.T.);
#2327=EDGE_CURVE('',#2840,#2839,#3283,.T.);
#2328=EDGE_CURVE('',#2840,#2837,#3284,.T.);
#2329=EDGE_CURVE('',#2841,#2839,#303,.T.);
#2330=EDGE_CURVE('',#2842,#2841,#3285,.T.);
#2331=EDGE_CURVE('',#2831,#2842,#304,.T.);
#2332=EDGE_CURVE('',#2843,#2834,#305,.T.);
#2333=EDGE_CURVE('',#2844,#2843,#3286,.T.);
#2334=EDGE_CURVE('',#2840,#2844,#306,.T.);
#2335=EDGE_CURVE('',#2818,#2835,#307,.T.);
#2336=EDGE_CURVE('',#2819,#2836,#308,.T.);
#2337=EDGE_CURVE('',#2845,#2846,#3287,.T.);
#2338=EDGE_CURVE('',#2838,#2845,#309,.T.);
#2339=EDGE_CURVE('',#2847,#2837,#310,.T.);
#2340=EDGE_CURVE('',#2848,#2847,#3288,.T.);
#2341=EDGE_CURVE('',#2833,#2848,#311,.T.);
#2342=EDGE_CURVE('',#2846,#2832,#312,.T.);
#2343=EDGE_CURVE('',#2843,#2848,#3289,.T.);
#2344=EDGE_CURVE('',#2844,#2847,#3290,.T.);
#2345=EDGE_CURVE('',#2841,#2845,#3291,.T.);
#2346=EDGE_CURVE('',#2842,#2846,#3292,.T.);
#2347=EDGE_CURVE('',#2849,#2850,#313,.T.);
#2348=EDGE_CURVE('',#2850,#2851,#314,.T.);
#2349=EDGE_CURVE('',#2849,#2851,#315,.T.);
#2350=EDGE_CURVE('',#2852,#2853,#316,.T.);
#2351=EDGE_CURVE('',#2853,#2854,#317,.T.);
#2352=EDGE_CURVE('',#2852,#2854,#318,.T.);
#2353=EDGE_CURVE('',#2855,#2856,#319,.T.);
#2354=EDGE_CURVE('',#2857,#2855,#320,.T.);
#2355=EDGE_CURVE('',#2857,#2856,#321,.T.);
#2356=EDGE_CURVE('',#2858,#2859,#3293,.T.);
#2357=EDGE_CURVE('',#2859,#2860,#3294,.T.);
#2358=EDGE_CURVE('',#2860,#2861,#3295,.T.);
#2359=EDGE_CURVE('',#2861,#2862,#322,.T.);
#2360=EDGE_CURVE('',#2862,#2863,#3296,.T.);
#2361=EDGE_CURVE('',#2863,#2858,#323,.T.);
#2362=EDGE_CURVE('',#2855,#2864,#3297,.T.);
#2363=EDGE_CURVE('',#2864,#2853,#3298,.T.);
#2364=EDGE_CURVE('',#2853,#2851,#3299,.T.);
#2365=EDGE_CURVE('',#2851,#2855,#3300,.T.);
#2366=EDGE_CURVE('',#2849,#2852,#3301,.T.);
#2367=EDGE_CURVE('',#2852,#2859,#3302,.T.);
#2368=EDGE_CURVE('',#2858,#2849,#3303,.T.);
#2369=EDGE_CURVE('',#2865,#2866,#3304,.T.);
#2370=EDGE_CURVE('',#2866,#2867,#3305,.T.);
#2371=EDGE_CURVE('',#2867,#2854,#3306,.T.);
#2372=EDGE_CURVE('',#2854,#2865,#3307,.T.);
#2373=EDGE_CURVE('',#2860,#2866,#324,.T.);
#2374=EDGE_CURVE('',#2867,#2859,#84,.T.);
#2375=EDGE_CURVE('',#2864,#2865,#85,.T.);
#2376=EDGE_CURVE('',#2862,#2857,#3308,.T.);
#2377=EDGE_CURVE('',#2856,#2861,#3309,.T.);
#2378=EDGE_CURVE('',#2857,#2850,#3310,.T.);
#2379=EDGE_CURVE('',#2850,#2863,#3311,.T.);
#2380=EDGE_CURVE('',#2865,#2856,#3312,.T.);
#2381=EDGE_CURVE('',#2868,#2869,#325,.T.);
#2382=EDGE_CURVE('',#2870,#2869,#3313,.T.);
#2383=EDGE_CURVE('',#2871,#2870,#326,.T.);
#2384=EDGE_CURVE('',#2868,#2871,#3314,.T.);
#2385=EDGE_CURVE('',#2872,#2873,#3315,.T.);
#2386=EDGE_CURVE('',#2873,#2874,#3316,.T.);
#2387=EDGE_CURVE('',#2874,#2875,#3317,.T.);
#2388=EDGE_CURVE('',#2875,#2872,#3318,.T.);
#2389=EDGE_CURVE('',#2876,#2877,#3319,.T.);
#2390=EDGE_CURVE('',#2877,#2878,#3320,.T.);
#2391=EDGE_CURVE('',#2878,#2879,#3321,.T.);
#2392=EDGE_CURVE('',#2879,#2876,#3322,.T.);
#2393=EDGE_CURVE('',#2868,#2875,#327,.T.);
#2394=EDGE_CURVE('',#2875,#2869,#328,.T.);
#2395=EDGE_CURVE('',#2871,#2880,#3323,.T.);
#2396=EDGE_CURVE('',#2880,#2881,#3324,.T.);
#2397=EDGE_CURVE('',#2881,#2868,#3325,.T.);
#2398=EDGE_CURVE('',#2872,#2881,#329,.T.);
#2399=EDGE_CURVE('',#2874,#2882,#330,.T.);
#2400=EDGE_CURVE('',#2874,#2879,#331,.T.);
#2401=EDGE_CURVE('',#2882,#2879,#332,.T.);
#2402=EDGE_CURVE('',#2883,#2884,#333,.T.);
#2403=EDGE_CURVE('',#2885,#2884,#3326,.T.);
#2404=EDGE_CURVE('',#2870,#2885,#334,.T.);
#2405=EDGE_CURVE('',#2883,#2870,#3327,.T.);
#2406=EDGE_CURVE('',#2869,#2882,#3328,.T.);
#2407=EDGE_CURVE('',#2882,#2883,#3329,.T.);
#2408=EDGE_CURVE('',#2886,#2877,#335,.T.);
#2409=EDGE_CURVE('',#2884,#2886,#3330,.T.);
#2410=EDGE_CURVE('',#2878,#2884,#336,.T.);
#2411=EDGE_CURVE('',#2883,#2878,#337,.T.);
#2412=EDGE_CURVE('',#2871,#2885,#338,.T.);
#2413=EDGE_CURVE('',#2887,#2885,#3331,.T.);
#2414=EDGE_CURVE('',#2880,#2887,#339,.T.);
#2415=EDGE_CURVE('',#2876,#2873,#340,.T.);
#2416=EDGE_CURVE('',#2886,#2887,#3332,.T.);
#2417=EDGE_CURVE('',#2888,#2889,#3333,.T.);
#2418=EDGE_CURVE('',#2890,#2888,#3334,.T.);
#2419=EDGE_CURVE('',#2891,#2890,#3335,.T.);
#2420=EDGE_CURVE('',#2892,#2891,#86,.T.);
#2421=EDGE_CURVE('',#2893,#2892,#3336,.T.);
#2422=EDGE_CURVE('',#2893,#2894,#3337,.T.);
#2423=EDGE_CURVE('',#2889,#2894,#3338,.T.);
#2424=EDGE_CURVE('',#2895,#2896,#3339,.T.);
#2425=EDGE_CURVE('',#2897,#2895,#3340,.T.);
#2426=EDGE_CURVE('',#2897,#2898,#3341,.T.);
#2427=EDGE_CURVE('',#2898,#2896,#3342,.T.);
#2428=EDGE_CURVE('',#2899,#2893,#3343,.T.);
#2429=EDGE_CURVE('',#2900,#2892,#3344,.T.);
#2430=EDGE_CURVE('',#2900,#2899,#3345,.T.);
#2431=EDGE_CURVE('',#2901,#2902,#3346,.T.);
#2432=EDGE_CURVE('',#2903,#2901,#3347,.T.);
#2433=EDGE_CURVE('',#2904,#2903,#3348,.T.);
#2434=EDGE_CURVE('',#2905,#2904,#341,.T.);
#2435=EDGE_CURVE('',#2898,#2905,#3349,.T.);
#2436=EDGE_CURVE('',#2906,#2897,#3350,.T.);
#2437=EDGE_CURVE('',#2907,#2906,#342,.T.);
#2438=EDGE_CURVE('',#2908,#2907,#3351,.T.);
#2439=EDGE_CURVE('',#2909,#2908,#3352,.T.);
#2440=EDGE_CURVE('',#2910,#2909,#343,.T.);
#2441=EDGE_CURVE('',#2902,#2910,#3353,.T.);
#2442=EDGE_CURVE('',#2911,#2890,#3354,.T.);
#2443=EDGE_CURVE('',#2888,#2912,#3355,.T.);
#2444=EDGE_CURVE('',#2912,#2913,#344,.T.);
#2445=EDGE_CURVE('',#2913,#2914,#3356,.T.);
#2446=EDGE_CURVE('',#2914,#2915,#3357,.T.);
#2447=EDGE_CURVE('',#2915,#2916,#345,.T.);
#2448=EDGE_CURVE('',#2916,#2895,#3358,.T.);
#2449=EDGE_CURVE('',#2896,#2917,#3359,.T.);
#2450=EDGE_CURVE('',#2917,#2918,#346,.T.);
#2451=EDGE_CURVE('',#2918,#2911,#3360,.T.);
#2452=EDGE_CURVE('',#2910,#2912,#3361,.T.);
#2453=EDGE_CURVE('',#2909,#2913,#3362,.T.);
#2454=EDGE_CURVE('',#2919,#2889,#3363,.T.);
#2455=EDGE_CURVE('',#2919,#2902,#3364,.T.);
#2456=EDGE_CURVE('',#2920,#2891,#3365,.T.);
#2457=EDGE_CURVE('',#2920,#2900,#87,.T.);
#2458=EDGE_CURVE('',#2907,#2915,#3366,.T.);
#2459=EDGE_CURVE('',#2906,#2916,#3367,.T.);
#2460=EDGE_CURVE('',#2908,#2914,#3368,.T.);
#2461=EDGE_CURVE('',#2899,#2921,#3369,.T.);
#2462=EDGE_CURVE('',#2901,#2920,#3370,.T.);
#2463=EDGE_CURVE('',#2921,#2919,#3371,.T.);
#2464=EDGE_CURVE('',#2903,#2911,#3372,.T.);
#2465=EDGE_CURVE('',#2921,#2894,#3373,.T.);
#2466=EDGE_CURVE('',#2905,#2917,#3374,.T.);
#2467=EDGE_CURVE('',#2904,#2918,#3375,.T.);
#2468=EDGE_CURVE('',#2922,#2923,#3376,.T.);
#2469=EDGE_CURVE('',#2924,#2922,#3377,.T.);
#2470=EDGE_CURVE('',#2924,#2925,#3378,.T.);
#2471=EDGE_CURVE('',#2925,#2923,#3379,.T.);
#2472=EDGE_CURVE('',#2926,#2927,#3380,.T.);
#2473=EDGE_CURVE('',#2927,#2928,#88,.T.);
#2474=EDGE_CURVE('',#2928,#2929,#3381,.T.);
#2475=EDGE_CURVE('',#2930,#2929,#3382,.T.);
#2476=EDGE_CURVE('',#2930,#2931,#3383,.T.);
#2477=EDGE_CURVE('',#2931,#2932,#3384,.T.);
#2478=EDGE_CURVE('',#2932,#2926,#3385,.T.);
#2479=EDGE_CURVE('',#2933,#2934,#347,.T.);
#2480=EDGE_CURVE('',#2935,#2933,#3386,.T.);
#2481=EDGE_CURVE('',#2935,#2936,#348,.T.);
#2482=EDGE_CURVE('',#2936,#2934,#3387,.T.);
#2483=EDGE_CURVE('',#2937,#2928,#3388,.T.);
#2484=EDGE_CURVE('',#2938,#2937,#3389,.T.);
#2485=EDGE_CURVE('',#2938,#2939,#3390,.T.);
#2486=EDGE_CURVE('',#2939,#2940,#3391,.T.);
#2487=EDGE_CURVE('',#2929,#2940,#3392,.T.);
#2488=EDGE_CURVE('',#2940,#2941,#3393,.T.);
#2489=EDGE_CURVE('',#2941,#2922,#349,.T.);
#2490=EDGE_CURVE('',#2923,#2942,#3394,.T.);
#2491=EDGE_CURVE('',#2942,#2943,#3395,.T.);
#2492=EDGE_CURVE('',#2943,#2944,#350,.T.);
#2493=EDGE_CURVE('',#2944,#2945,#3396,.T.);
#2494=EDGE_CURVE('',#2945,#2933,#3397,.T.);
#2495=EDGE_CURVE('',#2934,#2930,#3398,.T.);
#2496=EDGE_CURVE('',#2946,#2941,#3399,.T.);
#2497=EDGE_CURVE('',#2946,#2924,#351,.T.);
#2498=EDGE_CURVE('',#2947,#2942,#3400,.T.);
#2499=EDGE_CURVE('',#2947,#2948,#3401,.T.);
#2500=EDGE_CURVE('',#2948,#2943,#3402,.T.);
#2501=EDGE_CURVE('',#2949,#2944,#3403,.T.);
#2502=EDGE_CURVE('',#2949,#2950,#3404,.T.);
#2503=EDGE_CURVE('',#2950,#2945,#3405,.T.);
#2504=EDGE_CURVE('',#2939,#2946,#3406,.T.);
#2505=EDGE_CURVE('',#2925,#2947,#3407,.T.);
#2506=EDGE_CURVE('',#2948,#2949,#352,.T.);
#2507=EDGE_CURVE('',#2951,#2932,#3408,.T.);
#2508=EDGE_CURVE('',#2951,#2952,#3409,.T.);
#2509=EDGE_CURVE('',#2952,#2926,#3410,.T.);
#2510=EDGE_CURVE('',#2953,#2931,#3411,.T.);
#2511=EDGE_CURVE('',#2951,#2953,#3412,.T.);
#2512=EDGE_CURVE('',#2936,#2954,#3413,.T.);
#2513=EDGE_CURVE('',#2953,#2954,#3414,.T.);
#2514=EDGE_CURVE('',#2955,#2952,#3415,.T.);
#2515=EDGE_CURVE('',#2954,#2938,#3416,.T.);
#2516=EDGE_CURVE('',#2937,#2955,#89,.T.);
#2517=EDGE_CURVE('',#2950,#2935,#3417,.T.);
#2518=EDGE_CURVE('',#2955,#2927,#3418,.T.);
#2519=VERTEX_POINT('',#6751);
#2520=VERTEX_POINT('',#6752);
#2521=VERTEX_POINT('',#6754);
#2522=VERTEX_POINT('',#6756);
#2523=VERTEX_POINT('',#6760);
#2524=VERTEX_POINT('',#6761);
#2525=VERTEX_POINT('',#6763);
#2526=VERTEX_POINT('',#6765);
#2527=VERTEX_POINT('',#6769);
#2528=VERTEX_POINT('',#6770);
#2529=VERTEX_POINT('',#6772);
#2530=VERTEX_POINT('',#6774);
#2531=VERTEX_POINT('',#6778);
#2532=VERTEX_POINT('',#6779);
#2533=VERTEX_POINT('',#6784);
#2534=VERTEX_POINT('',#6785);
#2535=VERTEX_POINT('',#6787);
#2536=VERTEX_POINT('',#6792);
#2537=VERTEX_POINT('',#6796);
#2538=VERTEX_POINT('',#6798);
#2539=VERTEX_POINT('',#6802);
#2540=VERTEX_POINT('',#6804);
#2541=VERTEX_POINT('',#6806);
#2542=VERTEX_POINT('',#6825);
#2543=VERTEX_POINT('',#6829);
#2544=VERTEX_POINT('',#6830);
#2545=VERTEX_POINT('',#6835);
#2546=VERTEX_POINT('',#6836);
#2547=VERTEX_POINT('',#6838);
#2548=VERTEX_POINT('',#6840);
#2549=VERTEX_POINT('',#6844);
#2550=VERTEX_POINT('',#6846);
#2551=VERTEX_POINT('',#6848);
#2552=VERTEX_POINT('',#6852);
#2553=VERTEX_POINT('',#6853);
#2554=VERTEX_POINT('',#6855);
#2555=VERTEX_POINT('',#6857);
#2556=VERTEX_POINT('',#6861);
#2557=VERTEX_POINT('',#6868);
#2558=VERTEX_POINT('',#6869);
#2559=VERTEX_POINT('',#6871);
#2560=VERTEX_POINT('',#6875);
#2561=VERTEX_POINT('',#6878);
#2562=VERTEX_POINT('',#6882);
#2563=VERTEX_POINT('',#6886);
#2564=VERTEX_POINT('',#6888);
#2565=VERTEX_POINT('',#6890);
#2566=VERTEX_POINT('',#6894);
#2567=VERTEX_POINT('',#6896);
#2568=VERTEX_POINT('',#6900);
#2569=VERTEX_POINT('',#6906);
#2570=VERTEX_POINT('',#6907);
#2571=VERTEX_POINT('',#6909);
#2572=VERTEX_POINT('',#6911);
#2573=VERTEX_POINT('',#6916);
#2574=VERTEX_POINT('',#6918);
#2575=VERTEX_POINT('',#6926);
#2576=VERTEX_POINT('',#6941);
#2577=VERTEX_POINT('',#6943);
#2578=VERTEX_POINT('',#6945);
#2579=VERTEX_POINT('',#7042);
#2580=VERTEX_POINT('',#7043);
#2581=VERTEX_POINT('',#7045);
#2582=VERTEX_POINT('',#7047);
#2583=VERTEX_POINT('',#7051);
#2584=VERTEX_POINT('',#7052);
#2585=VERTEX_POINT('',#7054);
#2586=VERTEX_POINT('',#7056);
#2587=VERTEX_POINT('',#7060);
#2588=VERTEX_POINT('',#7063);
#2589=VERTEX_POINT('',#7065);
#2590=VERTEX_POINT('',#7069);
#2591=VERTEX_POINT('',#7070);
#2592=VERTEX_POINT('',#7072);
#2593=VERTEX_POINT('',#7074);
#2594=VERTEX_POINT('',#7078);
#2595=VERTEX_POINT('',#7079);
#2596=VERTEX_POINT('',#7081);
#2597=VERTEX_POINT('',#7083);
#2598=VERTEX_POINT('',#7088);
#2599=VERTEX_POINT('',#7091);
#2600=VERTEX_POINT('',#7093);
#2601=VERTEX_POINT('',#7095);
#2602=VERTEX_POINT('',#7099);
#2603=VERTEX_POINT('',#7100);
#2604=VERTEX_POINT('',#7102);
#2605=VERTEX_POINT('',#7104);
#2606=VERTEX_POINT('',#7108);
#2607=VERTEX_POINT('',#7109);
#2608=VERTEX_POINT('',#7111);
#2609=VERTEX_POINT('',#7113);
#2610=VERTEX_POINT('',#7117);
#2611=VERTEX_POINT('',#7118);
#2612=VERTEX_POINT('',#7121);
#2613=VERTEX_POINT('',#7125);
#2614=VERTEX_POINT('',#7126);
#2615=VERTEX_POINT('',#7128);
#2616=VERTEX_POINT('',#7130);
#2617=VERTEX_POINT('',#7134);
#2618=VERTEX_POINT('',#7135);
#2619=VERTEX_POINT('',#7137);
#2620=VERTEX_POINT('',#7139);
#2621=VERTEX_POINT('',#7143);
#2622=VERTEX_POINT('',#7145);
#2623=VERTEX_POINT('',#7149);
#2624=VERTEX_POINT('',#7151);
#2625=VERTEX_POINT('',#7153);
#2626=VERTEX_POINT('',#7155);
#2627=VERTEX_POINT('',#7159);
#2628=VERTEX_POINT('',#7160);
#2629=VERTEX_POINT('',#7162);
#2630=VERTEX_POINT('',#7164);
#2631=VERTEX_POINT('',#7168);
#2632=VERTEX_POINT('',#7170);
#2633=VERTEX_POINT('',#7174);
#2634=VERTEX_POINT('',#7176);
#2635=VERTEX_POINT('',#7180);
#2636=VERTEX_POINT('',#7182);
#2637=VERTEX_POINT('',#7184);
#2638=VERTEX_POINT('',#7186);
#2639=VERTEX_POINT('',#7188);
#2640=VERTEX_POINT('',#7190);
#2641=VERTEX_POINT('',#7194);
#2642=VERTEX_POINT('',#7195);
#2643=VERTEX_POINT('',#7197);
#2644=VERTEX_POINT('',#7199);
#2645=VERTEX_POINT('',#7201);
#2646=VERTEX_POINT('',#7203);
#2647=VERTEX_POINT('',#7207);
#2648=VERTEX_POINT('',#7211);
#2649=VERTEX_POINT('',#7213);
#2650=VERTEX_POINT('',#7215);
#2651=VERTEX_POINT('',#7217);
#2652=VERTEX_POINT('',#7219);
#2653=VERTEX_POINT('',#7221);
#2654=VERTEX_POINT('',#7225);
#2655=VERTEX_POINT('',#7228);
#2656=VERTEX_POINT('',#7231);
#2657=VERTEX_POINT('',#7232);
#2658=VERTEX_POINT('',#7235);
#2659=VERTEX_POINT('',#7237);
#2660=VERTEX_POINT('',#7239);
#2661=VERTEX_POINT('',#7241);
#2662=VERTEX_POINT('',#7245);
#2663=VERTEX_POINT('',#7247);
#2664=VERTEX_POINT('',#7249);
#2665=VERTEX_POINT('',#7251);
#2666=VERTEX_POINT('',#7253);
#2667=VERTEX_POINT('',#7255);
#2668=VERTEX_POINT('',#7259);
#2669=VERTEX_POINT('',#7261);
#2670=VERTEX_POINT('',#7263);
#2671=VERTEX_POINT('',#7265);
#2672=VERTEX_POINT('',#7267);
#2673=VERTEX_POINT('',#7269);
#2674=VERTEX_POINT('',#7271);
#2675=VERTEX_POINT('',#7273);
#2676=VERTEX_POINT('',#7277);
#2677=VERTEX_POINT('',#7278);
#2678=VERTEX_POINT('',#7283);
#2679=VERTEX_POINT('',#7285);
#2680=VERTEX_POINT('',#7287);
#2681=VERTEX_POINT('',#7294);
#2682=VERTEX_POINT('',#7295);
#2683=VERTEX_POINT('',#7300);
#2684=VERTEX_POINT('',#7302);
#2685=VERTEX_POINT('',#7305);
#2686=VERTEX_POINT('',#7309);
#2687=VERTEX_POINT('',#7311);
#2688=VERTEX_POINT('',#7315);
#2689=VERTEX_POINT('',#7317);
#2690=VERTEX_POINT('',#7321);
#2691=VERTEX_POINT('',#7325);
#2692=VERTEX_POINT('',#7326);
#2693=VERTEX_POINT('',#7328);
#2694=VERTEX_POINT('',#7330);
#2695=VERTEX_POINT('',#7334);
#2696=VERTEX_POINT('',#7341);
#2697=VERTEX_POINT('',#7345);
#2698=VERTEX_POINT('',#7349);
#2699=VERTEX_POINT('',#7352);
#2700=VERTEX_POINT('',#7354);
#2701=VERTEX_POINT('',#7361);
#2702=VERTEX_POINT('',#7363);
#2703=VERTEX_POINT('',#7369);
#2704=VERTEX_POINT('',#7373);
#2705=VERTEX_POINT('',#7379);
#2706=VERTEX_POINT('',#7383);
#2707=VERTEX_POINT('',#7387);
#2708=VERTEX_POINT('',#7389);
#2709=VERTEX_POINT('',#7394);
#2710=VERTEX_POINT('',#7401);
#2711=VERTEX_POINT('',#7402);
#2712=VERTEX_POINT('',#7410);
#2713=VERTEX_POINT('',#7414);
#2714=VERTEX_POINT('',#7416);
#2715=VERTEX_POINT('',#7420);
#2716=VERTEX_POINT('',#7424);
#2717=VERTEX_POINT('',#7426);
#2718=VERTEX_POINT('',#7439);
#2719=VERTEX_POINT('',#7469);
#2720=VERTEX_POINT('',#7470);
#2721=VERTEX_POINT('',#7472);
#2722=VERTEX_POINT('',#7474);
#2723=VERTEX_POINT('',#7478);
#2724=VERTEX_POINT('',#7479);
#2725=VERTEX_POINT('',#7481);
#2726=VERTEX_POINT('',#7483);
#2727=VERTEX_POINT('',#7487);
#2728=VERTEX_POINT('',#7489);
#2729=VERTEX_POINT('',#7493);
#2730=VERTEX_POINT('',#7495);
#2731=VERTEX_POINT('',#7499);
#2732=VERTEX_POINT('',#7501);
#2733=VERTEX_POINT('',#7504);
#2734=VERTEX_POINT('',#7506);
#2735=VERTEX_POINT('',#7521);
#2736=VERTEX_POINT('',#7522);
#2737=VERTEX_POINT('',#7524);
#2738=VERTEX_POINT('',#7526);
#2739=VERTEX_POINT('',#7530);
#2740=VERTEX_POINT('',#7531);
#2741=VERTEX_POINT('',#7533);
#2742=VERTEX_POINT('',#7535);
#2743=VERTEX_POINT('',#7538);
#2744=VERTEX_POINT('',#7539);
#2745=VERTEX_POINT('',#7541);
#2746=VERTEX_POINT('',#7543);
#2747=VERTEX_POINT('',#7547);
#2748=VERTEX_POINT('',#7549);
#2749=VERTEX_POINT('',#7553);
#2750=VERTEX_POINT('',#7555);
#2751=VERTEX_POINT('',#7585);
#2752=VERTEX_POINT('',#7586);
#2753=VERTEX_POINT('',#7595);
#2754=VERTEX_POINT('',#7598);
#2755=VERTEX_POINT('',#7612);
#2756=VERTEX_POINT('',#7613);
#2757=VERTEX_POINT('',#7615);
#2758=VERTEX_POINT('',#7620);
#2759=VERTEX_POINT('',#7624);
#2760=VERTEX_POINT('',#7625);
#2761=VERTEX_POINT('',#7627);
#2762=VERTEX_POINT('',#7629);
#2763=VERTEX_POINT('',#7634);
#2764=VERTEX_POINT('',#7635);
#2765=VERTEX_POINT('',#7660);
#2766=VERTEX_POINT('',#7661);
#2767=VERTEX_POINT('',#7691);
#2768=VERTEX_POINT('',#7692);
#2769=VERTEX_POINT('',#7695);
#2770=VERTEX_POINT('',#7700);
#2771=VERTEX_POINT('',#7737);
#2772=VERTEX_POINT('',#7738);
#2773=VERTEX_POINT('',#7767);
#2774=VERTEX_POINT('',#7780);
#2775=VERTEX_POINT('',#7807);
#2776=VERTEX_POINT('',#7816);
#2777=VERTEX_POINT('',#7876);
#2778=VERTEX_POINT('',#7877);
#2779=VERTEX_POINT('',#7909);
#2780=VERTEX_POINT('',#7910);
#2781=VERTEX_POINT('',#7920);
#2782=VERTEX_POINT('',#7925);
#2783=VERTEX_POINT('',#7950);
#2784=VERTEX_POINT('',#7960);
#2785=VERTEX_POINT('',#7975);
#2786=VERTEX_POINT('',#7977);
#2787=VERTEX_POINT('',#7981);
#2788=VERTEX_POINT('',#7983);
#2789=VERTEX_POINT('',#7985);
#2790=VERTEX_POINT('',#7997);
#2791=VERTEX_POINT('',#8003);
#2792=VERTEX_POINT('',#8010);
#2793=VERTEX_POINT('',#8011);
#2794=VERTEX_POINT('',#8013);
#2795=VERTEX_POINT('',#8015);
#2796=VERTEX_POINT('',#8059);
#2797=VERTEX_POINT('',#8068);
#2798=VERTEX_POINT('',#8073);
#2799=VERTEX_POINT('',#8074);
#2800=VERTEX_POINT('',#8079);
#2801=VERTEX_POINT('',#8080);
#2802=VERTEX_POINT('',#8151);
#2803=VERTEX_POINT('',#8244);
#2804=VERTEX_POINT('',#8245);
#2805=VERTEX_POINT('',#8247);
#2806=VERTEX_POINT('',#8252);
#2807=VERTEX_POINT('',#8268);
#2808=VERTEX_POINT('',#8269);
#2809=VERTEX_POINT('',#8275);
#2810=VERTEX_POINT('',#8279);
#2811=VERTEX_POINT('',#8280);
#2812=VERTEX_POINT('',#8295);
#2813=VERTEX_POINT('',#8297);
#2814=VERTEX_POINT('',#8359);
#2815=VERTEX_POINT('',#8374);
#2816=VERTEX_POINT('',#8376);
#2817=VERTEX_POINT('',#8518);
#2818=VERTEX_POINT('',#8519);
#2819=VERTEX_POINT('',#8521);
#2820=VERTEX_POINT('',#8523);
#2821=VERTEX_POINT('',#8527);
#2822=VERTEX_POINT('',#8528);
#2823=VERTEX_POINT('',#8530);
#2824=VERTEX_POINT('',#8532);
#2825=VERTEX_POINT('',#8536);
#2826=VERTEX_POINT('',#8538);
#2827=VERTEX_POINT('',#8542);
#2828=VERTEX_POINT('',#8543);
#2829=VERTEX_POINT('',#8545);
#2830=VERTEX_POINT('',#8547);
#2831=VERTEX_POINT('',#8554);
#2832=VERTEX_POINT('',#8555);
#2833=VERTEX_POINT('',#8557);
#2834=VERTEX_POINT('',#8559);
#2835=VERTEX_POINT('',#8563);
#2836=VERTEX_POINT('',#8565);
#2837=VERTEX_POINT('',#8572);
#2838=VERTEX_POINT('',#8573);
#2839=VERTEX_POINT('',#8575);
#2840=VERTEX_POINT('',#8577);
#2841=VERTEX_POINT('',#8581);
#2842=VERTEX_POINT('',#8583);
#2843=VERTEX_POINT('',#8586);
#2844=VERTEX_POINT('',#8588);
#2845=VERTEX_POINT('',#8595);
#2846=VERTEX_POINT('',#8596);
#2847=VERTEX_POINT('',#8599);
#2848=VERTEX_POINT('',#8601);
#2849=VERTEX_POINT('',#8617);
#2850=VERTEX_POINT('',#8618);
#2851=VERTEX_POINT('',#8620);
#2852=VERTEX_POINT('',#8624);
#2853=VERTEX_POINT('',#8625);
#2854=VERTEX_POINT('',#8627);
#2855=VERTEX_POINT('',#8631);
#2856=VERTEX_POINT('',#8632);
#2857=VERTEX_POINT('',#8634);
#2858=VERTEX_POINT('',#8638);
#2859=VERTEX_POINT('',#8639);
#2860=VERTEX_POINT('',#8641);
#2861=VERTEX_POINT('',#8643);
#2862=VERTEX_POINT('',#8645);
#2863=VERTEX_POINT('',#8647);
#2864=VERTEX_POINT('',#8651);
#2865=VERTEX_POINT('',#8661);
#2866=VERTEX_POINT('',#8662);
#2867=VERTEX_POINT('',#8664);
#2868=VERTEX_POINT('',#8688);
#2869=VERTEX_POINT('',#8689);
#2870=VERTEX_POINT('',#8691);
#2871=VERTEX_POINT('',#8693);
#2872=VERTEX_POINT('',#8697);
#2873=VERTEX_POINT('',#8698);
#2874=VERTEX_POINT('',#8700);
#2875=VERTEX_POINT('',#8702);
#2876=VERTEX_POINT('',#8706);
#2877=VERTEX_POINT('',#8707);
#2878=VERTEX_POINT('',#8709);
#2879=VERTEX_POINT('',#8711);
#2880=VERTEX_POINT('',#8718);
#2881=VERTEX_POINT('',#8720);
#2882=VERTEX_POINT('',#8726);
#2883=VERTEX_POINT('',#8731);
#2884=VERTEX_POINT('',#8732);
#2885=VERTEX_POINT('',#8734);
#2886=VERTEX_POINT('',#8742);
#2887=VERTEX_POINT('',#8751);
#2888=VERTEX_POINT('',#8763);
#2889=VERTEX_POINT('',#8764);
#2890=VERTEX_POINT('',#8766);
#2891=VERTEX_POINT('',#8768);
#2892=VERTEX_POINT('',#8770);
#2893=VERTEX_POINT('',#8772);
#2894=VERTEX_POINT('',#8774);
#2895=VERTEX_POINT('',#8778);
#2896=VERTEX_POINT('',#8779);
#2897=VERTEX_POINT('',#8781);
#2898=VERTEX_POINT('',#8783);
#2899=VERTEX_POINT('',#8787);
#2900=VERTEX_POINT('',#8789);
#2901=VERTEX_POINT('',#8793);
#2902=VERTEX_POINT('',#8794);
#2903=VERTEX_POINT('',#8796);
#2904=VERTEX_POINT('',#8798);
#2905=VERTEX_POINT('',#8800);
#2906=VERTEX_POINT('',#8803);
#2907=VERTEX_POINT('',#8805);
#2908=VERTEX_POINT('',#8807);
#2909=VERTEX_POINT('',#8809);
#2910=VERTEX_POINT('',#8811);
#2911=VERTEX_POINT('',#8815);
#2912=VERTEX_POINT('',#8817);
#2913=VERTEX_POINT('',#8819);
#2914=VERTEX_POINT('',#8821);
#2915=VERTEX_POINT('',#8823);
#2916=VERTEX_POINT('',#8825);
#2917=VERTEX_POINT('',#8828);
#2918=VERTEX_POINT('',#8830);
#2919=VERTEX_POINT('',#8837);
#2920=VERTEX_POINT('',#8841);
#2921=VERTEX_POINT('',#8851);
#2922=VERTEX_POINT('',#8868);
#2923=VERTEX_POINT('',#8869);
#2924=VERTEX_POINT('',#8871);
#2925=VERTEX_POINT('',#8873);
#2926=VERTEX_POINT('',#8877);
#2927=VERTEX_POINT('',#8878);
#2928=VERTEX_POINT('',#8880);
#2929=VERTEX_POINT('',#8882);
#2930=VERTEX_POINT('',#8884);
#2931=VERTEX_POINT('',#8886);
#2932=VERTEX_POINT('',#8888);
#2933=VERTEX_POINT('',#8892);
#2934=VERTEX_POINT('',#8893);
#2935=VERTEX_POINT('',#8895);
#2936=VERTEX_POINT('',#8897);
#2937=VERTEX_POINT('',#8901);
#2938=VERTEX_POINT('',#8903);
#2939=VERTEX_POINT('',#8905);
#2940=VERTEX_POINT('',#8907);
#2941=VERTEX_POINT('',#8911);
#2942=VERTEX_POINT('',#8914);
#2943=VERTEX_POINT('',#8916);
#2944=VERTEX_POINT('',#8918);
#2945=VERTEX_POINT('',#8920);
#2946=VERTEX_POINT('',#8925);
#2947=VERTEX_POINT('',#8929);
#2948=VERTEX_POINT('',#8931);
#2949=VERTEX_POINT('',#8935);
#2950=VERTEX_POINT('',#8937);
#2951=VERTEX_POINT('',#8947);
#2952=VERTEX_POINT('',#8949);
#2953=VERTEX_POINT('',#8953);
#2954=VERTEX_POINT('',#8957);
#2955=VERTEX_POINT('',#8961);
#2956=LINE('',#6750,#3419);
#2957=LINE('',#6753,#3420);
#2958=LINE('',#6755,#3421);
#2959=LINE('',#6757,#3422);
#2960=LINE('',#6759,#3423);
#2961=LINE('',#6762,#3424);
#2962=LINE('',#6764,#3425);
#2963=LINE('',#6766,#3426);
#2964=LINE('',#6771,#3427);
#2965=LINE('',#6775,#3428);
#2966=LINE('',#6786,#3429);
#2967=LINE('',#6793,#3430);
#2968=LINE('',#6797,#3431);
#2969=LINE('',#6803,#3432);
#2970=LINE('',#6807,#3433);
#2971=LINE('',#6831,#3434);
#2972=LINE('',#6832,#3435);
#2973=LINE('',#6834,#3436);
#2974=LINE('',#6839,#3437);
#2975=LINE('',#6843,#3438);
#2976=LINE('',#6845,#3439);
#2977=LINE('',#6847,#3440);
#2978=LINE('',#6849,#3441);
#2979=LINE('',#6851,#3442);
#2980=LINE('',#6854,#3443);
#2981=LINE('',#6856,#3444);
#2982=LINE('',#6858,#3445);
#2983=LINE('',#6860,#3446);
#2984=LINE('',#6862,#3447);
#2985=LINE('',#6864,#3448);
#2986=LINE('',#6865,#3449);
#2987=LINE('',#6874,#3450);
#2988=LINE('',#6876,#3451);
#2989=LINE('',#6877,#3452);
#2990=LINE('',#6879,#3453);
#2991=LINE('',#6881,#3454);
#2992=LINE('',#6885,#3455);
#2993=LINE('',#6887,#3456);
#2994=LINE('',#6889,#3457);
#2995=LINE('',#6891,#3458);
#2996=LINE('',#6895,#3459);
#2997=LINE('',#6905,#3460);
#2998=LINE('',#6908,#3461);
#2999=LINE('',#6910,#3462);
#3000=LINE('',#6912,#3463);
#3001=LINE('',#6917,#3464);
#3002=LINE('',#6920,#3465);
#3003=LINE('',#6921,#3466);
#3004=LINE('',#6927,#3467);
#3005=LINE('',#6928,#3468);
#3006=LINE('',#6930,#3469);
#3007=LINE('',#6931,#3470);
#3008=LINE('',#6937,#3471);
#3009=LINE('',#6939,#3472);
#3010=LINE('',#6940,#3473);
#3011=LINE('',#6944,#3474);
#3012=LINE('',#6965,#3475);
#3013=LINE('',#6966,#3476);
#3014=LINE('',#6989,#3477);
#3015=LINE('',#6991,#3478);
#3016=LINE('',#6993,#3479);
#3017=LINE('',#7041,#3480);
#3018=LINE('',#7044,#3481);
#3019=LINE('',#7046,#3482);
#3020=LINE('',#7048,#3483);
#3021=LINE('',#7050,#3484);
#3022=LINE('',#7053,#3485);
#3023=LINE('',#7055,#3486);
#3024=LINE('',#7057,#3487);
#3025=LINE('',#7062,#3488);
#3026=LINE('',#7064,#3489);
#3027=LINE('',#7066,#3490);
#3028=LINE('',#7068,#3491);
#3029=LINE('',#7071,#3492);
#3030=LINE('',#7073,#3493);
#3031=LINE('',#7075,#3494);
#3032=LINE('',#7077,#3495);
#3033=LINE('',#7080,#3496);
#3034=LINE('',#7082,#3497);
#3035=LINE('',#7084,#3498);
#3036=LINE('',#7087,#3499);
#3037=LINE('',#7089,#3500);
#3038=LINE('',#7090,#3501);
#3039=LINE('',#7092,#3502);
#3040=LINE('',#7094,#3503);
#3041=LINE('',#7098,#3504);
#3042=LINE('',#7101,#3505);
#3043=LINE('',#7103,#3506);
#3044=LINE('',#7105,#3507);
#3045=LINE('',#7107,#3508);
#3046=LINE('',#7110,#3509);
#3047=LINE('',#7112,#3510);
#3048=LINE('',#7114,#3511);
#3049=LINE('',#7116,#3512);
#3050=LINE('',#7119,#3513);
#3051=LINE('',#7120,#3514);
#3052=LINE('',#7122,#3515);
#3053=LINE('',#7124,#3516);
#3054=LINE('',#7127,#3517);
#3055=LINE('',#7129,#3518);
#3056=LINE('',#7131,#3519);
#3057=LINE('',#7136,#3520);
#3058=LINE('',#7140,#3521);
#3059=LINE('',#7142,#3522);
#3060=LINE('',#7144,#3523);
#3061=LINE('',#7146,#3524);
#3062=LINE('',#7148,#3525);
#3063=LINE('',#7152,#3526);
#3064=LINE('',#7156,#3527);
#3065=LINE('',#7158,#3528);
#3066=LINE('',#7161,#3529);
#3067=LINE('',#7163,#3530);
#3068=LINE('',#7165,#3531);
#3069=LINE('',#7167,#3532);
#3070=LINE('',#7169,#3533);
#3071=LINE('',#7171,#3534);
#3072=LINE('',#7173,#3535);
#3073=LINE('',#7175,#3536);
#3074=LINE('',#7177,#3537);
#3075=LINE('',#7179,#3538);
#3076=LINE('',#7181,#3539);
#3077=LINE('',#7183,#3540);
#3078=LINE('',#7185,#3541);
#3079=LINE('',#7187,#3542);
#3080=LINE('',#7189,#3543);
#3081=LINE('',#7191,#3544);
#3082=LINE('',#7196,#3545);
#3083=LINE('',#7200,#3546);
#3084=LINE('',#7204,#3547);
#3085=LINE('',#7206,#3548);
#3086=LINE('',#7208,#3549);
#3087=LINE('',#7210,#3550);
#3088=LINE('',#7212,#3551);
#3089=LINE('',#7214,#3552);
#3090=LINE('',#7216,#3553);
#3091=LINE('',#7218,#3554);
#3092=LINE('',#7220,#3555);
#3093=LINE('',#7222,#3556);
#3094=LINE('',#7224,#3557);
#3095=LINE('',#7227,#3558);
#3096=LINE('',#7230,#3559);
#3097=LINE('',#7234,#3560);
#3098=LINE('',#7236,#3561);
#3099=LINE('',#7240,#3562);
#3100=LINE('',#7243,#3563);
#3101=LINE('',#7246,#3564);
#3102=LINE('',#7250,#3565);
#3103=LINE('',#7254,#3566);
#3104=LINE('',#7260,#3567);
#3105=LINE('',#7262,#3568);
#3106=LINE('',#7264,#3569);
#3107=LINE('',#7268,#3570);
#3108=LINE('',#7272,#3571);
#3109=LINE('',#7276,#3572);
#3110=LINE('',#7279,#3573);
#3111=LINE('',#7280,#3574);
#3112=LINE('',#7282,#3575);
#3113=LINE('',#7284,#3576);
#3114=LINE('',#7286,#3577);
#3115=LINE('',#7288,#3578);
#3116=LINE('',#7290,#3579);
#3117=LINE('',#7291,#3580);
#3118=LINE('',#7293,#3581);
#3119=LINE('',#7296,#3582);
#3120=LINE('',#7297,#3583);
#3121=LINE('',#7304,#3584);
#3122=LINE('',#7306,#3585);
#3123=LINE('',#7308,#3586);
#3124=LINE('',#7310,#3587);
#3125=LINE('',#7312,#3588);
#3126=LINE('',#7314,#3589);
#3127=LINE('',#7316,#3590);
#3128=LINE('',#7318,#3591);
#3129=LINE('',#7320,#3592);
#3130=LINE('',#7322,#3593);
#3131=LINE('',#7324,#3594);
#3132=LINE('',#7327,#3595);
#3133=LINE('',#7329,#3596);
#3134=LINE('',#7331,#3597);
#3135=LINE('',#7333,#3598);
#3136=LINE('',#7335,#3599);
#3137=LINE('',#7337,#3600);
#3138=LINE('',#7338,#3601);
#3139=LINE('',#7340,#3602);
#3140=LINE('',#7344,#3603);
#3141=LINE('',#7351,#3604);
#3142=LINE('',#7353,#3605);
#3143=LINE('',#7355,#3606);
#3144=LINE('',#7357,#3607);
#3145=LINE('',#7360,#3608);
#3146=LINE('',#7364,#3609);
#3147=LINE('',#7368,#3610);
#3148=LINE('',#7374,#3611);
#3149=LINE('',#7376,#3612);
#3150=LINE('',#7378,#3613);
#3151=LINE('',#7380,#3614);
#3152=LINE('',#7384,#3615);
#3153=LINE('',#7386,#3616);
#3154=LINE('',#7390,#3617);
#3155=LINE('',#7393,#3618);
#3156=LINE('',#7395,#3619);
#3157=LINE('',#7400,#3620);
#3158=LINE('',#7403,#3621);
#3159=LINE('',#7404,#3622);
#3160=LINE('',#7409,#3623);
#3161=LINE('',#7411,#3624);
#3162=LINE('',#7413,#3625);
#3163=LINE('',#7415,#3626);
#3164=LINE('',#7417,#3627);
#3165=LINE('',#7419,#3628);
#3166=LINE('',#7423,#3629);
#3167=LINE('',#7425,#3630);
#3168=LINE('',#7427,#3631);
#3169=LINE('',#7429,#3632);
#3170=LINE('',#7430,#3633);
#3171=LINE('',#7431,#3634);
#3172=LINE('',#7432,#3635);
#3173=LINE('',#7433,#3636);
#3174=LINE('',#7435,#3637);
#3175=LINE('',#7436,#3638);
#3176=LINE('',#7437,#3639);
#3177=LINE('',#7438,#3640);
#3178=LINE('',#7440,#3641);
#3179=LINE('',#7442,#3642);
#3180=LINE('',#7445,#3643);
#3181=LINE('',#7451,#3644);
#3182=LINE('',#7458,#3645);
#3183=LINE('',#7460,#3646);
#3184=LINE('',#7462,#3647);
#3185=LINE('',#7468,#3648);
#3186=LINE('',#7471,#3649);
#3187=LINE('',#7473,#3650);
#3188=LINE('',#7475,#3651);
#3189=LINE('',#7477,#3652);
#3190=LINE('',#7480,#3653);
#3191=LINE('',#7482,#3654);
#3192=LINE('',#7484,#3655);
#3193=LINE('',#7486,#3656);
#3194=LINE('',#7488,#3657);
#3195=LINE('',#7490,#3658);
#3196=LINE('',#7492,#3659);
#3197=LINE('',#7494,#3660);
#3198=LINE('',#7496,#3661);
#3199=LINE('',#7498,#3662);
#3200=LINE('',#7500,#3663);
#3201=LINE('',#7502,#3664);
#3202=LINE('',#7503,#3665);
#3203=LINE('',#7505,#3666);
#3204=LINE('',#7507,#3667);
#3205=LINE('',#7509,#3668);
#3206=LINE('',#7511,#3669);
#3207=LINE('',#7514,#3670);
#3208=LINE('',#7516,#3671);
#3209=LINE('',#7520,#3672);
#3210=LINE('',#7523,#3673);
#3211=LINE('',#7525,#3674);
#3212=LINE('',#7527,#3675);
#3213=LINE('',#7529,#3676);
#3214=LINE('',#7532,#3677);
#3215=LINE('',#7534,#3678);
#3216=LINE('',#7536,#3679);
#3217=LINE('',#7537,#3680);
#3218=LINE('',#7540,#3681);
#3219=LINE('',#7542,#3682);
#3220=LINE('',#7544,#3683);
#3221=LINE('',#7546,#3684);
#3222=LINE('',#7548,#3685);
#3223=LINE('',#7550,#3686);
#3224=LINE('',#7552,#3687);
#3225=LINE('',#7554,#3688);
#3226=LINE('',#7556,#3689);
#3227=LINE('',#7558,#3690);
#3228=LINE('',#7559,#3691);
#3229=LINE('',#7561,#3692);
#3230=LINE('',#7563,#3693);
#3231=LINE('',#7565,#3694);
#3232=LINE('',#7568,#3695);
#3233=LINE('',#7614,#3696);
#3234=LINE('',#7621,#3697);
#3235=LINE('',#7623,#3698);
#3236=LINE('',#7626,#3699);
#3237=LINE('',#7628,#3700);
#3238=LINE('',#7630,#3701);
#3239=LINE('',#7974,#3702);
#3240=LINE('',#7976,#3703);
#3241=LINE('',#7978,#3704);
#3242=LINE('',#7982,#3705);
#3243=LINE('',#8009,#3706);
#3244=LINE('',#8014,#3707);
#3245=LINE('',#8072,#3708);
#3246=LINE('',#8078,#3709);
#3247=LINE('',#8081,#3710);
#3248=LINE('',#8082,#3711);
#3249=LINE('',#8209,#3712);
#3250=LINE('',#8210,#3713);
#3251=LINE('',#8246,#3714);
#3252=LINE('',#8253,#3715);
#3253=LINE('',#8267,#3716);
#3254=LINE('',#8278,#3717);
#3255=LINE('',#8281,#3718);
#3256=LINE('',#8282,#3719);
#3257=LINE('',#8294,#3720);
#3258=LINE('',#8296,#3721);
#3259=LINE('',#8298,#3722);
#3260=LINE('',#8375,#3723);
#3261=LINE('',#8517,#3724);
#3262=LINE('',#8520,#3725);
#3263=LINE('',#8522,#3726);
#3264=LINE('',#8524,#3727);
#3265=LINE('',#8526,#3728);
#3266=LINE('',#8529,#3729);
#3267=LINE('',#8531,#3730);
#3268=LINE('',#8533,#3731);
#3269=LINE('',#8539,#3732);
#3270=LINE('',#8544,#3733);
#3271=LINE('',#8548,#3734);
#3272=LINE('',#8550,#3735);
#3273=LINE('',#8551,#3736);
#3274=LINE('',#8553,#3737);
#3275=LINE('',#8556,#3738);
#3276=LINE('',#8558,#3739);
#3277=LINE('',#8560,#3740);
#3278=LINE('',#8562,#3741);
#3279=LINE('',#8564,#3742);
#3280=LINE('',#8566,#3743);
#3281=LINE('',#8571,#3744);
#3282=LINE('',#8574,#3745);
#3283=LINE('',#8576,#3746);
#3284=LINE('',#8578,#3747);
#3285=LINE('',#8582,#3748);
#3286=LINE('',#8587,#3749);
#3287=LINE('',#8594,#3750);
#3288=LINE('',#8600,#3751);
#3289=LINE('',#8605,#3752);
#3290=LINE('',#8607,#3753);
#3291=LINE('',#8610,#3754);
#3292=LINE('',#8612,#3755);
#3293=LINE('',#8637,#3756);
#3294=LINE('',#8640,#3757);
#3295=LINE('',#8642,#3758);
#3296=LINE('',#8646,#3759);
#3297=LINE('',#8650,#3760);
#3298=LINE('',#8652,#3761);
#3299=LINE('',#8653,#3762);
#3300=LINE('',#8654,#3763);
#3301=LINE('',#8656,#3764);
#3302=LINE('',#8657,#3765);
#3303=LINE('',#8658,#3766);
#3304=LINE('',#8660,#3767);
#3305=LINE('',#8663,#3768);
#3306=LINE('',#8665,#3769);
#3307=LINE('',#8666,#3770);
#3308=LINE('',#8674,#3771);
#3309=LINE('',#8675,#3772);
#3310=LINE('',#8678,#3773);
#3311=LINE('',#8679,#3774);
#3312=LINE('',#8681,#3775);
#3313=LINE('',#8690,#3776);
#3314=LINE('',#8694,#3777);
#3315=LINE('',#8696,#3778);
#3316=LINE('',#8699,#3779);
#3317=LINE('',#8701,#3780);
#3318=LINE('',#8703,#3781);
#3319=LINE('',#8705,#3782);
#3320=LINE('',#8708,#3783);
#3321=LINE('',#8710,#3784);
#3322=LINE('',#8712,#3785);
#3323=LINE('',#8717,#3786);
#3324=LINE('',#8719,#3787);
#3325=LINE('',#8721,#3788);
#3326=LINE('',#8733,#3789);
#3327=LINE('',#8736,#3790);
#3328=LINE('',#8738,#3791);
#3329=LINE('',#8739,#3792);
#3330=LINE('',#8743,#3793);
#3331=LINE('',#8750,#3794);
#3332=LINE('',#8758,#3795);
#3333=LINE('',#8762,#3796);
#3334=LINE('',#8765,#3797);
#3335=LINE('',#8767,#3798);
#3336=LINE('',#8771,#3799);
#3337=LINE('',#8773,#3800);
#3338=LINE('',#8775,#3801);
#3339=LINE('',#8777,#3802);
#3340=LINE('',#8780,#3803);
#3341=LINE('',#8782,#3804);
#3342=LINE('',#8784,#3805);
#3343=LINE('',#8786,#3806);
#3344=LINE('',#8788,#3807);
#3345=LINE('',#8790,#3808);
#3346=LINE('',#8792,#3809);
#3347=LINE('',#8795,#3810);
#3348=LINE('',#8797,#3811);
#3349=LINE('',#8801,#3812);
#3350=LINE('',#8802,#3813);
#3351=LINE('',#8806,#3814);
#3352=LINE('',#8808,#3815);
#3353=LINE('',#8812,#3816);
#3354=LINE('',#8814,#3817);
#3355=LINE('',#8816,#3818);
#3356=LINE('',#8820,#3819);
#3357=LINE('',#8822,#3820);
#3358=LINE('',#8826,#3821);
#3359=LINE('',#8827,#3822);
#3360=LINE('',#8831,#3823);
#3361=LINE('',#8833,#3824);
#3362=LINE('',#8834,#3825);
#3363=LINE('',#8836,#3826);
#3364=LINE('',#8838,#3827);
#3365=LINE('',#8840,#3828);
#3366=LINE('',#8844,#3829);
#3367=LINE('',#8845,#3830);
#3368=LINE('',#8847,#3831);
#3369=LINE('',#8850,#3832);
#3370=LINE('',#8852,#3833);
#3371=LINE('',#8853,#3834);
#3372=LINE('',#8855,#3835);
#3373=LINE('',#8858,#3836);
#3374=LINE('',#8861,#3837);
#3375=LINE('',#8863,#3838);
#3376=LINE('',#8867,#3839);
#3377=LINE('',#8870,#3840);
#3378=LINE('',#8872,#3841);
#3379=LINE('',#8874,#3842);
#3380=LINE('',#8876,#3843);
#3381=LINE('',#8881,#3844);
#3382=LINE('',#8883,#3845);
#3383=LINE('',#8885,#3846);
#3384=LINE('',#8887,#3847);
#3385=LINE('',#8889,#3848);
#3386=LINE('',#8894,#3849);
#3387=LINE('',#8898,#3850);
#3388=LINE('',#8900,#3851);
#3389=LINE('',#8902,#3852);
#3390=LINE('',#8904,#3853);
#3391=LINE('',#8906,#3854);
#3392=LINE('',#8908,#3855);
#3393=LINE('',#8910,#3856);
#3394=LINE('',#8913,#3857);
#3395=LINE('',#8915,#3858);
#3396=LINE('',#8919,#3859);
#3397=LINE('',#8921,#3860);
#3398=LINE('',#8922,#3861);
#3399=LINE('',#8924,#3862);
#3400=LINE('',#8928,#3863);
#3401=LINE('',#8930,#3864);
#3402=LINE('',#8932,#3865);
#3403=LINE('',#8934,#3866);
#3404=LINE('',#8936,#3867);
#3405=LINE('',#8938,#3868);
#3406=LINE('',#8940,#3869);
#3407=LINE('',#8942,#3870);
#3408=LINE('',#8946,#3871);
#3409=LINE('',#8948,#3872);
#3410=LINE('',#8950,#3873);
#3411=LINE('',#8952,#3874);
#3412=LINE('',#8954,#3875);
#3413=LINE('',#8956,#3876);
#3414=LINE('',#8958,#3877);
#3415=LINE('',#8960,#3878);
#3416=LINE('',#8962,#3879);
#3417=LINE('',#8965,#3880);
#3418=LINE('',#8968,#3881);
#3419=VECTOR('',#5419,1000.);
#3420=VECTOR('',#5420,1000.);
#3421=VECTOR('',#5421,1000.);
#3422=VECTOR('',#5422,1000.);
#3423=VECTOR('',#5425,1000.);
#3424=VECTOR('',#5426,1000.);
#3425=VECTOR('',#5427,1000.);
#3426=VECTOR('',#5428,1000.);
#3427=VECTOR('',#5433,1000.);
#3428=VECTOR('',#5436,1000.);
#3429=VECTOR('',#5449,1000.);
#3430=VECTOR('',#5450,1000.);
#3431=VECTOR('',#5455,1000.);
#3432=VECTOR('',#5462,1000.);
#3433=VECTOR('',#5465,1000.);
#3434=VECTOR('',#5474,1000.);
#3435=VECTOR('',#5475,1000.);
#3436=VECTOR('',#5478,1000.);
#3437=VECTOR('',#5481,1000.);
#3438=VECTOR('',#5486,1000.);
#3439=VECTOR('',#5487,1000.);
#3440=VECTOR('',#5488,1000.);
#3441=VECTOR('',#5489,1000.);
#3442=VECTOR('',#5492,1000.);
#3443=VECTOR('',#5493,1000.);
#3444=VECTOR('',#5494,1000.);
#3445=VECTOR('',#5495,1000.);
#3446=VECTOR('',#5498,1000.);
#3447=VECTOR('',#5499,1000.);
#3448=VECTOR('',#5502,1000.);
#3449=VECTOR('',#5503,1000.);
#3450=VECTOR('',#5514,1000.);
#3451=VECTOR('',#5515,1000.);
#3452=VECTOR('',#5516,1000.);
#3453=VECTOR('',#5517,1000.);
#3454=VECTOR('',#5520,1000.);
#3455=VECTOR('',#5525,1000.);
#3456=VECTOR('',#5526,1000.);
#3457=VECTOR('',#5527,1000.);
#3458=VECTOR('',#5528,1000.);
#3459=VECTOR('',#5533,1000.);
#3460=VECTOR('',#5548,1000.);
#3461=VECTOR('',#5549,1000.);
#3462=VECTOR('',#5550,1000.);
#3463=VECTOR('',#5551,1000.);
#3464=VECTOR('',#5558,1000.);
#3465=VECTOR('',#5561,1000.);
#3466=VECTOR('',#5562,1000.);
#3467=VECTOR('',#5571,1000.);
#3468=VECTOR('',#5572,1000.);
#3469=VECTOR('',#5575,1000.);
#3470=VECTOR('',#5576,1000.);
#3471=VECTOR('',#5587,1000.);
#3472=VECTOR('',#5590,1000.);
#3473=VECTOR('',#5591,1000.);
#3474=VECTOR('',#5594,1000.);
#3475=VECTOR('',#5625,1000.);
#3476=VECTOR('',#5626,1000.);
#3477=VECTOR('',#5631,1000.);
#3478=VECTOR('',#5634,1000.);
#3479=VECTOR('',#5637,1000.);
#3480=VECTOR('',#5660,1000.);
#3481=VECTOR('',#5661,1000.);
#3482=VECTOR('',#5662,1000.);
#3483=VECTOR('',#5663,1000.);
#3484=VECTOR('',#5666,1000.);
#3485=VECTOR('',#5667,1000.);
#3486=VECTOR('',#5668,1000.);
#3487=VECTOR('',#5669,1000.);
#3488=VECTOR('',#5676,1000.);
#3489=VECTOR('',#5677,1000.);
#3490=VECTOR('',#5678,1000.);
#3491=VECTOR('',#5681,1000.);
#3492=VECTOR('',#5682,1000.);
#3493=VECTOR('',#5683,1000.);
#3494=VECTOR('',#5684,1000.);
#3495=VECTOR('',#5687,1000.);
#3496=VECTOR('',#5688,1000.);
#3497=VECTOR('',#5689,1000.);
#3498=VECTOR('',#5690,1000.);
#3499=VECTOR('',#5695,1000.);
#3500=VECTOR('',#5696,1000.);
#3501=VECTOR('',#5697,1000.);
#3502=VECTOR('',#5698,1000.);
#3503=VECTOR('',#5699,1000.);
#3504=VECTOR('',#5704,1000.);
#3505=VECTOR('',#5705,1000.);
#3506=VECTOR('',#5706,1000.);
#3507=VECTOR('',#5707,1000.);
#3508=VECTOR('',#5710,1000.);
#3509=VECTOR('',#5711,1000.);
#3510=VECTOR('',#5712,1000.);
#3511=VECTOR('',#5713,1000.);
#3512=VECTOR('',#5716,1000.);
#3513=VECTOR('',#5717,1000.);
#3514=VECTOR('',#5718,1000.);
#3515=VECTOR('',#5719,1000.);
#3516=VECTOR('',#5722,1000.);
#3517=VECTOR('',#5723,1000.);
#3518=VECTOR('',#5724,1000.);
#3519=VECTOR('',#5725,1000.);
#3520=VECTOR('',#5730,1000.);
#3521=VECTOR('',#5733,1000.);
#3522=VECTOR('',#5736,1000.);
#3523=VECTOR('',#5737,1000.);
#3524=VECTOR('',#5738,1000.);
#3525=VECTOR('',#5741,1000.);
#3526=VECTOR('',#5744,1000.);
#3527=VECTOR('',#5747,1000.);
#3528=VECTOR('',#5750,1000.);
#3529=VECTOR('',#5751,1000.);
#3530=VECTOR('',#5752,1000.);
#3531=VECTOR('',#5753,1000.);
#3532=VECTOR('',#5756,1000.);
#3533=VECTOR('',#5757,1000.);
#3534=VECTOR('',#5758,1000.);
#3535=VECTOR('',#5761,1000.);
#3536=VECTOR('',#5762,1000.);
#3537=VECTOR('',#5763,1000.);
#3538=VECTOR('',#5766,1000.);
#3539=VECTOR('',#5767,1000.);
#3540=VECTOR('',#5768,1000.);
#3541=VECTOR('',#5769,1000.);
#3542=VECTOR('',#5770,1000.);
#3543=VECTOR('',#5771,1000.);
#3544=VECTOR('',#5772,1000.);
#3545=VECTOR('',#5777,1000.);
#3546=VECTOR('',#5780,1000.);
#3547=VECTOR('',#5783,1000.);
#3548=VECTOR('',#5786,1000.);
#3549=VECTOR('',#5787,1000.);
#3550=VECTOR('',#5790,1000.);
#3551=VECTOR('',#5791,1000.);
#3552=VECTOR('',#5792,1000.);
#3553=VECTOR('',#5793,1000.);
#3554=VECTOR('',#5794,1000.);
#3555=VECTOR('',#5795,1000.);
#3556=VECTOR('',#5796,1000.);
#3557=VECTOR('',#5799,1000.);
#3558=VECTOR('',#5802,1000.);
#3559=VECTOR('',#5805,1000.);
#3560=VECTOR('',#5808,1000.);
#3561=VECTOR('',#5809,1000.);
#3562=VECTOR('',#5812,1000.);
#3563=VECTOR('',#5815,1000.);
#3564=VECTOR('',#5818,1000.);
#3565=VECTOR('',#5821,1000.);
#3566=VECTOR('',#5824,1000.);
#3567=VECTOR('',#5831,1000.);
#3568=VECTOR('',#5832,1000.);
#3569=VECTOR('',#5833,1000.);
#3570=VECTOR('',#5836,1000.);
#3571=VECTOR('',#5839,1000.);
#3572=VECTOR('',#5844,1000.);
#3573=VECTOR('',#5845,1000.);
#3574=VECTOR('',#5846,1000.);
#3575=VECTOR('',#5849,1000.);
#3576=VECTOR('',#5850,1000.);
#3577=VECTOR('',#5851,1000.);
#3578=VECTOR('',#5852,1000.);
#3579=VECTOR('',#5855,1000.);
#3580=VECTOR('',#5856,1000.);
#3581=VECTOR('',#5859,1000.);
#3582=VECTOR('',#5860,1000.);
#3583=VECTOR('',#5861,1000.);
#3584=VECTOR('',#5870,1000.);
#3585=VECTOR('',#5871,1000.);
#3586=VECTOR('',#5874,1000.);
#3587=VECTOR('',#5875,1000.);
#3588=VECTOR('',#5876,1000.);
#3589=VECTOR('',#5879,1000.);
#3590=VECTOR('',#5880,1000.);
#3591=VECTOR('',#5881,1000.);
#3592=VECTOR('',#5884,1000.);
#3593=VECTOR('',#5885,1000.);
#3594=VECTOR('',#5888,1000.);
#3595=VECTOR('',#5889,1000.);
#3596=VECTOR('',#5890,1000.);
#3597=VECTOR('',#5891,1000.);
#3598=VECTOR('',#5894,1000.);
#3599=VECTOR('',#5895,1000.);
#3600=VECTOR('',#5898,1000.);
#3601=VECTOR('',#5899,1000.);
#3602=VECTOR('',#5902,1000.);
#3603=VECTOR('',#5907,1000.);
#3604=VECTOR('',#5916,1000.);
#3605=VECTOR('',#5917,1000.);
#3606=VECTOR('',#5918,1000.);
#3607=VECTOR('',#5921,1000.);
#3608=VECTOR('',#5926,1000.);
#3609=VECTOR('',#5929,1000.);
#3610=VECTOR('',#5936,1000.);
#3611=VECTOR('',#5943,1000.);
#3612=VECTOR('',#5946,1000.);
#3613=VECTOR('',#5949,1000.);
#3614=VECTOR('',#5950,1000.);
#3615=VECTOR('',#5955,1000.);
#3616=VECTOR('',#5958,1000.);
#3617=VECTOR('',#5961,1000.);
#3618=VECTOR('',#5966,1000.);
#3619=VECTOR('',#5967,1000.);
#3620=VECTOR('',#5976,1000.);
#3621=VECTOR('',#5977,1000.);
#3622=VECTOR('',#5978,1000.);
#3623=VECTOR('',#5987,1000.);
#3624=VECTOR('',#5988,1000.);
#3625=VECTOR('',#5991,1000.);
#3626=VECTOR('',#5992,1000.);
#3627=VECTOR('',#5993,1000.);
#3628=VECTOR('',#5996,1000.);
#3629=VECTOR('',#6001,1000.);
#3630=VECTOR('',#6002,1000.);
#3631=VECTOR('',#6003,1000.);
#3632=VECTOR('',#6006,1000.);
#3633=VECTOR('',#6007,1000.);
#3634=VECTOR('',#6008,1000.);
#3635=VECTOR('',#6009,1000.);
#3636=VECTOR('',#6010,1000.);
#3637=VECTOR('',#6013,1000.);
#3638=VECTOR('',#6014,1000.);
#3639=VECTOR('',#6015,1000.);
#3640=VECTOR('',#6016,1000.);
#3641=VECTOR('',#6017,1000.);
#3642=VECTOR('',#6020,1000.);
#3643=VECTOR('',#6025,1000.);
#3644=VECTOR('',#6036,1000.);
#3645=VECTOR('',#6049,1000.);
#3646=VECTOR('',#6052,1000.);
#3647=VECTOR('',#6055,1000.);
#3648=VECTOR('',#6066,1000.);
#3649=VECTOR('',#6067,1000.);
#3650=VECTOR('',#6068,1000.);
#3651=VECTOR('',#6069,1000.);
#3652=VECTOR('',#6072,1000.);
#3653=VECTOR('',#6073,1000.);
#3654=VECTOR('',#6074,1000.);
#3655=VECTOR('',#6075,1000.);
#3656=VECTOR('',#6078,1000.);
#3657=VECTOR('',#6079,1000.);
#3658=VECTOR('',#6080,1000.);
#3659=VECTOR('',#6083,1000.);
#3660=VECTOR('',#6084,1000.);
#3661=VECTOR('',#6085,1000.);
#3662=VECTOR('',#6088,1000.);
#3663=VECTOR('',#6089,1000.);
#3664=VECTOR('',#6090,1000.);
#3665=VECTOR('',#6091,1000.);
#3666=VECTOR('',#6092,1000.);
#3667=VECTOR('',#6093,1000.);
#3668=VECTOR('',#6096,1000.);
#3669=VECTOR('',#6099,1000.);
#3670=VECTOR('',#6104,1000.);
#3671=VECTOR('',#6107,1000.);
#3672=VECTOR('',#6114,1000.);
#3673=VECTOR('',#6115,1000.);
#3674=VECTOR('',#6116,1000.);
#3675=VECTOR('',#6117,1000.);
#3676=VECTOR('',#6120,1000.);
#3677=VECTOR('',#6121,1000.);
#3678=VECTOR('',#6122,1000.);
#3679=VECTOR('',#6123,1000.);
#3680=VECTOR('',#6124,1000.);
#3681=VECTOR('',#6125,1000.);
#3682=VECTOR('',#6126,1000.);
#3683=VECTOR('',#6127,1000.);
#3684=VECTOR('',#6130,1000.);
#3685=VECTOR('',#6131,1000.);
#3686=VECTOR('',#6132,1000.);
#3687=VECTOR('',#6135,1000.);
#3688=VECTOR('',#6136,1000.);
#3689=VECTOR('',#6137,1000.);
#3690=VECTOR('',#6140,1000.);
#3691=VECTOR('',#6141,1000.);
#3692=VECTOR('',#6144,1000.);
#3693=VECTOR('',#6147,1000.);
#3694=VECTOR('',#6150,1000.);
#3695=VECTOR('',#6155,1000.);
#3696=VECTOR('',#6162,1000.);
#3697=VECTOR('',#6163,1000.);
#3698=VECTOR('',#6166,1000.);
#3699=VECTOR('',#6167,1000.);
#3700=VECTOR('',#6168,1000.);
#3701=VECTOR('',#6169,1000.);
#3702=VECTOR('',#6178,1000.);
#3703=VECTOR('',#6179,1000.);
#3704=VECTOR('',#6180,1000.);
#3705=VECTOR('',#6185,1000.);
#3706=VECTOR('',#6190,1000.);
#3707=VECTOR('',#6193,1000.);
#3708=VECTOR('',#6198,1000.);
#3709=VECTOR('',#6205,1000.);
#3710=VECTOR('',#6206,1000.);
#3711=VECTOR('',#6207,1000.);
#3712=VECTOR('',#6224,1000.);
#3713=VECTOR('',#6225,1000.);
#3714=VECTOR('',#6228,1000.);
#3715=VECTOR('',#6229,1000.);
#3716=VECTOR('',#6232,1000.);
#3717=VECTOR('',#6239,1000.);
#3718=VECTOR('',#6240,1000.);
#3719=VECTOR('',#6241,1000.);
#3720=VECTOR('',#6256,1000.);
#3721=VECTOR('',#6257,1000.);
#3722=VECTOR('',#6258,1000.);
#3723=VECTOR('',#6263,1000.);
#3724=VECTOR('',#6276,1000.);
#3725=VECTOR('',#6277,1000.);
#3726=VECTOR('',#6278,1000.);
#3727=VECTOR('',#6279,1000.);
#3728=VECTOR('',#6282,1000.);
#3729=VECTOR('',#6283,1000.);
#3730=VECTOR('',#6284,1000.);
#3731=VECTOR('',#6285,1000.);
#3732=VECTOR('',#6292,1000.);
#3733=VECTOR('',#6297,1000.);
#3734=VECTOR('',#6300,1000.);
#3735=VECTOR('',#6303,1000.);
#3736=VECTOR('',#6304,1000.);
#3737=VECTOR('',#6307,1000.);
#3738=VECTOR('',#6308,1000.);
#3739=VECTOR('',#6309,1000.);
#3740=VECTOR('',#6310,1000.);
#3741=VECTOR('',#6313,1000.);
#3742=VECTOR('',#6314,1000.);
#3743=VECTOR('',#6315,1000.);
#3744=VECTOR('',#6324,1000.);
#3745=VECTOR('',#6325,1000.);
#3746=VECTOR('',#6326,1000.);
#3747=VECTOR('',#6327,1000.);
#3748=VECTOR('',#6332,1000.);
#3749=VECTOR('',#6337,1000.);
#3750=VECTOR('',#6348,1000.);
#3751=VECTOR('',#6353,1000.);
#3752=VECTOR('',#6360,1000.);
#3753=VECTOR('',#6363,1000.);
#3754=VECTOR('',#6368,1000.);
#3755=VECTOR('',#6371,1000.);
#3756=VECTOR('',#6402,1000.);
#3757=VECTOR('',#6403,1000.);
#3758=VECTOR('',#6404,1000.);
#3759=VECTOR('',#6407,1000.);
#3760=VECTOR('',#6412,1000.);
#3761=VECTOR('',#6413,1000.);
#3762=VECTOR('',#6414,1000.);
#3763=VECTOR('',#6415,1000.);
#3764=VECTOR('',#6418,1000.);
#3765=VECTOR('',#6419,1000.);
#3766=VECTOR('',#6420,1000.);
#3767=VECTOR('',#6423,1000.);
#3768=VECTOR('',#6424,1000.);
#3769=VECTOR('',#6425,1000.);
#3770=VECTOR('',#6426,1000.);
#3771=VECTOR('',#6441,1000.);
#3772=VECTOR('',#6442,1000.);
#3773=VECTOR('',#6447,1000.);
#3774=VECTOR('',#6448,1000.);
#3775=VECTOR('',#6451,1000.);
#3776=VECTOR('',#6464,1000.);
#3777=VECTOR('',#6467,1000.);
#3778=VECTOR('',#6470,1000.);
#3779=VECTOR('',#6471,1000.);
#3780=VECTOR('',#6472,1000.);
#3781=VECTOR('',#6473,1000.);
#3782=VECTOR('',#6476,1000.);
#3783=VECTOR('',#6477,1000.);
#3784=VECTOR('',#6478,1000.);
#3785=VECTOR('',#6479,1000.);
#3786=VECTOR('',#6488,1000.);
#3787=VECTOR('',#6489,1000.);
#3788=VECTOR('',#6490,1000.);
#3789=VECTOR('',#6507,1000.);
#3790=VECTOR('',#6510,1000.);
#3791=VECTOR('',#6513,1000.);
#3792=VECTOR('',#6514,1000.);
#3793=VECTOR('',#6519,1000.);
#3794=VECTOR('',#6532,1000.);
#3795=VECTOR('',#6545,1000.);
#3796=VECTOR('',#6552,1000.);
#3797=VECTOR('',#6553,1000.);
#3798=VECTOR('',#6554,1000.);
#3799=VECTOR('',#6557,1000.);
#3800=VECTOR('',#6558,1000.);
#3801=VECTOR('',#6559,1000.);
#3802=VECTOR('',#6562,1000.);
#3803=VECTOR('',#6563,1000.);
#3804=VECTOR('',#6564,1000.);
#3805=VECTOR('',#6565,1000.);
#3806=VECTOR('',#6568,1000.);
#3807=VECTOR('',#6569,1000.);
#3808=VECTOR('',#6570,1000.);
#3809=VECTOR('',#6573,1000.);
#3810=VECTOR('',#6574,1000.);
#3811=VECTOR('',#6575,1000.);
#3812=VECTOR('',#6578,1000.);
#3813=VECTOR('',#6579,1000.);
#3814=VECTOR('',#6582,1000.);
#3815=VECTOR('',#6583,1000.);
#3816=VECTOR('',#6586,1000.);
#3817=VECTOR('',#6589,1000.);
#3818=VECTOR('',#6590,1000.);
#3819=VECTOR('',#6593,1000.);
#3820=VECTOR('',#6594,1000.);
#3821=VECTOR('',#6597,1000.);
#3822=VECTOR('',#6598,1000.);
#3823=VECTOR('',#6601,1000.);
#3824=VECTOR('',#6604,1000.);
#3825=VECTOR('',#6605,1000.);
#3826=VECTOR('',#6608,1000.);
#3827=VECTOR('',#6609,1000.);
#3828=VECTOR('',#6612,1000.);
#3829=VECTOR('',#6617,1000.);
#3830=VECTOR('',#6618,1000.);
#3831=VECTOR('',#6621,1000.);
#3832=VECTOR('',#6626,1000.);
#3833=VECTOR('',#6627,1000.);
#3834=VECTOR('',#6628,1000.);
#3835=VECTOR('',#6631,1000.);
#3836=VECTOR('',#6636,1000.);
#3837=VECTOR('',#6641,1000.);
#3838=VECTOR('',#6644,1000.);
#3839=VECTOR('',#6651,1000.);
#3840=VECTOR('',#6652,1000.);
#3841=VECTOR('',#6653,1000.);
#3842=VECTOR('',#6654,1000.);
#3843=VECTOR('',#6657,1000.);
#3844=VECTOR('',#6660,1000.);
#3845=VECTOR('',#6661,1000.);
#3846=VECTOR('',#6662,1000.);
#3847=VECTOR('',#6663,1000.);
#3848=VECTOR('',#6664,1000.);
#3849=VECTOR('',#6669,1000.);
#3850=VECTOR('',#6672,1000.);
#3851=VECTOR('',#6675,1000.);
#3852=VECTOR('',#6676,1000.);
#3853=VECTOR('',#6677,1000.);
#3854=VECTOR('',#6678,1000.);
#3855=VECTOR('',#6679,1000.);
#3856=VECTOR('',#6682,1000.);
#3857=VECTOR('',#6685,1000.);
#3858=VECTOR('',#6686,1000.);
#3859=VECTOR('',#6689,1000.);
#3860=VECTOR('',#6690,1000.);
#3861=VECTOR('',#6691,1000.);
#3862=VECTOR('',#6694,1000.);
#3863=VECTOR('',#6699,1000.);
#3864=VECTOR('',#6700,1000.);
#3865=VECTOR('',#6701,1000.);
#3866=VECTOR('',#6704,1000.);
#3867=VECTOR('',#6705,1000.);
#3868=VECTOR('',#6706,1000.);
#3869=VECTOR('',#6709,1000.);
#3870=VECTOR('',#6712,1000.);
#3871=VECTOR('',#6719,1000.);
#3872=VECTOR('',#6720,1000.);
#3873=VECTOR('',#6721,1000.);
#3874=VECTOR('',#6724,1000.);
#3875=VECTOR('',#6725,1000.);
#3876=VECTOR('',#6728,1000.);
#3877=VECTOR('',#6729,1000.);
#3878=VECTOR('',#6732,1000.);
#3879=VECTOR('',#6733,1000.);
#3880=VECTOR('',#6738,1000.);
#3881=VECTOR('',#6743,1000.);
#3882=EDGE_LOOP('',(#431,#432,#433,#434));
#3883=EDGE_LOOP('',(#435,#436,#437,#438));
#3884=EDGE_LOOP('',(#439,#440,#441,#442));
#3885=EDGE_LOOP('',(#443,#444,#445));
#3886=EDGE_LOOP('',(#446,#447,#448,#449));
#3887=EDGE_LOOP('',(#450,#451,#452,#453));
#3888=EDGE_LOOP('',(#454,#455,#456,#457));
#3889=EDGE_LOOP('',(#458,#459,#460,#461));
#3890=EDGE_LOOP('',(#462,#463,#464,#465));
#3891=EDGE_LOOP('',(#466,#467,#468,#469));
#3892=EDGE_LOOP('',(#470,#471,#472,#473));
#3893=EDGE_LOOP('',(#474,#475,#476,#477));
#3894=EDGE_LOOP('',(#478,#479,#480,#481));
#3895=EDGE_LOOP('',(#482,#483,#484,#485));
#3896=EDGE_LOOP('',(#486,#487,#488));
#3897=EDGE_LOOP('',(#489,#490,#491,#492,#493));
#3898=EDGE_LOOP('',(#494,#495,#496,#497));
#3899=EDGE_LOOP('',(#498,#499,#500,#501));
#3900=EDGE_LOOP('',(#502,#503,#504,#505));
#3901=EDGE_LOOP('',(#506,#507,#508));
#3902=EDGE_LOOP('',(#509,#510,#511,#512));
#3903=EDGE_LOOP('',(#513,#514,#515,#516));
#3904=EDGE_LOOP('',(#517,#518,#519,#520,#521,#522,#523,#524));
#3905=EDGE_LOOP('',(#525,#526,#527,#528));
#3906=EDGE_LOOP('',(#529,#530,#531));
#3907=EDGE_LOOP('',(#532,#533,#534,#535));
#3908=EDGE_LOOP('',(#536,#537,#538,#539));
#3909=EDGE_LOOP('',(#540,#541,#542));
#3910=EDGE_LOOP('',(#543,#544,#545,#546));
#3911=EDGE_LOOP('',(#547,#548,#549,#550));
#3912=EDGE_LOOP('',(#551,#552,#553,#554));
#3913=EDGE_LOOP('',(#555,#556,#557,#558,#559,#560,#561,#562));
#3914=EDGE_LOOP('',(#563,#564,#565,#566));
#3915=EDGE_LOOP('',(#567,#568,#569));
#3916=EDGE_LOOP('',(#570,#571,#572));
#3917=EDGE_LOOP('',(#573,#574,#575,#576));
#3918=EDGE_LOOP('',(#577,#578,#579,#580));
#3919=EDGE_LOOP('',(#581,#582,#583));
#3920=EDGE_LOOP('',(#584,#585,#586,#587,#588));
#3921=EDGE_LOOP('',(#589,#590,#591,#592));
#3922=EDGE_LOOP('',(#593,#594,#595,#596));
#3923=EDGE_LOOP('',(#597,#598,#599,#600));
#3924=EDGE_LOOP('',(#601,#602,#603,#604));
#3925=EDGE_LOOP('',(#605,#606,#607,#608));
#3926=EDGE_LOOP('',(#609,#610,#611,#612));
#3927=EDGE_LOOP('',(#613,#614,#615,#616));
#3928=EDGE_LOOP('',(#617,#618,#619,#620));
#3929=EDGE_LOOP('',(#621,#622,#623,#624));
#3930=EDGE_LOOP('',(#625,#626,#627,#628));
#3931=EDGE_LOOP('',(#629,#630,#631,#632));
#3932=EDGE_LOOP('',(#633,#634,#635,#636));
#3933=EDGE_LOOP('',(#637,#638,#639,#640));
#3934=EDGE_LOOP('',(#641,#642,#643,#644));
#3935=EDGE_LOOP('',(#645,#646,#647,#648));
#3936=EDGE_LOOP('',(#649,#650,#651,#652));
#3937=EDGE_LOOP('',(#653));
#3938=EDGE_LOOP('',(#654,#655,#656,#657));
#3939=EDGE_LOOP('',(#658,#659,#660,#661));
#3940=EDGE_LOOP('',(#662,#663,#664,#665));
#3941=EDGE_LOOP('',(#666,#667,#668,#669,#670,#671,#672,#673,#674,#675));
#3942=EDGE_LOOP('',(#676,#677,#678,#679));
#3943=EDGE_LOOP('',(#680,#681,#682,#683));
#3944=EDGE_LOOP('',(#684,#685,#686,#687,#688,#689));
#3945=EDGE_LOOP('',(#690,#691,#692,#693));
#3946=EDGE_LOOP('',(#694,#695,#696,#697));
#3947=EDGE_LOOP('',(#698,#699,#700,#701));
#3948=EDGE_LOOP('',(#702,#703,#704,#705,#706,#707));
#3949=EDGE_LOOP('',(#708,#709,#710,#711));
#3950=EDGE_LOOP('',(#712,#713,#714,#715));
#3951=EDGE_LOOP('',(#716,#717,#718,#719));
#3952=EDGE_LOOP('',(#720,#721,#722,#723,#724,#725,#726,#727));
#3953=EDGE_LOOP('',(#728,#729,#730,#731,#732,#733));
#3954=EDGE_LOOP('',(#734,#735,#736,#737));
#3955=EDGE_LOOP('',(#738,#739,#740,#741,#742,#743,#744,#745));
#3956=EDGE_LOOP('',(#746,#747,#748,#749,#750,#751,#752,#753));
#3957=EDGE_LOOP('',(#754,#755,#756,#757,#758,#759,#760,#761,#762,#763,#764,
#765,#766,#767,#768,#769,#770,#771,#772,#773,#774,#775,#776,#777,#778,#779,
#780,#781,#782,#783,#784,#785));
#3958=EDGE_LOOP('',(#786,#787,#788,#789));
#3959=EDGE_LOOP('',(#790,#791,#792,#793,#794,#795));
#3960=EDGE_LOOP('',(#796,#797,#798,#799,#800,#801));
#3961=EDGE_LOOP('',(#802,#803,#804,#805,#806,#807));
#3962=EDGE_LOOP('',(#808));
#3963=EDGE_LOOP('',(#809));
#3964=EDGE_LOOP('',(#810,#811,#812,#813));
#3965=EDGE_LOOP('',(#814,#815,#816,#817));
#3966=EDGE_LOOP('',(#818,#819,#820,#821));
#3967=EDGE_LOOP('',(#822,#823,#824,#825));
#3968=EDGE_LOOP('',(#826,#827,#828,#829));
#3969=EDGE_LOOP('',(#830,#831,#832,#833));
#3970=EDGE_LOOP('',(#834,#835,#836,#837));
#3971=EDGE_LOOP('',(#838,#839,#840,#841));
#3972=EDGE_LOOP('',(#842,#843,#844,#845));
#3973=EDGE_LOOP('',(#846));
#3974=EDGE_LOOP('',(#847));
#3975=EDGE_LOOP('',(#848,#849,#850,#851));
#3976=EDGE_LOOP('',(#852,#853,#854,#855,#856,#857));
#3977=EDGE_LOOP('',(#858,#859,#860,#861));
#3978=EDGE_LOOP('',(#862,#863,#864,#865));
#3979=EDGE_LOOP('',(#866,#867,#868,#869));
#3980=EDGE_LOOP('',(#870,#871,#872,#873));
#3981=EDGE_LOOP('',(#874,#875,#876,#877));
#3982=EDGE_LOOP('',(#878,#879,#880,#881));
#3983=EDGE_LOOP('',(#882,#883,#884,#885));
#3984=EDGE_LOOP('',(#886,#887,#888,#889));
#3985=EDGE_LOOP('',(#890,#891,#892,#893));
#3986=EDGE_LOOP('',(#894,#895,#896,#897));
#3987=EDGE_LOOP('',(#898,#899,#900,#901));
#3988=EDGE_LOOP('',(#902,#903,#904,#905));
#3989=EDGE_LOOP('',(#906,#907,#908,#909));
#3990=EDGE_LOOP('',(#910,#911,#912,#913));
#3991=EDGE_LOOP('',(#914,#915,#916,#917));
#3992=EDGE_LOOP('',(#918,#919,#920,#921));
#3993=EDGE_LOOP('',(#922,#923,#924,#925));
#3994=EDGE_LOOP('',(#926,#927,#928,#929,#930,#931));
#3995=EDGE_LOOP('',(#932,#933,#934,#935));
#3996=EDGE_LOOP('',(#936,#937,#938,#939,#940,#941,#942,#943,#944,#945,#946,
#947,#948,#949,#950,#951,#952,#953,#954,#955,#956,#957,#958,#959,#960,#961,
#962,#963));
#3997=EDGE_LOOP('',(#964));
#3998=EDGE_LOOP('',(#965));
#3999=EDGE_LOOP('',(#966,#967,#968,#969));
#4000=EDGE_LOOP('',(#970,#971,#972,#973));
#4001=EDGE_LOOP('',(#974,#975,#976,#977));
#4002=EDGE_LOOP('',(#978,#979,#980,#981));
#4003=EDGE_LOOP('',(#982,#983,#984,#985));
#4004=EDGE_LOOP('',(#986,#987,#988,#989));
#4005=EDGE_LOOP('',(#990,#991,#992,#993));
#4006=EDGE_LOOP('',(#994));
#4007=EDGE_LOOP('',(#995,#996,#997,#998));
#4008=EDGE_LOOP('',(#999,#1000,#1001,#1002));
#4009=EDGE_LOOP('',(#1003,#1004,#1005,#1006));
#4010=EDGE_LOOP('',(#1007,#1008,#1009,#1010));
#4011=EDGE_LOOP('',(#1011,#1012,#1013,#1014,#1015,#1016,#1017,#1018,#1019,
#1020));
#4012=EDGE_LOOP('',(#1021,#1022,#1023,#1024));
#4013=EDGE_LOOP('',(#1025,#1026,#1027,#1028));
#4014=EDGE_LOOP('',(#1029,#1030,#1031,#1032));
#4015=EDGE_LOOP('',(#1033,#1034,#1035,#1036));
#4016=EDGE_LOOP('',(#1037,#1038,#1039,#1040,#1041,#1042));
#4017=EDGE_LOOP('',(#1043,#1044,#1045,#1046,#1047,#1048));
#4018=EDGE_LOOP('',(#1049,#1050,#1051,#1052));
#4019=EDGE_LOOP('',(#1053,#1054,#1055,#1056));
#4020=EDGE_LOOP('',(#1057,#1058,#1059,#1060));
#4021=EDGE_LOOP('',(#1061,#1062,#1063,#1064));
#4022=EDGE_LOOP('',(#1065,#1066,#1067,#1068));
#4023=EDGE_LOOP('',(#1069,#1070,#1071,#1072));
#4024=EDGE_LOOP('',(#1073,#1074,#1075,#1076));
#4025=EDGE_LOOP('',(#1077,#1078,#1079,#1080));
#4026=EDGE_LOOP('',(#1081,#1082,#1083,#1084));
#4027=EDGE_LOOP('',(#1085,#1086,#1087,#1088));
#4028=EDGE_LOOP('',(#1089,#1090,#1091,#1092));
#4029=EDGE_LOOP('',(#1093,#1094,#1095,#1096));
#4030=EDGE_LOOP('',(#1097,#1098,#1099,#1100));
#4031=EDGE_LOOP('',(#1101,#1102,#1103,#1104));
#4032=EDGE_LOOP('',(#1105,#1106,#1107,#1108));
#4033=EDGE_LOOP('',(#1109,#1110,#1111,#1112));
#4034=EDGE_LOOP('',(#1113,#1114,#1115,#1116));
#4035=EDGE_LOOP('',(#1117,#1118,#1119,#1120));
#4036=EDGE_LOOP('',(#1121,#1122,#1123,#1124));
#4037=EDGE_LOOP('',(#1125,#1126,#1127,#1128));
#4038=EDGE_LOOP('',(#1129,#1130,#1131,#1132));
#4039=EDGE_LOOP('',(#1133,#1134,#1135,#1136));
#4040=EDGE_LOOP('',(#1137,#1138,#1139,#1140));
#4041=EDGE_LOOP('',(#1141,#1142,#1143,#1144));
#4042=EDGE_LOOP('',(#1145,#1146,#1147,#1148));
#4043=EDGE_LOOP('',(#1149,#1150,#1151,#1152));
#4044=EDGE_LOOP('',(#1153,#1154,#1155,#1156));
#4045=EDGE_LOOP('',(#1157,#1158,#1159,#1160));
#4046=EDGE_LOOP('',(#1161,#1162,#1163,#1164));
#4047=EDGE_LOOP('',(#1165,#1166,#1167,#1168));
#4048=EDGE_LOOP('',(#1169,#1170,#1171,#1172));
#4049=EDGE_LOOP('',(#1173,#1174,#1175,#1176));
#4050=EDGE_LOOP('',(#1177,#1178,#1179,#1180));
#4051=EDGE_LOOP('',(#1181,#1182));
#4052=EDGE_LOOP('',(#1183,#1184,#1185,#1186));
#4053=EDGE_LOOP('',(#1187,#1188,#1189,#1190));
#4054=EDGE_LOOP('',(#1191,#1192,#1193,#1194));
#4055=EDGE_LOOP('',(#1195,#1196,#1197,#1198));
#4056=EDGE_LOOP('',(#1199,#1200,#1201,#1202));
#4057=EDGE_LOOP('',(#1203,#1204,#1205,#1206));
#4058=EDGE_LOOP('',(#1207,#1208,#1209,#1210));
#4059=EDGE_LOOP('',(#1211,#1212,#1213,#1214,#1215,#1216,#1217));
#4060=EDGE_LOOP('',(#1218,#1219,#1220,#1221));
#4061=EDGE_LOOP('',(#1222,#1223,#1224,#1225));
#4062=EDGE_LOOP('',(#1226,#1227,#1228,#1229));
#4063=EDGE_LOOP('',(#1230,#1231,#1232,#1233));
#4064=EDGE_LOOP('',(#1234,#1235,#1236,#1237));
#4065=EDGE_LOOP('',(#1238,#1239,#1240,#1241));
#4066=EDGE_LOOP('',(#1242,#1243,#1244,#1245));
#4067=EDGE_LOOP('',(#1246,#1247,#1248,#1249));
#4068=EDGE_LOOP('',(#1250,#1251,#1252,#1253));
#4069=EDGE_LOOP('',(#1254,#1255,#1256,#1257));
#4070=EDGE_LOOP('',(#1258,#1259,#1260,#1261));
#4071=EDGE_LOOP('',(#1262,#1263,#1264,#1265));
#4072=EDGE_LOOP('',(#1266,#1267,#1268,#1269));
#4073=EDGE_LOOP('',(#1270,#1271,#1272,#1273));
#4074=EDGE_LOOP('',(#1274,#1275,#1276,#1277));
#4075=EDGE_LOOP('',(#1278,#1279,#1280,#1281));
#4076=EDGE_LOOP('',(#1282,#1283,#1284,#1285));
#4077=EDGE_LOOP('',(#1286,#1287,#1288,#1289));
#4078=EDGE_LOOP('',(#1290,#1291,#1292,#1293));
#4079=EDGE_LOOP('',(#1294,#1295,#1296,#1297));
#4080=EDGE_LOOP('',(#1298,#1299,#1300,#1301));
#4081=EDGE_LOOP('',(#1302,#1303,#1304,#1305));
#4082=EDGE_LOOP('',(#1306,#1307,#1308,#1309,#1310,#1311,#1312));
#4083=EDGE_LOOP('',(#1313,#1314,#1315,#1316,#1317,#1318));
#4084=EDGE_LOOP('',(#1319,#1320,#1321,#1322,#1323,#1324,#1325,#1326,#1327,
#1328,#1329,#1330,#1331,#1332,#1333,#1334,#1335,#1336,#1337,#1338,#1339,
#1340,#1341,#1342));
#4085=EDGE_LOOP('',(#1343,#1344,#1345,#1346));
#4086=EDGE_LOOP('',(#1347,#1348,#1349,#1350));
#4087=EDGE_LOOP('',(#1351,#1352,#1353,#1354));
#4088=EDGE_LOOP('',(#1355,#1356,#1357,#1358,#1359,#1360,#1361,#1362,#1363,
#1364,#1365,#1366,#1367,#1368,#1369,#1370,#1371,#1372,#1373,#1374,#1375,
#1376,#1377,#1378));
#4089=EDGE_LOOP('',(#1379,#1380,#1381,#1382));
#4090=EDGE_LOOP('',(#1383,#1384,#1385,#1386));
#4091=EDGE_LOOP('',(#1387,#1388,#1389,#1390));
#4092=EDGE_LOOP('',(#1391,#1392,#1393,#1394));
#4093=EDGE_LOOP('',(#1395,#1396,#1397,#1398));
#4094=EDGE_LOOP('',(#1399,#1400,#1401,#1402));
#4095=EDGE_LOOP('',(#1403,#1404,#1405,#1406));
#4096=EDGE_LOOP('',(#1407,#1408,#1409,#1410));
#4097=EDGE_LOOP('',(#1411,#1412,#1413,#1414));
#4098=EDGE_LOOP('',(#1415,#1416,#1417,#1418));
#4099=EDGE_LOOP('',(#1419,#1420,#1421,#1422,#1423,#1424,#1425,#1426));
#4100=EDGE_LOOP('',(#1427,#1428,#1429,#1430,#1431,#1432,#1433,#1434));
#4101=EDGE_LOOP('',(#1435,#1436,#1437,#1438));
#4102=EDGE_LOOP('',(#1439,#1440,#1441,#1442,#1443,#1444,#1445,#1446));
#4103=EDGE_LOOP('',(#1447,#1448,#1449,#1450,#1451,#1452,#1453,#1454));
#4104=EDGE_LOOP('',(#1455,#1456,#1457,#1458));
#4105=EDGE_LOOP('',(#1459,#1460,#1461,#1462));
#4106=EDGE_LOOP('',(#1463,#1464,#1465,#1466));
#4107=EDGE_LOOP('',(#1467,#1468,#1469,#1470));
#4108=EDGE_LOOP('',(#1471,#1472,#1473,#1474));
#4109=EDGE_LOOP('',(#1475,#1476,#1477,#1478));
#4110=EDGE_LOOP('',(#1479,#1480,#1481));
#4111=EDGE_LOOP('',(#1482,#1483,#1484));
#4112=EDGE_LOOP('',(#1485,#1486,#1487));
#4113=EDGE_LOOP('',(#1488,#1489,#1490,#1491,#1492,#1493));
#4114=EDGE_LOOP('',(#1494,#1495,#1496,#1497));
#4115=EDGE_LOOP('',(#1498,#1499,#1500,#1501));
#4116=EDGE_LOOP('',(#1502,#1503,#1504,#1505));
#4117=EDGE_LOOP('',(#1506,#1507,#1508,#1509));
#4118=EDGE_LOOP('',(#1510,#1511,#1512,#1513));
#4119=EDGE_LOOP('',(#1514,#1515,#1516,#1517));
#4120=EDGE_LOOP('',(#1518,#1519,#1520,#1521));
#4121=EDGE_LOOP('',(#1522,#1523,#1524,#1525));
#4122=EDGE_LOOP('',(#1526,#1527,#1528,#1529));
#4123=EDGE_LOOP('',(#1530,#1531,#1532,#1533,#1534));
#4124=EDGE_LOOP('',(#1535,#1536,#1537,#1538));
#4125=EDGE_LOOP('',(#1539,#1540,#1541,#1542));
#4126=EDGE_LOOP('',(#1543,#1544,#1545,#1546));
#4127=EDGE_LOOP('',(#1547,#1548,#1549,#1550));
#4128=EDGE_LOOP('',(#1551,#1552,#1553,#1554));
#4129=EDGE_LOOP('',(#1555,#1556,#1557,#1558));
#4130=EDGE_LOOP('',(#1559,#1560,#1561));
#4131=EDGE_LOOP('',(#1562,#1563,#1564,#1565));
#4132=EDGE_LOOP('',(#1566,#1567,#1568,#1569));
#4133=EDGE_LOOP('',(#1570,#1571,#1572));
#4134=EDGE_LOOP('',(#1573,#1574,#1575,#1576));
#4135=EDGE_LOOP('',(#1577,#1578,#1579,#1580));
#4136=EDGE_LOOP('',(#1581,#1582,#1583,#1584));
#4137=EDGE_LOOP('',(#1585,#1586,#1587));
#4138=EDGE_LOOP('',(#1588,#1589,#1590,#1591));
#4139=EDGE_LOOP('',(#1592,#1593,#1594,#1595));
#4140=EDGE_LOOP('',(#1596,#1597,#1598));
#4141=EDGE_LOOP('',(#1599,#1600,#1601,#1602));
#4142=EDGE_LOOP('',(#1603,#1604,#1605,#1606));
#4143=EDGE_LOOP('',(#1607,#1608,#1609,#1610));
#4144=EDGE_LOOP('',(#1611,#1612,#1613,#1614,#1615,#1616,#1617,#1618));
#4145=EDGE_LOOP('',(#1619,#1620,#1621,#1622,#1623,#1624,#1625));
#4146=EDGE_LOOP('',(#1626,#1627,#1628,#1629));
#4147=EDGE_LOOP('',(#1630,#1631,#1632,#1633));
#4148=EDGE_LOOP('',(#1634,#1635,#1636,#1637,#1638,#1639,#1640,#1641,#1642,
#1643,#1644,#1645));
#4149=EDGE_LOOP('',(#1646,#1647,#1648,#1649,#1650,#1651,#1652,#1653,#1654,
#1655,#1656,#1657));
#4150=EDGE_LOOP('',(#1658,#1659,#1660,#1661));
#4151=EDGE_LOOP('',(#1662,#1663,#1664,#1665,#1666,#1667));
#4152=EDGE_LOOP('',(#1668,#1669,#1670,#1671));
#4153=EDGE_LOOP('',(#1672,#1673,#1674,#1675));
#4154=EDGE_LOOP('',(#1676,#1677,#1678,#1679));
#4155=EDGE_LOOP('',(#1680,#1681,#1682,#1683));
#4156=EDGE_LOOP('',(#1684,#1685,#1686,#1687,#1688,#1689,#1690));
#4157=EDGE_LOOP('',(#1691,#1692,#1693,#1694,#1695,#1696));
#4158=EDGE_LOOP('',(#1697,#1698,#1699,#1700));
#4159=EDGE_LOOP('',(#1701,#1702,#1703,#1704));
#4160=EDGE_LOOP('',(#1705,#1706,#1707,#1708));
#4161=EDGE_LOOP('',(#1709,#1710,#1711,#1712));
#4162=EDGE_LOOP('',(#1713,#1714,#1715,#1716));
#4163=EDGE_LOOP('',(#1717,#1718,#1719,#1720));
#4164=EDGE_LOOP('',(#1721,#1722,#1723,#1724));
#4165=EDGE_LOOP('',(#1725,#1726,#1727,#1728,#1729,#1730,#1731));
#4166=EDGE_LOOP('',(#1732,#1733,#1734,#1735));
#4167=EDGE_LOOP('',(#1736,#1737,#1738,#1739,#1740,#1741));
#4168=EDGE_LOOP('',(#1742,#1743,#1744,#1745,#1746,#1747,#1748,#1749,#1750,
#1751,#1752,#1753));
#4169=EDGE_LOOP('',(#1754,#1755,#1756,#1757));
#4170=EDGE_LOOP('',(#1758,#1759,#1760,#1761));
#4171=EDGE_LOOP('',(#1762,#1763,#1764,#1765));
#4172=EDGE_LOOP('',(#1766,#1767,#1768,#1769));
#4173=EDGE_LOOP('',(#1770,#1771,#1772,#1773));
#4174=EDGE_LOOP('',(#1774,#1775,#1776,#1777));
#4175=EDGE_LOOP('',(#1778,#1779,#1780,#1781));
#4176=EDGE_LOOP('',(#1782,#1783,#1784,#1785));
#4177=EDGE_LOOP('',(#1786,#1787,#1788,#1789,#1790,#1791));
#4178=EDGE_LOOP('',(#1792,#1793,#1794,#1795,#1796,#1797,#1798));
#4179=EDGE_LOOP('',(#1799,#1800,#1801,#1802));
#4180=EDGE_LOOP('',(#1803,#1804,#1805,#1806,#1807,#1808,#1809,#1810,#1811,
#1812,#1813,#1814));
#4181=EDGE_LOOP('',(#1815,#1816,#1817,#1818));
#4182=EDGE_LOOP('',(#1819,#1820,#1821,#1822));
#4183=FACE_BOUND('',#3882,.T.);
#4184=FACE_BOUND('',#3883,.T.);
#4185=FACE_BOUND('',#3884,.T.);
#4186=FACE_BOUND('',#3885,.T.);
#4187=FACE_BOUND('',#3886,.T.);
#4188=FACE_BOUND('',#3887,.T.);
#4189=FACE_BOUND('',#3888,.T.);
#4190=FACE_BOUND('',#3889,.T.);
#4191=FACE_BOUND('',#3890,.T.);
#4192=FACE_BOUND('',#3891,.T.);
#4193=FACE_BOUND('',#3892,.T.);
#4194=FACE_BOUND('',#3893,.T.);
#4195=FACE_BOUND('',#3894,.T.);
#4196=FACE_BOUND('',#3895,.T.);
#4197=FACE_BOUND('',#3896,.T.);
#4198=FACE_BOUND('',#3897,.T.);
#4199=FACE_BOUND('',#3898,.T.);
#4200=FACE_BOUND('',#3899,.T.);
#4201=FACE_BOUND('',#3900,.T.);
#4202=FACE_BOUND('',#3901,.T.);
#4203=FACE_BOUND('',#3902,.T.);
#4204=FACE_BOUND('',#3903,.T.);
#4205=FACE_BOUND('',#3904,.T.);
#4206=FACE_BOUND('',#3905,.T.);
#4207=FACE_BOUND('',#3906,.T.);
#4208=FACE_BOUND('',#3907,.T.);
#4209=FACE_BOUND('',#3908,.T.);
#4210=FACE_BOUND('',#3909,.T.);
#4211=FACE_BOUND('',#3910,.T.);
#4212=FACE_BOUND('',#3911,.T.);
#4213=FACE_BOUND('',#3912,.T.);
#4214=FACE_BOUND('',#3913,.T.);
#4215=FACE_BOUND('',#3914,.T.);
#4216=FACE_BOUND('',#3915,.T.);
#4217=FACE_BOUND('',#3916,.T.);
#4218=FACE_BOUND('',#3917,.T.);
#4219=FACE_BOUND('',#3918,.T.);
#4220=FACE_BOUND('',#3919,.T.);
#4221=FACE_BOUND('',#3920,.T.);
#4222=FACE_BOUND('',#3921,.T.);
#4223=FACE_BOUND('',#3922,.T.);
#4224=FACE_BOUND('',#3923,.T.);
#4225=FACE_BOUND('',#3924,.T.);
#4226=FACE_BOUND('',#3925,.T.);
#4227=FACE_BOUND('',#3926,.T.);
#4228=FACE_BOUND('',#3927,.T.);
#4229=FACE_BOUND('',#3928,.T.);
#4230=FACE_BOUND('',#3929,.T.);
#4231=FACE_BOUND('',#3930,.T.);
#4232=FACE_BOUND('',#3931,.T.);
#4233=FACE_BOUND('',#3932,.T.);
#4234=FACE_BOUND('',#3933,.T.);
#4235=FACE_BOUND('',#3934,.T.);
#4236=FACE_BOUND('',#3935,.T.);
#4237=FACE_BOUND('',#3936,.T.);
#4238=FACE_BOUND('',#3937,.T.);
#4239=FACE_BOUND('',#3938,.T.);
#4240=FACE_BOUND('',#3939,.T.);
#4241=FACE_BOUND('',#3940,.T.);
#4242=FACE_BOUND('',#3941,.T.);
#4243=FACE_BOUND('',#3942,.T.);
#4244=FACE_BOUND('',#3943,.T.);
#4245=FACE_BOUND('',#3944,.T.);
#4246=FACE_BOUND('',#3945,.T.);
#4247=FACE_BOUND('',#3946,.T.);
#4248=FACE_BOUND('',#3947,.T.);
#4249=FACE_BOUND('',#3948,.T.);
#4250=FACE_BOUND('',#3949,.T.);
#4251=FACE_BOUND('',#3950,.T.);
#4252=FACE_BOUND('',#3951,.T.);
#4253=FACE_BOUND('',#3952,.T.);
#4254=FACE_BOUND('',#3953,.T.);
#4255=FACE_BOUND('',#3954,.T.);
#4256=FACE_BOUND('',#3955,.T.);
#4257=FACE_BOUND('',#3956,.T.);
#4258=FACE_BOUND('',#3957,.T.);
#4259=FACE_BOUND('',#3958,.T.);
#4260=FACE_BOUND('',#3959,.T.);
#4261=FACE_BOUND('',#3960,.T.);
#4262=FACE_BOUND('',#3961,.T.);
#4263=FACE_BOUND('',#3962,.T.);
#4264=FACE_BOUND('',#3963,.T.);
#4265=FACE_BOUND('',#3964,.T.);
#4266=FACE_BOUND('',#3965,.T.);
#4267=FACE_BOUND('',#3966,.T.);
#4268=FACE_BOUND('',#3967,.T.);
#4269=FACE_BOUND('',#3968,.T.);
#4270=FACE_BOUND('',#3969,.T.);
#4271=FACE_BOUND('',#3970,.T.);
#4272=FACE_BOUND('',#3971,.T.);
#4273=FACE_BOUND('',#3972,.T.);
#4274=FACE_BOUND('',#3973,.T.);
#4275=FACE_BOUND('',#3974,.T.);
#4276=FACE_BOUND('',#3975,.T.);
#4277=FACE_BOUND('',#3976,.T.);
#4278=FACE_BOUND('',#3977,.T.);
#4279=FACE_BOUND('',#3978,.T.);
#4280=FACE_BOUND('',#3979,.T.);
#4281=FACE_BOUND('',#3980,.T.);
#4282=FACE_BOUND('',#3981,.T.);
#4283=FACE_BOUND('',#3982,.T.);
#4284=FACE_BOUND('',#3983,.T.);
#4285=FACE_BOUND('',#3984,.T.);
#4286=FACE_BOUND('',#3985,.T.);
#4287=FACE_BOUND('',#3986,.T.);
#4288=FACE_BOUND('',#3987,.T.);
#4289=FACE_BOUND('',#3988,.T.);
#4290=FACE_BOUND('',#3989,.T.);
#4291=FACE_BOUND('',#3990,.T.);
#4292=FACE_BOUND('',#3991,.T.);
#4293=FACE_BOUND('',#3992,.T.);
#4294=FACE_BOUND('',#3993,.T.);
#4295=FACE_BOUND('',#3994,.T.);
#4296=FACE_BOUND('',#3995,.T.);
#4297=FACE_BOUND('',#3996,.T.);
#4298=FACE_BOUND('',#3997,.T.);
#4299=FACE_BOUND('',#3998,.T.);
#4300=FACE_BOUND('',#3999,.T.);
#4301=FACE_BOUND('',#4000,.T.);
#4302=FACE_BOUND('',#4001,.T.);
#4303=FACE_BOUND('',#4002,.T.);
#4304=FACE_BOUND('',#4003,.T.);
#4305=FACE_BOUND('',#4004,.T.);
#4306=FACE_BOUND('',#4005,.T.);
#4307=FACE_BOUND('',#4006,.T.);
#4308=FACE_BOUND('',#4007,.T.);
#4309=FACE_BOUND('',#4008,.T.);
#4310=FACE_BOUND('',#4009,.T.);
#4311=FACE_BOUND('',#4010,.T.);
#4312=FACE_BOUND('',#4011,.T.);
#4313=FACE_BOUND('',#4012,.T.);
#4314=FACE_BOUND('',#4013,.T.);
#4315=FACE_BOUND('',#4014,.T.);
#4316=FACE_BOUND('',#4015,.T.);
#4317=FACE_BOUND('',#4016,.T.);
#4318=FACE_BOUND('',#4017,.T.);
#4319=FACE_BOUND('',#4018,.T.);
#4320=FACE_BOUND('',#4019,.T.);
#4321=FACE_BOUND('',#4020,.T.);
#4322=FACE_BOUND('',#4021,.T.);
#4323=FACE_BOUND('',#4022,.T.);
#4324=FACE_BOUND('',#4023,.T.);
#4325=FACE_BOUND('',#4024,.T.);
#4326=FACE_BOUND('',#4025,.T.);
#4327=FACE_BOUND('',#4026,.T.);
#4328=FACE_BOUND('',#4027,.T.);
#4329=FACE_BOUND('',#4028,.T.);
#4330=FACE_BOUND('',#4029,.T.);
#4331=FACE_BOUND('',#4030,.T.);
#4332=FACE_BOUND('',#4031,.T.);
#4333=FACE_BOUND('',#4032,.T.);
#4334=FACE_BOUND('',#4033,.T.);
#4335=FACE_BOUND('',#4034,.T.);
#4336=FACE_BOUND('',#4035,.T.);
#4337=FACE_BOUND('',#4036,.T.);
#4338=FACE_BOUND('',#4037,.T.);
#4339=FACE_BOUND('',#4038,.T.);
#4340=FACE_BOUND('',#4039,.T.);
#4341=FACE_BOUND('',#4040,.T.);
#4342=FACE_BOUND('',#4041,.T.);
#4343=FACE_BOUND('',#4042,.T.);
#4344=FACE_BOUND('',#4043,.T.);
#4345=FACE_BOUND('',#4044,.T.);
#4346=FACE_BOUND('',#4045,.T.);
#4347=FACE_BOUND('',#4046,.T.);
#4348=FACE_BOUND('',#4047,.T.);
#4349=FACE_BOUND('',#4048,.T.);
#4350=FACE_BOUND('',#4049,.T.);
#4351=FACE_BOUND('',#4050,.T.);
#4352=FACE_BOUND('',#4051,.T.);
#4353=FACE_BOUND('',#4052,.T.);
#4354=FACE_BOUND('',#4053,.T.);
#4355=FACE_BOUND('',#4054,.T.);
#4356=FACE_BOUND('',#4055,.T.);
#4357=FACE_BOUND('',#4056,.T.);
#4358=FACE_BOUND('',#4057,.T.);
#4359=FACE_BOUND('',#4058,.T.);
#4360=FACE_BOUND('',#4059,.T.);
#4361=FACE_BOUND('',#4060,.T.);
#4362=FACE_BOUND('',#4061,.T.);
#4363=FACE_BOUND('',#4062,.T.);
#4364=FACE_BOUND('',#4063,.T.);
#4365=FACE_BOUND('',#4064,.T.);
#4366=FACE_BOUND('',#4065,.T.);
#4367=FACE_BOUND('',#4066,.T.);
#4368=FACE_BOUND('',#4067,.T.);
#4369=FACE_BOUND('',#4068,.T.);
#4370=FACE_BOUND('',#4069,.T.);
#4371=FACE_BOUND('',#4070,.T.);
#4372=FACE_BOUND('',#4071,.T.);
#4373=FACE_BOUND('',#4072,.T.);
#4374=FACE_BOUND('',#4073,.T.);
#4375=FACE_BOUND('',#4074,.T.);
#4376=FACE_BOUND('',#4075,.T.);
#4377=FACE_BOUND('',#4076,.T.);
#4378=FACE_BOUND('',#4077,.T.);
#4379=FACE_BOUND('',#4078,.T.);
#4380=FACE_BOUND('',#4079,.T.);
#4381=FACE_BOUND('',#4080,.T.);
#4382=FACE_BOUND('',#4081,.T.);
#4383=FACE_BOUND('',#4082,.T.);
#4384=FACE_BOUND('',#4083,.T.);
#4385=FACE_BOUND('',#4084,.T.);
#4386=FACE_BOUND('',#4085,.T.);
#4387=FACE_BOUND('',#4086,.T.);
#4388=FACE_BOUND('',#4087,.T.);
#4389=FACE_BOUND('',#4088,.T.);
#4390=FACE_BOUND('',#4089,.T.);
#4391=FACE_BOUND('',#4090,.T.);
#4392=FACE_BOUND('',#4091,.T.);
#4393=FACE_BOUND('',#4092,.T.);
#4394=FACE_BOUND('',#4093,.T.);
#4395=FACE_BOUND('',#4094,.T.);
#4396=FACE_BOUND('',#4095,.T.);
#4397=FACE_BOUND('',#4096,.T.);
#4398=FACE_BOUND('',#4097,.T.);
#4399=FACE_BOUND('',#4098,.T.);
#4400=FACE_BOUND('',#4099,.T.);
#4401=FACE_BOUND('',#4100,.T.);
#4402=FACE_BOUND('',#4101,.T.);
#4403=FACE_BOUND('',#4102,.T.);
#4404=FACE_BOUND('',#4103,.T.);
#4405=FACE_BOUND('',#4104,.T.);
#4406=FACE_BOUND('',#4105,.T.);
#4407=FACE_BOUND('',#4106,.T.);
#4408=FACE_BOUND('',#4107,.T.);
#4409=FACE_BOUND('',#4108,.T.);
#4410=FACE_BOUND('',#4109,.T.);
#4411=FACE_BOUND('',#4110,.T.);
#4412=FACE_BOUND('',#4111,.T.);
#4413=FACE_BOUND('',#4112,.T.);
#4414=FACE_BOUND('',#4113,.T.);
#4415=FACE_BOUND('',#4114,.T.);
#4416=FACE_BOUND('',#4115,.T.);
#4417=FACE_BOUND('',#4116,.T.);
#4418=FACE_BOUND('',#4117,.T.);
#4419=FACE_BOUND('',#4118,.T.);
#4420=FACE_BOUND('',#4119,.T.);
#4421=FACE_BOUND('',#4120,.T.);
#4422=FACE_BOUND('',#4121,.T.);
#4423=FACE_BOUND('',#4122,.T.);
#4424=FACE_BOUND('',#4123,.T.);
#4425=FACE_BOUND('',#4124,.T.);
#4426=FACE_BOUND('',#4125,.T.);
#4427=FACE_BOUND('',#4126,.T.);
#4428=FACE_BOUND('',#4127,.T.);
#4429=FACE_BOUND('',#4128,.T.);
#4430=FACE_BOUND('',#4129,.T.);
#4431=FACE_BOUND('',#4130,.T.);
#4432=FACE_BOUND('',#4131,.T.);
#4433=FACE_BOUND('',#4132,.T.);
#4434=FACE_BOUND('',#4133,.T.);
#4435=FACE_BOUND('',#4134,.T.);
#4436=FACE_BOUND('',#4135,.T.);
#4437=FACE_BOUND('',#4136,.T.);
#4438=FACE_BOUND('',#4137,.T.);
#4439=FACE_BOUND('',#4138,.T.);
#4440=FACE_BOUND('',#4139,.T.);
#4441=FACE_BOUND('',#4140,.T.);
#4442=FACE_BOUND('',#4141,.T.);
#4443=FACE_BOUND('',#4142,.T.);
#4444=FACE_BOUND('',#4143,.T.);
#4445=FACE_BOUND('',#4144,.T.);
#4446=FACE_BOUND('',#4145,.T.);
#4447=FACE_BOUND('',#4146,.T.);
#4448=FACE_BOUND('',#4147,.T.);
#4449=FACE_BOUND('',#4148,.T.);
#4450=FACE_BOUND('',#4149,.T.);
#4451=FACE_BOUND('',#4150,.T.);
#4452=FACE_BOUND('',#4151,.T.);
#4453=FACE_BOUND('',#4152,.T.);
#4454=FACE_BOUND('',#4153,.T.);
#4455=FACE_BOUND('',#4154,.T.);
#4456=FACE_BOUND('',#4155,.T.);
#4457=FACE_BOUND('',#4156,.T.);
#4458=FACE_BOUND('',#4157,.T.);
#4459=FACE_BOUND('',#4158,.T.);
#4460=FACE_BOUND('',#4159,.T.);
#4461=FACE_BOUND('',#4160,.T.);
#4462=FACE_BOUND('',#4161,.T.);
#4463=FACE_BOUND('',#4162,.T.);
#4464=FACE_BOUND('',#4163,.T.);
#4465=FACE_BOUND('',#4164,.T.);
#4466=FACE_BOUND('',#4165,.T.);
#4467=FACE_BOUND('',#4166,.T.);
#4468=FACE_BOUND('',#4167,.T.);
#4469=FACE_BOUND('',#4168,.T.);
#4470=FACE_BOUND('',#4169,.T.);
#4471=FACE_BOUND('',#4170,.T.);
#4472=FACE_BOUND('',#4171,.T.);
#4473=FACE_BOUND('',#4172,.T.);
#4474=FACE_BOUND('',#4173,.T.);
#4475=FACE_BOUND('',#4174,.T.);
#4476=FACE_BOUND('',#4175,.T.);
#4477=FACE_BOUND('',#4176,.T.);
#4478=FACE_BOUND('',#4177,.T.);
#4479=FACE_BOUND('',#4178,.T.);
#4480=FACE_BOUND('',#4179,.T.);
#4481=FACE_BOUND('',#4180,.T.);
#4482=FACE_BOUND('',#4181,.T.);
#4483=FACE_BOUND('',#4182,.T.);
#4484=PLANE('',#4981);
#4485=PLANE('',#4982);
#4486=PLANE('',#5005);
#4487=PLANE('',#5006);
#4488=PLANE('',#5007);
#4489=PLANE('',#5008);
#4490=PLANE('',#5013);
#4491=PLANE('',#5016);
#4492=PLANE('',#5025);
#4493=PLANE('',#5026);
#4494=PLANE('',#5038);
#4495=PLANE('',#5039);
#4496=PLANE('',#5040);
#4497=PLANE('',#5056);
#4498=PLANE('',#5060);
#4499=PLANE('',#5061);
#4500=PLANE('',#5065);
#4501=PLANE('',#5071);
#4502=PLANE('',#5072);
#4503=PLANE('',#5073);
#4504=PLANE('',#5075);
#4505=PLANE('',#5076);
#4506=PLANE('',#5077);
#4507=PLANE('',#5078);
#4508=PLANE('',#5081);
#4509=PLANE('',#5082);
#4510=PLANE('',#5083);
#4511=PLANE('',#5084);
#4512=PLANE('',#5085);
#4513=PLANE('',#5088);
#4514=PLANE('',#5092);
#4515=PLANE('',#5093);
#4516=PLANE('',#5094);
#4517=PLANE('',#5095);
#4518=PLANE('',#5100);
#4519=PLANE('',#5101);
#4520=PLANE('',#5102);
#4521=PLANE('',#5117);
#4522=PLANE('',#5118);
#4523=PLANE('',#5119);
#4524=PLANE('',#5120);
#4525=PLANE('',#5124);
#4526=PLANE('',#5125);
#4527=PLANE('',#5126);
#4528=PLANE('',#5127);
#4529=PLANE('',#5128);
#4530=PLANE('',#5129);
#4531=PLANE('',#5130);
#4532=PLANE('',#5133);
#4533=PLANE('',#5137);
#4534=PLANE('',#5149);
#4535=PLANE('',#5155);
#4536=PLANE('',#5156);
#4537=PLANE('',#5159);
#4538=PLANE('',#5162);
#4539=PLANE('',#5163);
#4540=PLANE('',#5164);
#4541=PLANE('',#5167);
#4542=PLANE('',#5168);
#4543=PLANE('',#5169);
#4544=PLANE('',#5170);
#4545=PLANE('',#5171);
#4546=PLANE('',#5172);
#4547=PLANE('',#5173);
#4548=PLANE('',#5174);
#4549=PLANE('',#5175);
#4550=PLANE('',#5176);
#4551=PLANE('',#5177);
#4552=PLANE('',#5178);
#4553=PLANE('',#5180);
#4554=PLANE('',#5181);
#4555=PLANE('',#5182);
#4556=PLANE('',#5183);
#4557=PLANE('',#5184);
#4558=PLANE('',#5185);
#4559=PLANE('',#5187);
#4560=PLANE('',#5188);
#4561=PLANE('',#5190);
#4562=PLANE('',#5191);
#4563=PLANE('',#5192);
#4564=PLANE('',#5193);
#4565=PLANE('',#5194);
#4566=PLANE('',#5195);
#4567=PLANE('',#5196);
#4568=PLANE('',#5197);
#4569=PLANE('',#5198);
#4570=PLANE('',#5199);
#4571=PLANE('',#5200);
#4572=PLANE('',#5202);
#4573=PLANE('',#5203);
#4574=PLANE('',#5204);
#4575=PLANE('',#5205);
#4576=PLANE('',#5206);
#4577=PLANE('',#5207);
#4578=PLANE('',#5208);
#4579=PLANE('',#5209);
#4580=PLANE('',#5210);
#4581=PLANE('',#5211);
#4582=PLANE('',#5212);
#4583=PLANE('',#5215);
#4584=PLANE('',#5216);
#4585=PLANE('',#5219);
#4586=PLANE('',#5220);
#4587=PLANE('',#5223);
#4588=PLANE('',#5226);
#4589=PLANE('',#5229);
#4590=PLANE('',#5230);
#4591=PLANE('',#5233);
#4592=PLANE('',#5237);
#4593=PLANE('',#5239);
#4594=PLANE('',#5242);
#4595=PLANE('',#5243);
#4596=PLANE('',#5246);
#4597=PLANE('',#5249);
#4598=PLANE('',#5250);
#4599=PLANE('',#5257);
#4600=PLANE('',#5258);
#4601=PLANE('',#5265);
#4602=PLANE('',#5266);
#4603=PLANE('',#5267);
#4604=PLANE('',#5271);
#4605=PLANE('',#5272);
#4606=PLANE('',#5280);
#4607=PLANE('',#5286);
#4608=PLANE('',#5290);
#4609=PLANE('',#5304);
#4610=PLANE('',#5307);
#4611=PLANE('',#5308);
#4612=PLANE('',#5309);
#4613=PLANE('',#5318);
#4614=PLANE('',#5319);
#4615=PLANE('',#5327);
#4616=PLANE('',#5328);
#4617=PLANE('',#5332);
#4618=PLANE('',#5342);
#4619=PLANE('',#5356);
#4620=PLANE('',#5357);
#4621=PLANE('',#5359);
#4622=PLANE('',#5361);
#4623=PLANE('',#5362);
#4624=PLANE('',#5363);
#4625=PLANE('',#5367);
#4626=PLANE('',#5372);
#4627=PLANE('',#5376);
#4628=PLANE('',#5377);
#4629=PLANE('',#5378);
#4630=PLANE('',#5379);
#4631=PLANE('',#5380);
#4632=PLANE('',#5381);
#4633=PLANE('',#5382);
#4634=PLANE('',#5383);
#4635=PLANE('',#5384);
#4636=PLANE('',#5387);
#4637=PLANE('',#5388);
#4638=PLANE('',#5393);
#4639=PLANE('',#5394);
#4640=PLANE('',#5399);
#4641=PLANE('',#5400);
#4642=PLANE('',#5401);
#4643=PLANE('',#5402);
#4644=PLANE('',#5405);
#4645=PLANE('',#5406);
#4646=PLANE('',#5407);
#4647=PLANE('',#5408);
#4648=PLANE('',#5410);
#4649=PLANE('',#5411);
#4650=PLANE('',#5413);
#4651=ADVANCED_FACE('',(#4183),#4484,.T.);
#4652=ADVANCED_FACE('',(#4184),#4485,.T.);
#4653=ADVANCED_FACE('',(#4185),#353,.T.);
#4654=ADVANCED_FACE('',(#4186),#186,.T.);
#4655=ADVANCED_FACE('',(#4187),#354,.T.);
#4656=ADVANCED_FACE('',(#4188),#355,.F.);
#4657=ADVANCED_FACE('',(#4189),#356,.F.);
#4658=ADVANCED_FACE('',(#4190),#90,.T.);
#4659=ADVANCED_FACE('',(#4191),#357,.F.);
#4660=ADVANCED_FACE('',(#4192),#358,.T.);
#4661=ADVANCED_FACE('',(#4193),#4486,.F.);
#4662=ADVANCED_FACE('',(#4194),#4487,.T.);
#4663=ADVANCED_FACE('',(#4195),#4488,.T.);
#4664=ADVANCED_FACE('',(#4196),#4489,.T.);
#4665=ADVANCED_FACE('',(#4197),#187,.T.);
#4666=ADVANCED_FACE('',(#4198),#4490,.F.);
#4667=ADVANCED_FACE('',(#4199),#359,.T.);
#4668=ADVANCED_FACE('',(#4200),#4491,.T.);
#4669=ADVANCED_FACE('',(#4201),#360,.T.);
#4670=ADVANCED_FACE('',(#4202),#188,.T.);
#4671=ADVANCED_FACE('',(#4203),#361,.T.);
#4672=ADVANCED_FACE('',(#4204),#4492,.T.);
#4673=ADVANCED_FACE('',(#4205,#4206),#4493,.F.);
#4674=ADVANCED_FACE('',(#4207),#189,.T.);
#4675=ADVANCED_FACE('',(#4208),#362,.T.);
#4676=ADVANCED_FACE('',(#4209),#363,.T.);
#4677=ADVANCED_FACE('',(#4210),#190,.T.);
#4678=ADVANCED_FACE('',(#4211),#4494,.T.);
#4679=ADVANCED_FACE('',(#4212),#4495,.T.);
#4680=ADVANCED_FACE('',(#4213,#4214),#4496,.T.);
#4681=ADVANCED_FACE('',(#4215),#364,.T.);
#4682=ADVANCED_FACE('',(#4216),#191,.T.);
#4683=ADVANCED_FACE('',(#4217),#192,.T.);
#4684=ADVANCED_FACE('',(#4218),#365,.T.);
#4685=ADVANCED_FACE('',(#4219),#366,.T.);
#4686=ADVANCED_FACE('',(#4220),#193,.T.);
#4687=ADVANCED_FACE('',(#4221),#4497,.T.);
#4688=ADVANCED_FACE('',(#4222),#91,.T.);
#4689=ADVANCED_FACE('',(#4223),#367,.T.);
#4690=ADVANCED_FACE('',(#4224),#368,.T.);
#4691=ADVANCED_FACE('',(#4225),#4498,.T.);
#4692=ADVANCED_FACE('',(#4226),#4499,.T.);
#4693=ADVANCED_FACE('',(#4227),#369,.T.);
#4694=ADVANCED_FACE('',(#4228),#370,.T.);
#4695=ADVANCED_FACE('',(#4229),#371,.T.);
#4696=ADVANCED_FACE('',(#4230),#4500,.T.);
#4697=ADVANCED_FACE('',(#4231),#372,.T.);
#4698=ADVANCED_FACE('',(#4232),#373,.F.);
#4699=ADVANCED_FACE('',(#4233),#92,.T.);
#4700=ADVANCED_FACE('',(#4234),#374,.T.);
#4701=ADVANCED_FACE('',(#4235),#93,.T.);
#4702=ADVANCED_FACE('',(#4236),#4501,.T.);
#4703=ADVANCED_FACE('',(#4237),#4502,.F.);
#4704=ADVANCED_FACE('',(#4238),#4503,.T.);
#4705=ADVANCED_FACE('',(#4239),#4504,.F.);
#4706=ADVANCED_FACE('',(#4240),#4505,.F.);
#4707=ADVANCED_FACE('',(#4241),#4506,.F.);
#4708=ADVANCED_FACE('',(#4242),#4507,.T.);
#4709=ADVANCED_FACE('',(#4243),#4508,.F.);
#4710=ADVANCED_FACE('',(#4244),#4509,.F.);
#4711=ADVANCED_FACE('',(#4245),#4510,.F.);
#4712=ADVANCED_FACE('',(#4246),#4511,.F.);
#4713=ADVANCED_FACE('',(#4247),#4512,.T.);
#4714=ADVANCED_FACE('',(#4248),#4513,.F.);
#4715=ADVANCED_FACE('',(#4249),#375,.T.);
#4716=ADVANCED_FACE('',(#4250),#4514,.T.);
#4717=ADVANCED_FACE('',(#4251),#4515,.F.);
#4718=ADVANCED_FACE('',(#4252),#4516,.F.);
#4719=ADVANCED_FACE('',(#4253),#4517,.F.);
#4720=ADVANCED_FACE('',(#4254),#376,.T.);
#4721=ADVANCED_FACE('',(#4255),#4518,.F.);
#4722=ADVANCED_FACE('',(#4256),#4519,.F.);
#4723=ADVANCED_FACE('',(#4257,#4258),#4520,.T.);
#4724=ADVANCED_FACE('',(#4259),#4521,.F.);
#4725=ADVANCED_FACE('',(#4260),#4522,.F.);
#4726=ADVANCED_FACE('',(#4261),#4523,.F.);
#4727=ADVANCED_FACE('',(#4262),#4524,.F.);
#4728=ADVANCED_FACE('',(#4263,#4264),#377,.F.);
#4729=ADVANCED_FACE('',(#4265),#4525,.T.);
#4730=ADVANCED_FACE('',(#4266),#4526,.F.);
#4731=ADVANCED_FACE('',(#4267),#4527,.F.);
#4732=ADVANCED_FACE('',(#4268),#4528,.T.);
#4733=ADVANCED_FACE('',(#4269),#4529,.F.);
#4734=ADVANCED_FACE('',(#4270),#4530,.F.);
#4735=ADVANCED_FACE('',(#4271),#4531,.F.);
#4736=ADVANCED_FACE('',(#4272),#378,.F.);
#4737=ADVANCED_FACE('',(#4273),#4532,.T.);
#4738=ADVANCED_FACE('',(#4274,#4275),#379,.F.);
#4739=ADVANCED_FACE('',(#4276),#4533,.F.);
#4740=ADVANCED_FACE('',(#4277),#380,.T.);
#4741=ADVANCED_FACE('',(#4278),#381,.F.);
#4742=ADVANCED_FACE('',(#4279),#382,.T.);
#4743=ADVANCED_FACE('',(#4280),#383,.F.);
#4744=ADVANCED_FACE('',(#4281),#384,.T.);
#4745=ADVANCED_FACE('',(#4282),#385,.T.);
#4746=ADVANCED_FACE('',(#4283),#4534,.F.);
#4747=ADVANCED_FACE('',(#4284),#386,.T.);
#4748=ADVANCED_FACE('',(#4285),#387,.F.);
#4749=ADVANCED_FACE('',(#4286),#388,.T.);
#4750=ADVANCED_FACE('',(#4287),#4535,.F.);
#4751=ADVANCED_FACE('',(#4288),#4536,.T.);
#4752=ADVANCED_FACE('',(#4289),#389,.T.);
#4753=ADVANCED_FACE('',(#4290),#4537,.T.);
#4754=ADVANCED_FACE('',(#4291),#390,.T.);
#4755=ADVANCED_FACE('',(#4292),#4538,.T.);
#4756=ADVANCED_FACE('',(#4293),#4539,.F.);
#4757=ADVANCED_FACE('',(#4294),#4540,.F.);
#4758=ADVANCED_FACE('',(#4295),#391,.T.);
#4759=ADVANCED_FACE('',(#4296),#4541,.F.);
#4760=ADVANCED_FACE('',(#4297,#4298,#4299),#4542,.T.);
#4761=ADVANCED_FACE('',(#4300,#4301,#4302,#4303),#4543,.T.);
#4762=ADVANCED_FACE('',(#4304),#4544,.T.);
#4763=ADVANCED_FACE('',(#4305),#4545,.F.);
#4764=ADVANCED_FACE('',(#4306),#4546,.F.);
#4765=ADVANCED_FACE('',(#4307),#4547,.T.);
#4766=ADVANCED_FACE('',(#4308),#4548,.F.);
#4767=ADVANCED_FACE('',(#4309),#4549,.F.);
#4768=ADVANCED_FACE('',(#4310),#4550,.F.);
#4769=ADVANCED_FACE('',(#4311),#4551,.F.);
#4770=ADVANCED_FACE('',(#4312),#4552,.T.);
#4771=ADVANCED_FACE('',(#4313),#4553,.F.);
#4772=ADVANCED_FACE('',(#4314),#4554,.F.);
#4773=ADVANCED_FACE('',(#4315),#4555,.F.);
#4774=ADVANCED_FACE('',(#4316),#4556,.T.);
#4775=ADVANCED_FACE('',(#4317),#4557,.F.);
#4776=ADVANCED_FACE('',(#4318),#4558,.F.);
#4777=ADVANCED_FACE('',(#4319),#392,.T.);
#4778=ADVANCED_FACE('',(#4320),#4559,.F.);
#4779=ADVANCED_FACE('',(#4321),#4560,.F.);
#4780=ADVANCED_FACE('',(#4322),#4561,.F.);
#4781=ADVANCED_FACE('',(#4323),#4562,.T.);
#4782=ADVANCED_FACE('',(#4324),#4563,.T.);
#4783=ADVANCED_FACE('',(#4325),#4564,.F.);
#4784=ADVANCED_FACE('',(#4326,#4327),#4565,.T.);
#4785=ADVANCED_FACE('',(#4328),#4566,.F.);
#4786=ADVANCED_FACE('',(#4329),#4567,.F.);
#4787=ADVANCED_FACE('',(#4330),#4568,.F.);
#4788=ADVANCED_FACE('',(#4331),#4569,.T.);
#4789=ADVANCED_FACE('',(#4332),#4570,.T.);
#4790=ADVANCED_FACE('',(#4333),#4571,.T.);
#4791=ADVANCED_FACE('',(#4334),#4572,.T.);
#4792=ADVANCED_FACE('',(#4335,#4336),#4573,.T.);
#4793=ADVANCED_FACE('',(#4337),#4574,.T.);
#4794=ADVANCED_FACE('',(#4338),#4575,.T.);
#4795=ADVANCED_FACE('',(#4339),#4576,.F.);
#4796=ADVANCED_FACE('',(#4340),#4577,.T.);
#4797=ADVANCED_FACE('',(#4341),#4578,.F.);
#4798=ADVANCED_FACE('',(#4342),#4579,.F.);
#4799=ADVANCED_FACE('',(#4343),#4580,.F.);
#4800=ADVANCED_FACE('',(#4344),#4581,.T.);
#4801=ADVANCED_FACE('',(#4345),#4582,.F.);
#4802=ADVANCED_FACE('',(#4346),#94,.T.);
#4803=ADVANCED_FACE('',(#4347),#393,.T.);
#4804=ADVANCED_FACE('',(#4348),#4583,.F.);
#4805=ADVANCED_FACE('',(#4349),#4584,.T.);
#4806=ADVANCED_FACE('',(#4350),#95,.T.);
#4807=ADVANCED_FACE('',(#4351),#96,.T.);
#4808=ADVANCED_FACE('',(#4352),#97,.T.);
#4809=ADVANCED_FACE('',(#4353),#98,.T.);
#4810=ADVANCED_FACE('',(#4354),#99,.T.);
#4811=ADVANCED_FACE('',(#4355),#100,.T.);
#4812=ADVANCED_FACE('',(#4356),#101,.T.);
#4813=ADVANCED_FACE('',(#4357),#102,.T.);
#4814=ADVANCED_FACE('',(#4358),#103,.T.);
#4815=ADVANCED_FACE('',(#4359),#4585,.F.);
#4816=ADVANCED_FACE('',(#4360),#4586,.F.);
#4817=ADVANCED_FACE('',(#4361),#4587,.T.);
#4818=ADVANCED_FACE('',(#4362),#104,.T.);
#4819=ADVANCED_FACE('',(#4363),#105,.T.);
#4820=ADVANCED_FACE('',(#4364),#4588,.F.);
#4821=ADVANCED_FACE('',(#4365),#4589,.T.);
#4822=ADVANCED_FACE('',(#4366),#4590,.F.);
#4823=ADVANCED_FACE('',(#4367),#4591,.T.);
#4824=ADVANCED_FACE('',(#4368),#394,.T.);
#4825=ADVANCED_FACE('',(#4369),#106,.T.);
#4826=ADVANCED_FACE('',(#4370),#107,.T.);
#4827=ADVANCED_FACE('',(#4371),#4592,.F.);
#4828=ADVANCED_FACE('',(#4372),#108,.T.);
#4829=ADVANCED_FACE('',(#4373),#395,.T.);
#4830=ADVANCED_FACE('',(#4374),#109,.T.);
#4831=ADVANCED_FACE('',(#4375),#4593,.T.);
#4832=ADVANCED_FACE('',(#4376),#4594,.T.);
#4833=ADVANCED_FACE('',(#4377),#4595,.F.);
#4834=ADVANCED_FACE('',(#4378),#4596,.T.);
#4835=ADVANCED_FACE('',(#4379),#4597,.T.);
#4836=ADVANCED_FACE('',(#4380),#110,.T.);
#4837=ADVANCED_FACE('',(#4381),#111,.T.);
#4838=ADVANCED_FACE('',(#4382),#112,.T.);
#4839=ADVANCED_FACE('',(#4383),#4598,.F.);
#4840=ADVANCED_FACE('',(#4384),#113,.T.);
#4841=ADVANCED_FACE('',(#4385),#396,.T.);
#4842=ADVANCED_FACE('',(#4386),#114,.T.);
#4843=ADVANCED_FACE('',(#4387),#115,.T.);
#4844=ADVANCED_FACE('',(#4388),#116,.T.);
#4845=ADVANCED_FACE('',(#4389),#397,.F.);
#4846=ADVANCED_FACE('',(#4390),#398,.T.);
#4847=ADVANCED_FACE('',(#4391),#4599,.F.);
#4848=ADVANCED_FACE('',(#4392),#4600,.F.);
#4849=ADVANCED_FACE('',(#4393),#399,.F.);
#4850=ADVANCED_FACE('',(#4394),#400,.F.);
#4851=ADVANCED_FACE('',(#4395),#4601,.F.);
#4852=ADVANCED_FACE('',(#4396),#4602,.T.);
#4853=ADVANCED_FACE('',(#4397),#4603,.F.);
#4854=ADVANCED_FACE('',(#4398),#401,.F.);
#4855=ADVANCED_FACE('',(#4399),#4604,.T.);
#4856=ADVANCED_FACE('',(#4400,#4401),#4605,.T.);
#4857=ADVANCED_FACE('',(#4402),#402,.F.);
#4858=ADVANCED_FACE('',(#4403,#4404),#4606,.F.);
#4859=ADVANCED_FACE('',(#4405),#403,.T.);
#4860=ADVANCED_FACE('',(#4406),#4607,.F.);
#4861=ADVANCED_FACE('',(#4407),#404,.T.);
#4862=ADVANCED_FACE('',(#4408),#405,.T.);
#4863=ADVANCED_FACE('',(#4409),#406,.T.);
#4864=ADVANCED_FACE('',(#4410),#4608,.F.);
#4865=ADVANCED_FACE('',(#4411),#194,.T.);
#4866=ADVANCED_FACE('',(#4412),#195,.T.);
#4867=ADVANCED_FACE('',(#4413),#196,.T.);
#4868=ADVANCED_FACE('',(#4414),#4609,.T.);
#4869=ADVANCED_FACE('',(#4415),#4610,.F.);
#4870=ADVANCED_FACE('',(#4416),#4611,.T.);
#4871=ADVANCED_FACE('',(#4417),#4612,.T.);
#4872=ADVANCED_FACE('',(#4418),#407,.T.);
#4873=ADVANCED_FACE('',(#4419),#408,.T.);
#4874=ADVANCED_FACE('',(#4420),#409,.T.);
#4875=ADVANCED_FACE('',(#4421),#410,.T.);
#4876=ADVANCED_FACE('',(#4422),#411,.T.);
#4877=ADVANCED_FACE('',(#4423),#4613,.T.);
#4878=ADVANCED_FACE('',(#4424),#4614,.T.);
#4879=ADVANCED_FACE('',(#4425),#412,.T.);
#4880=ADVANCED_FACE('',(#4426),#413,.T.);
#4881=ADVANCED_FACE('',(#4427),#414,.T.);
#4882=ADVANCED_FACE('',(#4428),#415,.T.);
#4883=ADVANCED_FACE('',(#4429),#4615,.F.);
#4884=ADVANCED_FACE('',(#4430),#4616,.F.);
#4885=ADVANCED_FACE('',(#4431),#197,.T.);
#4886=ADVANCED_FACE('',(#4432),#4617,.F.);
#4887=ADVANCED_FACE('',(#4433),#416,.T.);
#4888=ADVANCED_FACE('',(#4434),#198,.T.);
#4889=ADVANCED_FACE('',(#4435),#417,.T.);
#4890=ADVANCED_FACE('',(#4436),#4618,.T.);
#4891=ADVANCED_FACE('',(#4437),#418,.T.);
#4892=ADVANCED_FACE('',(#4438),#199,.T.);
#4893=ADVANCED_FACE('',(#4439),#419,.T.);
#4894=ADVANCED_FACE('',(#4440),#420,.T.);
#4895=ADVANCED_FACE('',(#4441),#200,.T.);
#4896=ADVANCED_FACE('',(#4442),#421,.T.);
#4897=ADVANCED_FACE('',(#4443),#422,.T.);
#4898=ADVANCED_FACE('',(#4444),#4619,.F.);
#4899=ADVANCED_FACE('',(#4445),#4620,.F.);
#4900=ADVANCED_FACE('',(#4446),#4621,.T.);
#4901=ADVANCED_FACE('',(#4447),#4622,.T.);
#4902=ADVANCED_FACE('',(#4448),#4623,.T.);
#4903=ADVANCED_FACE('',(#4449),#4624,.F.);
#4904=ADVANCED_FACE('',(#4450),#4625,.T.);
#4905=ADVANCED_FACE('',(#4451),#423,.T.);
#4906=ADVANCED_FACE('',(#4452),#4626,.T.);
#4907=ADVANCED_FACE('',(#4453),#424,.T.);
#4908=ADVANCED_FACE('',(#4454),#425,.T.);
#4909=ADVANCED_FACE('',(#4455),#4627,.T.);
#4910=ADVANCED_FACE('',(#4456),#4628,.T.);
#4911=ADVANCED_FACE('',(#4457),#4629,.T.);
#4912=ADVANCED_FACE('',(#4458),#4630,.T.);
#4913=ADVANCED_FACE('',(#4459),#4631,.T.);
#4914=ADVANCED_FACE('',(#4460),#4632,.T.);
#4915=ADVANCED_FACE('',(#4461),#4633,.T.);
#4916=ADVANCED_FACE('',(#4462),#4634,.T.);
#4917=ADVANCED_FACE('',(#4463),#4635,.T.);
#4918=ADVANCED_FACE('',(#4464),#426,.T.);
#4919=ADVANCED_FACE('',(#4465),#4636,.T.);
#4920=ADVANCED_FACE('',(#4466),#4637,.F.);
#4921=ADVANCED_FACE('',(#4467),#427,.T.);
#4922=ADVANCED_FACE('',(#4468),#4638,.T.);
#4923=ADVANCED_FACE('',(#4469),#4639,.T.);
#4924=ADVANCED_FACE('',(#4470),#428,.T.);
#4925=ADVANCED_FACE('',(#4471),#4640,.T.);
#4926=ADVANCED_FACE('',(#4472),#4641,.T.);
#4927=ADVANCED_FACE('',(#4473),#4642,.T.);
#4928=ADVANCED_FACE('',(#4474),#4643,.T.);
#4929=ADVANCED_FACE('',(#4475),#429,.T.);
#4930=ADVANCED_FACE('',(#4476),#4644,.T.);
#4931=ADVANCED_FACE('',(#4477),#4645,.T.);
#4932=ADVANCED_FACE('',(#4478),#4646,.T.);
#4933=ADVANCED_FACE('',(#4479),#4647,.F.);
#4934=ADVANCED_FACE('',(#4480),#4648,.T.);
#4935=ADVANCED_FACE('',(#4481),#4649,.F.);
#4936=ADVANCED_FACE('',(#4482),#430,.T.);
#4937=ADVANCED_FACE('',(#4483),#4650,.T.);
#4938=CLOSED_SHELL('',(#4651,#4652,#4653,#4654,#4655,#4656,#4657,#4658,
#4659,#4660,#4661,#4662,#4663,#4664,#4665,#4666,#4667,#4668,#4669,#4670,
#4671,#4672,#4673,#4674,#4675,#4676,#4677,#4678,#4679,#4680,#4681,#4682,
#4683,#4684,#4685,#4686,#4687,#4688,#4689,#4690,#4691,#4692,#4693,#4694,
#4695,#4696,#4697,#4698,#4699,#4700,#4701));
#4939=CLOSED_SHELL('',(#4702,#4703,#4704,#4705,#4706,#4707,#4708,#4709,
#4710,#4711,#4712,#4713,#4714,#4715,#4716,#4717,#4718,#4719,#4720,#4721,
#4722,#4723,#4724,#4725,#4726,#4727,#4728,#4729,#4730,#4731,#4732,#4733,
#4734,#4735,#4736,#4737,#4738,#4739,#4740,#4741,#4742,#4743,#4744,#4745,
#4746,#4747,#4748,#4749,#4750,#4751,#4752,#4753,#4754,#4755,#4756,#4757,
#4758,#4759,#4760,#4761,#4762,#4763,#4764,#4765,#4766,#4767,#4768,#4769,
#4770,#4771,#4772,#4773,#4774,#4775,#4776,#4777,#4778,#4779));
#4940=CLOSED_SHELL('',(#4780,#4781,#4782,#4783,#4784,#4785,#4786,#4787,
#4788,#4789,#4790));
#4941=CLOSED_SHELL('',(#4791,#4792,#4793,#4794,#4795,#4796,#4797,#4798,
#4799,#4800,#4801));
#4942=CLOSED_SHELL('',(#4802,#4803,#4804,#4805,#4806,#4807,#4808,#4809,
#4810,#4811,#4812,#4813,#4814,#4815,#4816,#4817,#4818,#4819,#4820,#4821,
#4822,#4823,#4824,#4825,#4826,#4827,#4828,#4829,#4830,#4831,#4832,#4833,
#4834,#4835,#4836,#4837,#4838,#4839,#4840,#4841,#4842,#4843,#4844,#4845,
#4846));
#4943=CLOSED_SHELL('',(#4847,#4848,#4849,#4850,#4851,#4852,#4853,#4854,
#4855,#4856,#4857,#4858,#4859,#4860,#4861,#4862,#4863,#4864));
#4944=CLOSED_SHELL('',(#4865,#4866,#4867,#4868,#4869,#4870,#4871,#4872,
#4873,#4874,#4875,#4876,#4877,#4878,#4879,#4880,#4881));
#4945=CLOSED_SHELL('',(#4882,#4883,#4884,#4885,#4886,#4887,#4888,#4889,
#4890,#4891,#4892,#4893,#4894,#4895,#4896,#4897,#4898,#4899));
#4946=CLOSED_SHELL('',(#4900,#4901,#4902,#4903,#4904,#4905,#4906,#4907,
#4908,#4909,#4910,#4911,#4912,#4913,#4914,#4915,#4916,#4917,#4918));
#4947=CLOSED_SHELL('',(#4919,#4920,#4921,#4922,#4923,#4924,#4925,#4926,
#4927,#4928,#4929,#4930,#4931,#4932,#4933,#4934,#4935,#4936,#4937));
#4948=MANIFOLD_SOLID_BREP('121204204',#4938);
#4949=MANIFOLD_SOLID_BREP('5gai_stp',#4939);
#4950=MANIFOLD_SOLID_BREP('5gai_stp-1',#4940);
#4951=MANIFOLD_SOLID_BREP('5gai_stp-2',#4941);
#4952=MANIFOLD_SOLID_BREP('5gai_stp-3',#4942);
#4953=MANIFOLD_SOLID_BREP('5gai_stp-4',#4943);
#4954=MANIFOLD_SOLID_BREP('5gai_stp-5',#4944);
#4955=MANIFOLD_SOLID_BREP('5gai_stp-6',#4945);
#4956=MANIFOLD_SOLID_BREP('5gai_stp-7',#4946);
#4957=MANIFOLD_SOLID_BREP('5gai_stp-8',#4947);
#4958=SHAPE_DEFINITION_REPRESENTATION(#8996,#4969);
#4959=SHAPE_DEFINITION_REPRESENTATION(#8997,#4970);
#4960=SHAPE_DEFINITION_REPRESENTATION(#8999,#4971);
#4961=SHAPE_DEFINITION_REPRESENTATION(#9001,#4972);
#4962=SHAPE_DEFINITION_REPRESENTATION(#9003,#4973);
#4963=SHAPE_DEFINITION_REPRESENTATION(#9005,#4974);
#4964=SHAPE_DEFINITION_REPRESENTATION(#9007,#4975);
#4965=SHAPE_DEFINITION_REPRESENTATION(#9009,#4976);
#4966=SHAPE_DEFINITION_REPRESENTATION(#9011,#4977);
#4967=SHAPE_DEFINITION_REPRESENTATION(#9013,#4978);
#4968=SHAPE_DEFINITION_REPRESENTATION(#9015,#4979);
#4969=SHAPE_REPRESENTATION('PTS636SP43LFS',(#4980,#5070,#5189,#5201,#5213,
#5256,#5291,#5323,#5358,#5386,#5414),#8971);
#4970=SHAPE_REPRESENTATION('PTS636SP43LFS_PART1',(#4980),#8972);
#4971=SHAPE_REPRESENTATION('PTS636SP43LFS_PART2',(#4980),#8973);
#4972=SHAPE_REPRESENTATION('PTS636SP43LFS_PART3',(#4980),#8974);
#4973=SHAPE_REPRESENTATION('PTS636SP43LFS_PART4',(#4980),#8975);
#4974=SHAPE_REPRESENTATION('PTS636SP43LFS_PART5',(#4980),#8976);
#4975=SHAPE_REPRESENTATION('PTS636SP43LFS_PART6',(#4980),#8977);
#4976=SHAPE_REPRESENTATION('PTS636SP43LFS_PART7',(#4980),#8978);
#4977=SHAPE_REPRESENTATION('PTS636SP43LFS_PART8',(#4980),#8979);
#4978=SHAPE_REPRESENTATION('PTS636SP43LFS_PART9',(#4980),#8980);
#4979=SHAPE_REPRESENTATION('PTS636SP43LFS_PART10',(#4980),#8981);
#4980=AXIS2_PLACEMENT_3D('',#6748,#5415,#5416);
#4981=AXIS2_PLACEMENT_3D('',#6749,#5417,#5418);
#4982=AXIS2_PLACEMENT_3D('',#6758,#5423,#5424);
#4983=AXIS2_PLACEMENT_3D('',#6767,#5429,#5430);
#4984=AXIS2_PLACEMENT_3D('',#6768,#5431,#5432);
#4985=AXIS2_PLACEMENT_3D('',#6773,#5434,#5435);
#4986=AXIS2_PLACEMENT_3D('',#6776,#5437,#5438);
#4987=AXIS2_PLACEMENT_3D('',#6777,#5439,#5440);
#4988=AXIS2_PLACEMENT_3D('',#6780,#5441,#5442);
#4989=AXIS2_PLACEMENT_3D('',#6781,#5443,#5444);
#4990=AXIS2_PLACEMENT_3D('',#6782,#5445,#5446);
#4991=AXIS2_PLACEMENT_3D('',#6783,#5447,#5448);
#4992=AXIS2_PLACEMENT_3D('',#6794,#5451,#5452);
#4993=AXIS2_PLACEMENT_3D('',#6795,#5453,#5454);
#4994=AXIS2_PLACEMENT_3D('',#6799,#5456,#5457);
#4995=AXIS2_PLACEMENT_3D('',#6800,#5458,#5459);
#4996=AXIS2_PLACEMENT_3D('',#6801,#5460,#5461);
#4997=AXIS2_PLACEMENT_3D('',#6805,#5463,#5464);
#4998=AXIS2_PLACEMENT_3D('',#6824,#5466,#5467);
#4999=AXIS2_PLACEMENT_3D('',#6826,#5468,#5469);
#5000=AXIS2_PLACEMENT_3D('',#6827,#5470,#5471);
#5001=AXIS2_PLACEMENT_3D('',#6828,#5472,#5473);
#5002=AXIS2_PLACEMENT_3D('',#6833,#5476,#5477);
#5003=AXIS2_PLACEMENT_3D('',#6837,#5479,#5480);
#5004=AXIS2_PLACEMENT_3D('',#6841,#5482,#5483);
#5005=AXIS2_PLACEMENT_3D('',#6842,#5484,#5485);
#5006=AXIS2_PLACEMENT_3D('',#6850,#5490,#5491);
#5007=AXIS2_PLACEMENT_3D('',#6859,#5496,#5497);
#5008=AXIS2_PLACEMENT_3D('',#6863,#5500,#5501);
#5009=AXIS2_PLACEMENT_3D('',#6866,#5504,#5505);
#5010=AXIS2_PLACEMENT_3D('',#6867,#5506,#5507);
#5011=AXIS2_PLACEMENT_3D('',#6870,#5508,#5509);
#5012=AXIS2_PLACEMENT_3D('',#6872,#5510,#5511);
#5013=AXIS2_PLACEMENT_3D('',#6873,#5512,#5513);
#5014=AXIS2_PLACEMENT_3D('',#6880,#5518,#5519);
#5015=AXIS2_PLACEMENT_3D('',#6883,#5521,#5522);
#5016=AXIS2_PLACEMENT_3D('',#6884,#5523,#5524);
#5017=AXIS2_PLACEMENT_3D('',#6892,#5529,#5530);
#5018=AXIS2_PLACEMENT_3D('',#6893,#5531,#5532);
#5019=AXIS2_PLACEMENT_3D('',#6897,#5534,#5535);
#5020=AXIS2_PLACEMENT_3D('',#6898,#5536,#5537);
#5021=AXIS2_PLACEMENT_3D('',#6899,#5538,#5539);
#5022=AXIS2_PLACEMENT_3D('',#6901,#5540,#5541);
#5023=AXIS2_PLACEMENT_3D('',#6902,#5542,#5543);
#5024=AXIS2_PLACEMENT_3D('',#6903,#5544,#5545);
#5025=AXIS2_PLACEMENT_3D('',#6904,#5546,#5547);
#5026=AXIS2_PLACEMENT_3D('',#6913,#5552,#5553);
#5027=AXIS2_PLACEMENT_3D('',#6914,#5554,#5555);
#5028=AXIS2_PLACEMENT_3D('',#6915,#5556,#5557);
#5029=AXIS2_PLACEMENT_3D('',#6919,#5559,#5560);
#5030=AXIS2_PLACEMENT_3D('',#6922,#5563,#5564);
#5031=AXIS2_PLACEMENT_3D('',#6923,#5565,#5566);
#5032=AXIS2_PLACEMENT_3D('',#6924,#5567,#5568);
#5033=AXIS2_PLACEMENT_3D('',#6925,#5569,#5570);
#5034=AXIS2_PLACEMENT_3D('',#6929,#5573,#5574);
#5035=AXIS2_PLACEMENT_3D('',#6932,#5577,#5578);
#5036=AXIS2_PLACEMENT_3D('',#6933,#5579,#5580);
#5037=AXIS2_PLACEMENT_3D('',#6934,#5581,#5582);
#5038=AXIS2_PLACEMENT_3D('',#6935,#5583,#5584);
#5039=AXIS2_PLACEMENT_3D('',#6936,#5585,#5586);
#5040=AXIS2_PLACEMENT_3D('',#6938,#5588,#5589);
#5041=AXIS2_PLACEMENT_3D('',#6942,#5592,#5593);
#5042=AXIS2_PLACEMENT_3D('',#6946,#5595,#5596);
#5043=AXIS2_PLACEMENT_3D('',#6947,#5597,#5598);
#5044=AXIS2_PLACEMENT_3D('',#6948,#5599,#5600);
#5045=AXIS2_PLACEMENT_3D('',#6949,#5601,#5602);
#5046=AXIS2_PLACEMENT_3D('',#6950,#5603,#5604);
#5047=AXIS2_PLACEMENT_3D('',#6951,#5605,#5606);
#5048=AXIS2_PLACEMENT_3D('',#6952,#5607,#5608);
#5049=AXIS2_PLACEMENT_3D('',#6953,#5609,#5610);
#5050=AXIS2_PLACEMENT_3D('',#6954,#5611,#5612);
#5051=AXIS2_PLACEMENT_3D('',#6955,#5613,#5614);
#5052=AXIS2_PLACEMENT_3D('',#6956,#5615,#5616);
#5053=AXIS2_PLACEMENT_3D('',#6961,#5617,#5618);
#5054=AXIS2_PLACEMENT_3D('',#6962,#5619,#5620);
#5055=AXIS2_PLACEMENT_3D('',#6963,#5621,#5622);
#5056=AXIS2_PLACEMENT_3D('',#6964,#5623,#5624);
#5057=AXIS2_PLACEMENT_3D('',#6983,#5627,#5628);
#5058=AXIS2_PLACEMENT_3D('',#6988,#5629,#5630);
#5059=AXIS2_PLACEMENT_3D('',#6990,#5632,#5633);
#5060=AXIS2_PLACEMENT_3D('',#6992,#5635,#5636);
#5061=AXIS2_PLACEMENT_3D('',#6994,#5638,#5639);
#5062=AXIS2_PLACEMENT_3D('',#6995,#5640,#5641);
#5063=AXIS2_PLACEMENT_3D('',#6996,#5642,#5643);
#5064=AXIS2_PLACEMENT_3D('',#6997,#5644,#5645);
#5065=AXIS2_PLACEMENT_3D('',#6998,#5646,#5647);
#5066=AXIS2_PLACEMENT_3D('',#6999,#5648,#5649);
#5067=AXIS2_PLACEMENT_3D('',#7000,#5650,#5651);
#5068=AXIS2_PLACEMENT_3D('',#7001,#5652,#5653);
#5069=AXIS2_PLACEMENT_3D('',#7022,#5654,#5655);
#5070=AXIS2_PLACEMENT_3D('',#7039,#5656,#5657);
#5071=AXIS2_PLACEMENT_3D('',#7040,#5658,#5659);
#5072=AXIS2_PLACEMENT_3D('',#7049,#5664,#5665);
#5073=AXIS2_PLACEMENT_3D('',#7058,#5670,#5671);
#5074=AXIS2_PLACEMENT_3D('',#7059,#5672,#5673);
#5075=AXIS2_PLACEMENT_3D('',#7061,#5674,#5675);
#5076=AXIS2_PLACEMENT_3D('',#7067,#5679,#5680);
#5077=AXIS2_PLACEMENT_3D('',#7076,#5685,#5686);
#5078=AXIS2_PLACEMENT_3D('',#7085,#5691,#5692);
#5079=AXIS2_PLACEMENT_3D('',#7086,#5693,#5694);
#5080=AXIS2_PLACEMENT_3D('',#7096,#5700,#5701);
#5081=AXIS2_PLACEMENT_3D('',#7097,#5702,#5703);
#5082=AXIS2_PLACEMENT_3D('',#7106,#5708,#5709);
#5083=AXIS2_PLACEMENT_3D('',#7115,#5714,#5715);
#5084=AXIS2_PLACEMENT_3D('',#7123,#5720,#5721);
#5085=AXIS2_PLACEMENT_3D('',#7132,#5726,#5727);
#5086=AXIS2_PLACEMENT_3D('',#7133,#5728,#5729);
#5087=AXIS2_PLACEMENT_3D('',#7138,#5731,#5732);
#5088=AXIS2_PLACEMENT_3D('',#7141,#5734,#5735);
#5089=AXIS2_PLACEMENT_3D('',#7147,#5739,#5740);
#5090=AXIS2_PLACEMENT_3D('',#7150,#5742,#5743);
#5091=AXIS2_PLACEMENT_3D('',#7154,#5745,#5746);
#5092=AXIS2_PLACEMENT_3D('',#7157,#5748,#5749);
#5093=AXIS2_PLACEMENT_3D('',#7166,#5754,#5755);
#5094=AXIS2_PLACEMENT_3D('',#7172,#5759,#5760);
#5095=AXIS2_PLACEMENT_3D('',#7178,#5764,#5765);
#5096=AXIS2_PLACEMENT_3D('',#7192,#5773,#5774);
#5097=AXIS2_PLACEMENT_3D('',#7193,#5775,#5776);
#5098=AXIS2_PLACEMENT_3D('',#7198,#5778,#5779);
#5099=AXIS2_PLACEMENT_3D('',#7202,#5781,#5782);
#5100=AXIS2_PLACEMENT_3D('',#7205,#5784,#5785);
#5101=AXIS2_PLACEMENT_3D('',#7209,#5788,#5789);
#5102=AXIS2_PLACEMENT_3D('',#7223,#5797,#5798);
#5103=AXIS2_PLACEMENT_3D('',#7226,#5800,#5801);
#5104=AXIS2_PLACEMENT_3D('',#7229,#5803,#5804);
#5105=AXIS2_PLACEMENT_3D('',#7233,#5806,#5807);
#5106=AXIS2_PLACEMENT_3D('',#7238,#5810,#5811);
#5107=AXIS2_PLACEMENT_3D('',#7242,#5813,#5814);
#5108=AXIS2_PLACEMENT_3D('',#7244,#5816,#5817);
#5109=AXIS2_PLACEMENT_3D('',#7248,#5819,#5820);
#5110=AXIS2_PLACEMENT_3D('',#7252,#5822,#5823);
#5111=AXIS2_PLACEMENT_3D('',#7256,#5825,#5826);
#5112=AXIS2_PLACEMENT_3D('',#7257,#5827,#5828);
#5113=AXIS2_PLACEMENT_3D('',#7258,#5829,#5830);
#5114=AXIS2_PLACEMENT_3D('',#7266,#5834,#5835);
#5115=AXIS2_PLACEMENT_3D('',#7270,#5837,#5838);
#5116=AXIS2_PLACEMENT_3D('',#7274,#5840,#5841);
#5117=AXIS2_PLACEMENT_3D('',#7275,#5842,#5843);
#5118=AXIS2_PLACEMENT_3D('',#7281,#5847,#5848);
#5119=AXIS2_PLACEMENT_3D('',#7289,#5853,#5854);
#5120=AXIS2_PLACEMENT_3D('',#7292,#5857,#5858);
#5121=AXIS2_PLACEMENT_3D('',#7298,#5862,#5863);
#5122=AXIS2_PLACEMENT_3D('',#7299,#5864,#5865);
#5123=AXIS2_PLACEMENT_3D('',#7301,#5866,#5867);
#5124=AXIS2_PLACEMENT_3D('',#7303,#5868,#5869);
#5125=AXIS2_PLACEMENT_3D('',#7307,#5872,#5873);
#5126=AXIS2_PLACEMENT_3D('',#7313,#5877,#5878);
#5127=AXIS2_PLACEMENT_3D('',#7319,#5882,#5883);
#5128=AXIS2_PLACEMENT_3D('',#7323,#5886,#5887);
#5129=AXIS2_PLACEMENT_3D('',#7332,#5892,#5893);
#5130=AXIS2_PLACEMENT_3D('',#7336,#5896,#5897);
#5131=AXIS2_PLACEMENT_3D('',#7339,#5900,#5901);
#5132=AXIS2_PLACEMENT_3D('',#7342,#5903,#5904);
#5133=AXIS2_PLACEMENT_3D('',#7343,#5905,#5906);
#5134=AXIS2_PLACEMENT_3D('',#7346,#5908,#5909);
#5135=AXIS2_PLACEMENT_3D('',#7347,#5910,#5911);
#5136=AXIS2_PLACEMENT_3D('',#7348,#5912,#5913);
#5137=AXIS2_PLACEMENT_3D('',#7350,#5914,#5915);
#5138=AXIS2_PLACEMENT_3D('',#7356,#5919,#5920);
#5139=AXIS2_PLACEMENT_3D('',#7358,#5922,#5923);
#5140=AXIS2_PLACEMENT_3D('',#7359,#5924,#5925);
#5141=AXIS2_PLACEMENT_3D('',#7362,#5927,#5928);
#5142=AXIS2_PLACEMENT_3D('',#7365,#5930,#5931);
#5143=AXIS2_PLACEMENT_3D('',#7366,#5932,#5933);
#5144=AXIS2_PLACEMENT_3D('',#7367,#5934,#5935);
#5145=AXIS2_PLACEMENT_3D('',#7370,#5937,#5938);
#5146=AXIS2_PLACEMENT_3D('',#7371,#5939,#5940);
#5147=AXIS2_PLACEMENT_3D('',#7372,#5941,#5942);
#5148=AXIS2_PLACEMENT_3D('',#7375,#5944,#5945);
#5149=AXIS2_PLACEMENT_3D('',#7377,#5947,#5948);
#5150=AXIS2_PLACEMENT_3D('',#7381,#5951,#5952);
#5151=AXIS2_PLACEMENT_3D('',#7382,#5953,#5954);
#5152=AXIS2_PLACEMENT_3D('',#7385,#5956,#5957);
#5153=AXIS2_PLACEMENT_3D('',#7388,#5959,#5960);
#5154=AXIS2_PLACEMENT_3D('',#7391,#5962,#5963);
#5155=AXIS2_PLACEMENT_3D('',#7392,#5964,#5965);
#5156=AXIS2_PLACEMENT_3D('',#7396,#5968,#5969);
#5157=AXIS2_PLACEMENT_3D('',#7397,#5970,#5971);
#5158=AXIS2_PLACEMENT_3D('',#7398,#5972,#5973);
#5159=AXIS2_PLACEMENT_3D('',#7399,#5974,#5975);
#5160=AXIS2_PLACEMENT_3D('',#7405,#5979,#5980);
#5161=AXIS2_PLACEMENT_3D('',#7406,#5981,#5982);
#5162=AXIS2_PLACEMENT_3D('',#7407,#5983,#5984);
#5163=AXIS2_PLACEMENT_3D('',#7408,#5985,#5986);
#5164=AXIS2_PLACEMENT_3D('',#7412,#5989,#5990);
#5165=AXIS2_PLACEMENT_3D('',#7418,#5994,#5995);
#5166=AXIS2_PLACEMENT_3D('',#7421,#5997,#5998);
#5167=AXIS2_PLACEMENT_3D('',#7422,#5999,#6000);
#5168=AXIS2_PLACEMENT_3D('',#7428,#6004,#6005);
#5169=AXIS2_PLACEMENT_3D('',#7434,#6011,#6012);
#5170=AXIS2_PLACEMENT_3D('',#7441,#6018,#6019);
#5171=AXIS2_PLACEMENT_3D('',#7443,#6021,#6022);
#5172=AXIS2_PLACEMENT_3D('',#7444,#6023,#6024);
#5173=AXIS2_PLACEMENT_3D('',#7446,#6026,#6027);
#5174=AXIS2_PLACEMENT_3D('',#7447,#6028,#6029);
#5175=AXIS2_PLACEMENT_3D('',#7448,#6030,#6031);
#5176=AXIS2_PLACEMENT_3D('',#7449,#6032,#6033);
#5177=AXIS2_PLACEMENT_3D('',#7450,#6034,#6035);
#5178=AXIS2_PLACEMENT_3D('',#7452,#6037,#6038);
#5179=AXIS2_PLACEMENT_3D('',#7453,#6039,#6040);
#5180=AXIS2_PLACEMENT_3D('',#7454,#6041,#6042);
#5181=AXIS2_PLACEMENT_3D('',#7455,#6043,#6044);
#5182=AXIS2_PLACEMENT_3D('',#7456,#6045,#6046);
#5183=AXIS2_PLACEMENT_3D('',#7457,#6047,#6048);
#5184=AXIS2_PLACEMENT_3D('',#7459,#6050,#6051);
#5185=AXIS2_PLACEMENT_3D('',#7461,#6053,#6054);
#5186=AXIS2_PLACEMENT_3D('',#7463,#6056,#6057);
#5187=AXIS2_PLACEMENT_3D('',#7464,#6058,#6059);
#5188=AXIS2_PLACEMENT_3D('',#7465,#6060,#6061);
#5189=AXIS2_PLACEMENT_3D('',#7466,#6062,#6063);
#5190=AXIS2_PLACEMENT_3D('',#7467,#6064,#6065);
#5191=AXIS2_PLACEMENT_3D('',#7476,#6070,#6071);
#5192=AXIS2_PLACEMENT_3D('',#7485,#6076,#6077);
#5193=AXIS2_PLACEMENT_3D('',#7491,#6081,#6082);
#5194=AXIS2_PLACEMENT_3D('',#7497,#6086,#6087);
#5195=AXIS2_PLACEMENT_3D('',#7508,#6094,#6095);
#5196=AXIS2_PLACEMENT_3D('',#7510,#6097,#6098);
#5197=AXIS2_PLACEMENT_3D('',#7512,#6100,#6101);
#5198=AXIS2_PLACEMENT_3D('',#7513,#6102,#6103);
#5199=AXIS2_PLACEMENT_3D('',#7515,#6105,#6106);
#5200=AXIS2_PLACEMENT_3D('',#7517,#6108,#6109);
#5201=AXIS2_PLACEMENT_3D('',#7518,#6110,#6111);
#5202=AXIS2_PLACEMENT_3D('',#7519,#6112,#6113);
#5203=AXIS2_PLACEMENT_3D('',#7528,#6118,#6119);
#5204=AXIS2_PLACEMENT_3D('',#7545,#6128,#6129);
#5205=AXIS2_PLACEMENT_3D('',#7551,#6133,#6134);
#5206=AXIS2_PLACEMENT_3D('',#7557,#6138,#6139);
#5207=AXIS2_PLACEMENT_3D('',#7560,#6142,#6143);
#5208=AXIS2_PLACEMENT_3D('',#7562,#6145,#6146);
#5209=AXIS2_PLACEMENT_3D('',#7564,#6148,#6149);
#5210=AXIS2_PLACEMENT_3D('',#7566,#6151,#6152);
#5211=AXIS2_PLACEMENT_3D('',#7567,#6153,#6154);
#5212=AXIS2_PLACEMENT_3D('',#7569,#6156,#6157);
#5213=AXIS2_PLACEMENT_3D('',#7570,#6158,#6159);
#5214=AXIS2_PLACEMENT_3D('',#7607,#6160,#6161);
#5215=AXIS2_PLACEMENT_3D('',#7622,#6164,#6165);
#5216=AXIS2_PLACEMENT_3D('',#7631,#6170,#6171);
#5217=AXIS2_PLACEMENT_3D('',#7636,#6172,#6173);
#5218=AXIS2_PLACEMENT_3D('',#7637,#6174,#6175);
#5219=AXIS2_PLACEMENT_3D('',#7973,#6176,#6177);
#5220=AXIS2_PLACEMENT_3D('',#7979,#6181,#6182);
#5221=AXIS2_PLACEMENT_3D('',#7980,#6183,#6184);
#5222=AXIS2_PLACEMENT_3D('',#7984,#6186,#6187);
#5223=AXIS2_PLACEMENT_3D('',#8008,#6188,#6189);
#5224=AXIS2_PLACEMENT_3D('',#8012,#6191,#6192);
#5225=AXIS2_PLACEMENT_3D('',#8016,#6194,#6195);
#5226=AXIS2_PLACEMENT_3D('',#8071,#6196,#6197);
#5227=AXIS2_PLACEMENT_3D('',#8075,#6199,#6200);
#5228=AXIS2_PLACEMENT_3D('',#8076,#6201,#6202);
#5229=AXIS2_PLACEMENT_3D('',#8077,#6203,#6204);
#5230=AXIS2_PLACEMENT_3D('',#8083,#6208,#6209);
#5231=AXIS2_PLACEMENT_3D('',#8084,#6210,#6211);
#5232=AXIS2_PLACEMENT_3D('',#8085,#6212,#6213);
#5233=AXIS2_PLACEMENT_3D('',#8086,#6214,#6215);
#5234=AXIS2_PLACEMENT_3D('',#8087,#6216,#6217);
#5235=AXIS2_PLACEMENT_3D('',#8088,#6218,#6219);
#5236=AXIS2_PLACEMENT_3D('',#8089,#6220,#6221);
#5237=AXIS2_PLACEMENT_3D('',#8208,#6222,#6223);
#5238=AXIS2_PLACEMENT_3D('',#8239,#6226,#6227);
#5239=AXIS2_PLACEMENT_3D('',#8266,#6230,#6231);
#5240=AXIS2_PLACEMENT_3D('',#8270,#6233,#6234);
#5241=AXIS2_PLACEMENT_3D('',#8276,#6235,#6236);
#5242=AXIS2_PLACEMENT_3D('',#8277,#6237,#6238);
#5243=AXIS2_PLACEMENT_3D('',#8283,#6242,#6243);
#5244=AXIS2_PLACEMENT_3D('',#8284,#6244,#6245);
#5245=AXIS2_PLACEMENT_3D('',#8285,#6246,#6247);
#5246=AXIS2_PLACEMENT_3D('',#8286,#6248,#6249);
#5247=AXIS2_PLACEMENT_3D('',#8287,#6250,#6251);
#5248=AXIS2_PLACEMENT_3D('',#8288,#6252,#6253);
#5249=AXIS2_PLACEMENT_3D('',#8293,#6254,#6255);
#5250=AXIS2_PLACEMENT_3D('',#8372,#6259,#6260);
#5251=AXIS2_PLACEMENT_3D('',#8373,#6261,#6262);
#5252=AXIS2_PLACEMENT_3D('',#8377,#6264,#6265);
#5253=AXIS2_PLACEMENT_3D('',#8430,#6266,#6267);
#5254=AXIS2_PLACEMENT_3D('',#8509,#6268,#6269);
#5255=AXIS2_PLACEMENT_3D('',#8514,#6270,#6271);
#5256=AXIS2_PLACEMENT_3D('',#8515,#6272,#6273);
#5257=AXIS2_PLACEMENT_3D('',#8516,#6274,#6275);
#5258=AXIS2_PLACEMENT_3D('',#8525,#6280,#6281);
#5259=AXIS2_PLACEMENT_3D('',#8534,#6286,#6287);
#5260=AXIS2_PLACEMENT_3D('',#8535,#6288,#6289);
#5261=AXIS2_PLACEMENT_3D('',#8537,#6290,#6291);
#5262=AXIS2_PLACEMENT_3D('',#8540,#6293,#6294);
#5263=AXIS2_PLACEMENT_3D('',#8541,#6295,#6296);
#5264=AXIS2_PLACEMENT_3D('',#8546,#6298,#6299);
#5265=AXIS2_PLACEMENT_3D('',#8549,#6301,#6302);
#5266=AXIS2_PLACEMENT_3D('',#8552,#6305,#6306);
#5267=AXIS2_PLACEMENT_3D('',#8561,#6311,#6312);
#5268=AXIS2_PLACEMENT_3D('',#8567,#6316,#6317);
#5269=AXIS2_PLACEMENT_3D('',#8568,#6318,#6319);
#5270=AXIS2_PLACEMENT_3D('',#8569,#6320,#6321);
#5271=AXIS2_PLACEMENT_3D('',#8570,#6322,#6323);
#5272=AXIS2_PLACEMENT_3D('',#8579,#6328,#6329);
#5273=AXIS2_PLACEMENT_3D('',#8580,#6330,#6331);
#5274=AXIS2_PLACEMENT_3D('',#8584,#6333,#6334);
#5275=AXIS2_PLACEMENT_3D('',#8585,#6335,#6336);
#5276=AXIS2_PLACEMENT_3D('',#8589,#6338,#6339);
#5277=AXIS2_PLACEMENT_3D('',#8590,#6340,#6341);
#5278=AXIS2_PLACEMENT_3D('',#8591,#6342,#6343);
#5279=AXIS2_PLACEMENT_3D('',#8592,#6344,#6345);
#5280=AXIS2_PLACEMENT_3D('',#8593,#6346,#6347);
#5281=AXIS2_PLACEMENT_3D('',#8597,#6349,#6350);
#5282=AXIS2_PLACEMENT_3D('',#8598,#6351,#6352);
#5283=AXIS2_PLACEMENT_3D('',#8602,#6354,#6355);
#5284=AXIS2_PLACEMENT_3D('',#8603,#6356,#6357);
#5285=AXIS2_PLACEMENT_3D('',#8604,#6358,#6359);
#5286=AXIS2_PLACEMENT_3D('',#8606,#6361,#6362);
#5287=AXIS2_PLACEMENT_3D('',#8608,#6364,#6365);
#5288=AXIS2_PLACEMENT_3D('',#8609,#6366,#6367);
#5289=AXIS2_PLACEMENT_3D('',#8611,#6369,#6370);
#5290=AXIS2_PLACEMENT_3D('',#8613,#6372,#6373);
#5291=AXIS2_PLACEMENT_3D('',#8614,#6374,#6375);
#5292=AXIS2_PLACEMENT_3D('',#8615,#6376,#6377);
#5293=AXIS2_PLACEMENT_3D('',#8616,#6378,#6379);
#5294=AXIS2_PLACEMENT_3D('',#8619,#6380,#6381);
#5295=AXIS2_PLACEMENT_3D('',#8621,#6382,#6383);
#5296=AXIS2_PLACEMENT_3D('',#8622,#6384,#6385);
#5297=AXIS2_PLACEMENT_3D('',#8623,#6386,#6387);
#5298=AXIS2_PLACEMENT_3D('',#8626,#6388,#6389);
#5299=AXIS2_PLACEMENT_3D('',#8628,#6390,#6391);
#5300=AXIS2_PLACEMENT_3D('',#8629,#6392,#6393);
#5301=AXIS2_PLACEMENT_3D('',#8630,#6394,#6395);
#5302=AXIS2_PLACEMENT_3D('',#8633,#6396,#6397);
#5303=AXIS2_PLACEMENT_3D('',#8635,#6398,#6399);
#5304=AXIS2_PLACEMENT_3D('',#8636,#6400,#6401);
#5305=AXIS2_PLACEMENT_3D('',#8644,#6405,#6406);
#5306=AXIS2_PLACEMENT_3D('',#8648,#6408,#6409);
#5307=AXIS2_PLACEMENT_3D('',#8649,#6410,#6411);
#5308=AXIS2_PLACEMENT_3D('',#8655,#6416,#6417);
#5309=AXIS2_PLACEMENT_3D('',#8659,#6421,#6422);
#5310=AXIS2_PLACEMENT_3D('',#8667,#6427,#6428);
#5311=AXIS2_PLACEMENT_3D('',#8668,#6429,#6430);
#5312=AXIS2_PLACEMENT_3D('',#8669,#6431,#6432);
#5313=AXIS2_PLACEMENT_3D('',#8670,#6433,#6434);
#5314=AXIS2_PLACEMENT_3D('',#8671,#6435,#6436);
#5315=AXIS2_PLACEMENT_3D('',#8672,#6437,#6438);
#5316=AXIS2_PLACEMENT_3D('',#8673,#6439,#6440);
#5317=AXIS2_PLACEMENT_3D('',#8676,#6443,#6444);
#5318=AXIS2_PLACEMENT_3D('',#8677,#6445,#6446);
#5319=AXIS2_PLACEMENT_3D('',#8680,#6449,#6450);
#5320=AXIS2_PLACEMENT_3D('',#8682,#6452,#6453);
#5321=AXIS2_PLACEMENT_3D('',#8683,#6454,#6455);
#5322=AXIS2_PLACEMENT_3D('',#8684,#6456,#6457);
#5323=AXIS2_PLACEMENT_3D('',#8685,#6458,#6459);
#5324=AXIS2_PLACEMENT_3D('',#8686,#6460,#6461);
#5325=AXIS2_PLACEMENT_3D('',#8687,#6462,#6463);
#5326=AXIS2_PLACEMENT_3D('',#8692,#6465,#6466);
#5327=AXIS2_PLACEMENT_3D('',#8695,#6468,#6469);
#5328=AXIS2_PLACEMENT_3D('',#8704,#6474,#6475);
#5329=AXIS2_PLACEMENT_3D('',#8713,#6480,#6481);
#5330=AXIS2_PLACEMENT_3D('',#8714,#6482,#6483);
#5331=AXIS2_PLACEMENT_3D('',#8715,#6484,#6485);
#5332=AXIS2_PLACEMENT_3D('',#8716,#6486,#6487);
#5333=AXIS2_PLACEMENT_3D('',#8722,#6491,#6492);
#5334=AXIS2_PLACEMENT_3D('',#8723,#6493,#6494);
#5335=AXIS2_PLACEMENT_3D('',#8724,#6495,#6496);
#5336=AXIS2_PLACEMENT_3D('',#8725,#6497,#6498);
#5337=AXIS2_PLACEMENT_3D('',#8727,#6499,#6500);
#5338=AXIS2_PLACEMENT_3D('',#8728,#6501,#6502);
#5339=AXIS2_PLACEMENT_3D('',#8729,#6503,#6504);
#5340=AXIS2_PLACEMENT_3D('',#8730,#6505,#6506);
#5341=AXIS2_PLACEMENT_3D('',#8735,#6508,#6509);
#5342=AXIS2_PLACEMENT_3D('',#8737,#6511,#6512);
#5343=AXIS2_PLACEMENT_3D('',#8740,#6515,#6516);
#5344=AXIS2_PLACEMENT_3D('',#8741,#6517,#6518);
#5345=AXIS2_PLACEMENT_3D('',#8744,#6520,#6521);
#5346=AXIS2_PLACEMENT_3D('',#8745,#6522,#6523);
#5347=AXIS2_PLACEMENT_3D('',#8746,#6524,#6525);
#5348=AXIS2_PLACEMENT_3D('',#8747,#6526,#6527);
#5349=AXIS2_PLACEMENT_3D('',#8748,#6528,#6529);
#5350=AXIS2_PLACEMENT_3D('',#8749,#6530,#6531);
#5351=AXIS2_PLACEMENT_3D('',#8752,#6533,#6534);
#5352=AXIS2_PLACEMENT_3D('',#8753,#6535,#6536);
#5353=AXIS2_PLACEMENT_3D('',#8754,#6537,#6538);
#5354=AXIS2_PLACEMENT_3D('',#8755,#6539,#6540);
#5355=AXIS2_PLACEMENT_3D('',#8756,#6541,#6542);
#5356=AXIS2_PLACEMENT_3D('',#8757,#6543,#6544);
#5357=AXIS2_PLACEMENT_3D('',#8759,#6546,#6547);
#5358=AXIS2_PLACEMENT_3D('',#8760,#6548,#6549);
#5359=AXIS2_PLACEMENT_3D('',#8761,#6550,#6551);
#5360=AXIS2_PLACEMENT_3D('',#8769,#6555,#6556);
#5361=AXIS2_PLACEMENT_3D('',#8776,#6560,#6561);
#5362=AXIS2_PLACEMENT_3D('',#8785,#6566,#6567);
#5363=AXIS2_PLACEMENT_3D('',#8791,#6571,#6572);
#5364=AXIS2_PLACEMENT_3D('',#8799,#6576,#6577);
#5365=AXIS2_PLACEMENT_3D('',#8804,#6580,#6581);
#5366=AXIS2_PLACEMENT_3D('',#8810,#6584,#6585);
#5367=AXIS2_PLACEMENT_3D('',#8813,#6587,#6588);
#5368=AXIS2_PLACEMENT_3D('',#8818,#6591,#6592);
#5369=AXIS2_PLACEMENT_3D('',#8824,#6595,#6596);
#5370=AXIS2_PLACEMENT_3D('',#8829,#6599,#6600);
#5371=AXIS2_PLACEMENT_3D('',#8832,#6602,#6603);
#5372=AXIS2_PLACEMENT_3D('',#8835,#6606,#6607);
#5373=AXIS2_PLACEMENT_3D('',#8839,#6610,#6611);
#5374=AXIS2_PLACEMENT_3D('',#8842,#6613,#6614);
#5375=AXIS2_PLACEMENT_3D('',#8843,#6615,#6616);
#5376=AXIS2_PLACEMENT_3D('',#8846,#6619,#6620);
#5377=AXIS2_PLACEMENT_3D('',#8848,#6622,#6623);
#5378=AXIS2_PLACEMENT_3D('',#8849,#6624,#6625);
#5379=AXIS2_PLACEMENT_3D('',#8854,#6629,#6630);
#5380=AXIS2_PLACEMENT_3D('',#8856,#6632,#6633);
#5381=AXIS2_PLACEMENT_3D('',#8857,#6634,#6635);
#5382=AXIS2_PLACEMENT_3D('',#8859,#6637,#6638);
#5383=AXIS2_PLACEMENT_3D('',#8860,#6639,#6640);
#5384=AXIS2_PLACEMENT_3D('',#8862,#6642,#6643);
#5385=AXIS2_PLACEMENT_3D('',#8864,#6645,#6646);
#5386=AXIS2_PLACEMENT_3D('',#8865,#6647,#6648);
#5387=AXIS2_PLACEMENT_3D('',#8866,#6649,#6650);
#5388=AXIS2_PLACEMENT_3D('',#8875,#6655,#6656);
#5389=AXIS2_PLACEMENT_3D('',#8879,#6658,#6659);
#5390=AXIS2_PLACEMENT_3D('',#8890,#6665,#6666);
#5391=AXIS2_PLACEMENT_3D('',#8891,#6667,#6668);
#5392=AXIS2_PLACEMENT_3D('',#8896,#6670,#6671);
#5393=AXIS2_PLACEMENT_3D('',#8899,#6673,#6674);
#5394=AXIS2_PLACEMENT_3D('',#8909,#6680,#6681);
#5395=AXIS2_PLACEMENT_3D('',#8912,#6683,#6684);
#5396=AXIS2_PLACEMENT_3D('',#8917,#6687,#6688);
#5397=AXIS2_PLACEMENT_3D('',#8923,#6692,#6693);
#5398=AXIS2_PLACEMENT_3D('',#8926,#6695,#6696);
#5399=AXIS2_PLACEMENT_3D('',#8927,#6697,#6698);
#5400=AXIS2_PLACEMENT_3D('',#8933,#6702,#6703);
#5401=AXIS2_PLACEMENT_3D('',#8939,#6707,#6708);
#5402=AXIS2_PLACEMENT_3D('',#8941,#6710,#6711);
#5403=AXIS2_PLACEMENT_3D('',#8943,#6713,#6714);
#5404=AXIS2_PLACEMENT_3D('',#8944,#6715,#6716);
#5405=AXIS2_PLACEMENT_3D('',#8945,#6717,#6718);
#5406=AXIS2_PLACEMENT_3D('',#8951,#6722,#6723);
#5407=AXIS2_PLACEMENT_3D('',#8955,#6726,#6727);
#5408=AXIS2_PLACEMENT_3D('',#8959,#6730,#6731);
#5409=AXIS2_PLACEMENT_3D('',#8963,#6734,#6735);
#5410=AXIS2_PLACEMENT_3D('',#8964,#6736,#6737);
#5411=AXIS2_PLACEMENT_3D('',#8966,#6739,#6740);
#5412=AXIS2_PLACEMENT_3D('',#8967,#6741,#6742);
#5413=AXIS2_PLACEMENT_3D('',#8969,#6744,#6745);
#5414=AXIS2_PLACEMENT_3D('',#8970,#6746,#6747);
#5415=DIRECTION('',(0.,0.,1.));
#5416=DIRECTION('',(1.,0.,0.));
#5417=DIRECTION('',(-1.,2.16840434497101E-15,0.));
#5418=DIRECTION('',(0.,0.,1.));
#5419=DIRECTION('',(0.,-1.,0.));
#5420=DIRECTION('',(0.,0.,1.));
#5421=DIRECTION('',(0.,-1.,0.));
#5422=DIRECTION('',(0.,0.,1.));
#5423=DIRECTION('',(-0.894427190999916,2.55658701861402E-15,-0.447213595499958));
#5424=DIRECTION('',(-0.447213595499958,0.,0.894427190999916));
#5425=DIRECTION('',(0.,-1.,0.));
#5426=DIRECTION('',(-0.419058177465016,-0.349215147889178,0.83811635492003));
#5427=DIRECTION('',(0.,1.,0.));
#5428=DIRECTION('',(0.419058177465014,-0.34921514788918,-0.838116354920031));
#5429=DIRECTION('',(-1.,0.,0.));
#5430=DIRECTION('',(0.,0.,-1.));
#5431=DIRECTION('',(-1.,0.,0.));
#5432=DIRECTION('',(0.,0.,1.));
#5433=DIRECTION('',(1.,0.,0.));
#5434=DIRECTION('',(-1.,0.,0.));
#5435=DIRECTION('',(0.,0.,1.));
#5436=DIRECTION('',(-1.,0.,0.));
#5437=DIRECTION('',(0.,0.,1.));
#5438=DIRECTION('',(1.,0.,0.));
#5439=DIRECTION('',(-1.,0.,0.));
#5440=DIRECTION('',(0.,1.29249189433979E-36,1.));
#5441=DIRECTION('',(0.,1.,0.));
#5442=DIRECTION('',(-1.,0.,0.));
#5443=DIRECTION('',(-0.419058177516282,0.34921514796987,0.838116354860776));
#5444=DIRECTION('',(0.894427190965282,1.21953835918731E-11,0.447213595569225));
#5445=DIRECTION('',(0.419058177461747,0.349215147884789,0.838116354923494));
#5446=DIRECTION('',(-0.894427190999916,0.,0.447213595499958));
#5447=DIRECTION('',(0.419058177516284,0.349215147969868,0.838116354860776));
#5448=DIRECTION('',(0.894427190965282,-1.21952725695706E-11,-0.447213595569227));
#5449=DIRECTION('',(-0.419058177465016,-0.349215147889179,-0.83811635492003));
#5450=DIRECTION('',(0.419058177465016,0.349215147889179,0.83811635492003));
#5451=DIRECTION('',(2.85835118200724E-15,1.,0.));
#5452=DIRECTION('',(1.,-2.85835118200724E-15,0.));
#5453=DIRECTION('',(0.,-1.,0.));
#5454=DIRECTION('',(-1.,0.,0.));
#5455=DIRECTION('',(0.,1.,0.));
#5456=DIRECTION('',(0.,-1.,0.));
#5457=DIRECTION('',(1.,0.,0.));
#5458=DIRECTION('',(1.,-8.51873135524325E-16,0.));
#5459=DIRECTION('',(-8.51873135524325E-16,-1.,0.));
#5460=DIRECTION('',(1.,0.,0.));
#5461=DIRECTION('',(0.,-1.,-1.29246970711411E-36));
#5462=DIRECTION('',(1.,0.,0.));
#5463=DIRECTION('',(-1.,0.,0.));
#5464=DIRECTION('',(0.,1.,0.));
#5465=DIRECTION('',(1.,0.,0.));
#5466=DIRECTION('',(0.,-1.,0.));
#5467=DIRECTION('',(1.,0.,0.));
#5468=DIRECTION('',(0.,0.,-1.));
#5469=DIRECTION('',(-0.768221279593942,-0.640184399668601,0.));
#5470=DIRECTION('',(-2.56265968042028E-15,-1.,0.));
#5471=DIRECTION('',(-1.,2.56265968042028E-15,0.));
#5472=DIRECTION('',(0.,-1.,0.));
#5473=DIRECTION('',(-1.,0.,0.));
#5474=DIRECTION('',(0.,-1.,0.));
#5475=DIRECTION('',(0.,-1.,0.));
#5476=DIRECTION('',(0.,0.,1.));
#5477=DIRECTION('',(-1.,0.,0.));
#5478=DIRECTION('',(0.,0.,-1.));
#5479=DIRECTION('',(0.,0.,-1.));
#5480=DIRECTION('',(-1.,0.,0.));
#5481=DIRECTION('',(0.,0.,1.));
#5482=DIRECTION('',(0.,0.,-1.));
#5483=DIRECTION('',(-1.,0.,0.));
#5484=DIRECTION('',(0.,0.,1.));
#5485=DIRECTION('',(1.,0.,0.));
#5486=DIRECTION('',(1.,0.,0.));
#5487=DIRECTION('',(0.,-1.,0.));
#5488=DIRECTION('',(-1.,0.,0.));
#5489=DIRECTION('',(0.,1.,0.));
#5490=DIRECTION('',(-1.00080200537123E-15,-0.923076923076923,-0.384615384615385));
#5491=DIRECTION('',(0.,0.384615384615385,-0.923076923076923));
#5492=DIRECTION('',(1.,0.,0.));
#5493=DIRECTION('',(0.419058177465014,-0.34921514788918,0.838116354920031));
#5494=DIRECTION('',(-1.,0.,0.));
#5495=DIRECTION('',(0.419058177465016,0.349215147889179,-0.83811635492003));
#5496=DIRECTION('',(0.894427190999916,-2.29211249944706E-15,-0.447213595499958));
#5497=DIRECTION('',(3.5278932177324E-31,-1.,5.12531936084058E-15));
#5498=DIRECTION('',(-0.419058177465014,0.34921514788918,-0.838116354920031));
#5499=DIRECTION('',(0.,1.,0.));
#5500=DIRECTION('',(7.86344432791685E-16,0.923076923076923,-0.384615384615385));
#5501=DIRECTION('',(-1.,0.,-2.04449552525838E-15));
#5502=DIRECTION('',(-1.,0.,0.));
#5503=DIRECTION('',(-0.419058177465014,0.34921514788918,0.838116354920031));
#5504=DIRECTION('',(0.,0.,1.));
#5505=DIRECTION('',(1.,0.,0.));
#5506=DIRECTION('',(0.,0.,-1.));
#5507=DIRECTION('',(1.,0.,0.));
#5508=DIRECTION('',(0.,-1.,0.));
#5509=DIRECTION('',(0.,0.,-1.));
#5510=DIRECTION('',(-1.,0.,0.));
#5511=DIRECTION('',(0.,0.,1.));
#5512=DIRECTION('',(0.,1.,0.));
#5513=DIRECTION('',(1.,0.,0.));
#5514=DIRECTION('',(0.,0.,1.));
#5515=DIRECTION('',(-1.,0.,0.));
#5516=DIRECTION('',(-0.00769208012926549,0.,-0.999970415514022));
#5517=DIRECTION('',(1.,0.,0.));
#5518=DIRECTION('',(1.,0.,0.));
#5519=DIRECTION('',(0.,0.,1.));
#5520=DIRECTION('',(1.,0.,0.));
#5521=DIRECTION('',(-1.,0.,0.));
#5522=DIRECTION('',(0.,0.,1.));
#5523=DIRECTION('',(-0.999970415514098,0.,0.007692080119343));
#5524=DIRECTION('',(0.,1.,0.));
#5525=DIRECTION('',(0.00769208012926549,0.,0.999970415514022));
#5526=DIRECTION('',(0.,1.,0.));
#5527=DIRECTION('',(-0.00769208012926549,0.,-0.999970415514022));
#5528=DIRECTION('',(0.,1.,0.));
#5529=DIRECTION('',(0.00769208011934357,0.,0.999970415514098));
#5530=DIRECTION('',(-0.999970415514098,0.,0.00769208011934357));
#5531=DIRECTION('',(0.,0.,-1.));
#5532=DIRECTION('',(-1.,0.,0.));
#5533=DIRECTION('',(0.00769208012926549,0.,0.999970415514022));
#5534=DIRECTION('',(0.,0.,-1.));
#5535=DIRECTION('',(-1.,0.,0.));
#5536=DIRECTION('',(0.,0.,1.));
#5537=DIRECTION('',(1.,0.,0.));
#5538=DIRECTION('',(0.,-1.,0.));
#5539=DIRECTION('',(0.,0.,-1.));
#5540=DIRECTION('',(0.,0.,-1.));
#5541=DIRECTION('',(-1.,0.,0.));
#5542=DIRECTION('',(-0.00769208011934357,0.,-0.999970415514098));
#5543=DIRECTION('',(0.999970415514098,0.,-0.00769208011934357));
#5544=DIRECTION('',(0.,0.,-1.));
#5545=DIRECTION('',(1.,0.,0.));
#5546=DIRECTION('',(1.,-2.71050543121376E-15,0.));
#5547=DIRECTION('',(0.,0.,1.));
#5548=DIRECTION('',(0.,1.,0.));
#5549=DIRECTION('',(0.,0.,1.));
#5550=DIRECTION('',(0.,1.,0.));
#5551=DIRECTION('',(0.,0.,1.));
#5552=DIRECTION('',(0.,0.,1.));
#5553=DIRECTION('',(1.,0.,0.));
#5554=DIRECTION('',(0.,0.,-1.));
#5555=DIRECTION('',(-0.76822127959394,0.640184399668603,0.));
#5556=DIRECTION('',(0.,0.,-1.));
#5557=DIRECTION('',(0.768221279593942,0.6401843996686,0.));
#5558=DIRECTION('',(1.,0.,0.));
#5559=DIRECTION('',(0.,0.,-1.));
#5560=DIRECTION('',(0.76822127959394,-0.640184399668603,0.));
#5561=DIRECTION('',(-1.,0.,0.));
#5562=DIRECTION('',(1.,0.,0.));
#5563=DIRECTION('',(0.,0.,1.));
#5564=DIRECTION('',(1.,0.,0.));
#5565=DIRECTION('',(0.,-1.,0.));
#5566=DIRECTION('',(0.,0.,-1.));
#5567=DIRECTION('',(0.,-1.,0.));
#5568=DIRECTION('',(0.,0.,1.));
#5569=DIRECTION('',(0.,-1.,0.));
#5570=DIRECTION('',(0.,0.,-1.));
#5571=DIRECTION('',(0.,1.,0.));
#5572=DIRECTION('',(0.,-1.,0.));
#5573=DIRECTION('',(0.,-1.,0.));
#5574=DIRECTION('',(0.,0.,1.));
#5575=DIRECTION('',(0.,1.,0.));
#5576=DIRECTION('',(0.,-1.,0.));
#5577=DIRECTION('',(0.,0.,1.));
#5578=DIRECTION('',(1.,0.,0.));
#5579=DIRECTION('',(0.,1.,0.));
#5580=DIRECTION('',(-1.,0.,1.29248372009875E-36));
#5581=DIRECTION('',(1.,0.,0.));
#5582=DIRECTION('',(0.,1.,0.));
#5583=DIRECTION('',(0.,0.,1.));
#5584=DIRECTION('',(1.,0.,0.));
#5585=DIRECTION('',(-7.58941520739853E-16,-1.,0.));
#5586=DIRECTION('',(-1.,7.58941520739853E-16,0.));
#5587=DIRECTION('',(1.,0.,0.));
#5588=DIRECTION('',(0.,0.,1.));
#5589=DIRECTION('',(1.,0.,0.));
#5590=DIRECTION('',(-1.,0.,0.));
#5591=DIRECTION('',(-1.,0.,0.));
#5592=DIRECTION('',(0.,0.,-1.));
#5593=DIRECTION('',(1.,0.,0.));
#5594=DIRECTION('',(0.,1.,0.));
#5595=DIRECTION('',(0.,0.,-1.));
#5596=DIRECTION('',(1.,0.,0.));
#5597=DIRECTION('',(-1.,1.0842021724855E-15,0.));
#5598=DIRECTION('',(1.0842021724855E-15,1.,0.));
#5599=DIRECTION('',(1.,0.,0.));
#5600=DIRECTION('',(0.,1.29249948470647E-36,-1.));
#5601=DIRECTION('',(-1.,0.,0.));
#5602=DIRECTION('',(0.,-1.,0.));
#5603=DIRECTION('',(0.,0.,1.));
#5604=DIRECTION('',(1.,0.,0.));
#5605=DIRECTION('',(0.419058177485049,-0.349215147969869,0.838116354876393));
#5606=DIRECTION('',(-0.894427190979916,0.,0.447213595539958));
#5607=DIRECTION('',(0.,1.,0.));
#5608=DIRECTION('',(1.,0.,0.));
#5609=DIRECTION('',(0.,0.,1.));
#5610=DIRECTION('',(1.,0.,0.));
#5611=DIRECTION('',(0.,1.,0.));
#5612=DIRECTION('',(1.,0.,1.29247671360643E-36));
#5613=DIRECTION('',(-0.419058177516284,-0.349215147969868,0.838116354860776));
#5614=DIRECTION('',(0.894427190965282,-1.21952725695706E-11,0.447213595569227));
#5615=DIRECTION('',(-0.419058177461745,0.34921514788479,-0.838116354923494));
#5616=DIRECTION('',(0.894427190999917,0.,-0.447213595499956));
#5617=DIRECTION('',(-2.56265968042028E-15,-1.,0.));
#5618=DIRECTION('',(-1.,2.56265968042028E-15,0.));
#5619=DIRECTION('',(0.,0.,1.));
#5620=DIRECTION('',(1.,0.,0.));
#5621=DIRECTION('',(0.,0.,-1.));
#5622=DIRECTION('',(1.,0.,0.));
#5623=DIRECTION('',(0.,1.,0.));
#5624=DIRECTION('',(1.,0.,0.));
#5625=DIRECTION('',(0.,0.,1.));
#5626=DIRECTION('',(0.,0.,-1.));
#5627=DIRECTION('',(1.,0.,0.));
#5628=DIRECTION('',(0.,1.,-1.29246970711411E-36));
#5629=DIRECTION('',(0.,0.,1.));
#5630=DIRECTION('',(-1.,0.,0.));
#5631=DIRECTION('',(0.,0.,1.));
#5632=DIRECTION('',(0.,0.,-1.));
#5633=DIRECTION('',(1.,0.,0.));
#5634=DIRECTION('',(0.,0.,-1.));
#5635=DIRECTION('',(-1.,0.,0.));
#5636=DIRECTION('',(0.,0.,1.));
#5637=DIRECTION('',(0.,0.,-1.));
#5638=DIRECTION('',(1.,2.08976778206489E-30,3.02097439323991E-45));
#5639=DIRECTION('',(0.,-1.44560291299682E-15,1.));
#5640=DIRECTION('',(-0.419058177461747,-0.349215147884789,0.838116354923494));
#5641=DIRECTION('',(-0.894427190999916,0.,-0.447213595499958));
#5642=DIRECTION('',(1.,-8.51873135524325E-16,0.));
#5643=DIRECTION('',(-8.51873135524325E-16,-1.,0.));
#5644=DIRECTION('',(2.85835118200724E-15,1.,0.));
#5645=DIRECTION('',(1.,-2.85835118200724E-15,0.));
#5646=DIRECTION('',(7.82686055939374E-46,1.,8.49294668469103E-31));
#5647=DIRECTION('',(1.,0.,-9.21571846612679E-16));
#5648=DIRECTION('',(0.,0.,-1.));
#5649=DIRECTION('',(1.,0.,0.));
#5650=DIRECTION('',(-1.,1.0842021724855E-15,0.));
#5651=DIRECTION('',(1.0842021724855E-15,1.,0.));
#5652=DIRECTION('',(-1.,0.,0.));
#5653=DIRECTION('',(0.,-1.,0.));
#5654=DIRECTION('',(0.419058177461747,-0.34921514788479,-0.838116354923494));
#5655=DIRECTION('',(0.894427190999916,0.,0.447213595499958));
#5656=DIRECTION('',(0.,0.,1.));
#5657=DIRECTION('',(1.,0.,0.));
#5658=DIRECTION('',(0.,1.,0.));
#5659=DIRECTION('',(1.,0.,0.));
#5660=DIRECTION('',(-1.,0.,0.));
#5661=DIRECTION('',(0.,0.,1.));
#5662=DIRECTION('',(1.,0.,0.));
#5663=DIRECTION('',(-2.64486228935016E-30,0.,1.));
#5664=DIRECTION('',(1.,-2.31296463463574E-15,0.));
#5665=DIRECTION('',(0.,0.,1.));
#5666=DIRECTION('',(0.,1.,0.));
#5667=DIRECTION('',(0.,0.,-1.));
#5668=DIRECTION('',(0.,1.,0.));
#5669=DIRECTION('',(0.,0.,-1.));
#5670=DIRECTION('',(0.,0.,1.));
#5671=DIRECTION('',(1.,0.,0.));
#5672=DIRECTION('',(0.,0.,-1.));
#5673=DIRECTION('',(1.,0.,0.));
#5674=DIRECTION('',(-1.,-1.62630325872826E-15,0.));
#5675=DIRECTION('',(-1.62630325872826E-15,1.,0.));
#5676=DIRECTION('',(-1.62630325872826E-15,1.,0.));
#5677=DIRECTION('',(2.12412254817661E-46,-1.30610483424699E-31,1.));
#5678=DIRECTION('',(1.62630325872826E-15,-1.,0.));
#5679=DIRECTION('',(-8.26058798084193E-16,-1.,0.));
#5680=DIRECTION('',(-1.,8.26058798084193E-16,0.));
#5681=DIRECTION('',(-1.,8.26058798084193E-16,0.));
#5682=DIRECTION('',(0.,0.,-1.));
#5683=DIRECTION('',(-1.,8.26058798084193E-16,0.));
#5684=DIRECTION('',(0.,0.,-1.));
#5685=DIRECTION('',(-1.,1.95156391047391E-15,0.));
#5686=DIRECTION('',(0.,0.,1.));
#5687=DIRECTION('',(0.,1.,0.));
#5688=DIRECTION('',(0.,0.,1.));
#5689=DIRECTION('',(0.,1.,0.));
#5690=DIRECTION('',(0.,0.,-1.));
#5691=DIRECTION('',(0.,0.,1.));
#5692=DIRECTION('',(1.,0.,0.));
#5693=DIRECTION('',(0.,0.,1.));
#5694=DIRECTION('',(1.,0.,0.));
#5695=DIRECTION('',(0.,-1.,0.));
#5696=DIRECTION('',(-1.,0.,0.));
#5697=DIRECTION('',(1.,0.,0.));
#5698=DIRECTION('',(0.,-1.,0.));
#5699=DIRECTION('',(1.,0.,0.));
#5700=DIRECTION('',(0.,0.,1.));
#5701=DIRECTION('',(1.,0.,0.));
#5702=DIRECTION('',(-3.57148950936401E-16,-1.,0.));
#5703=DIRECTION('',(-1.,3.57148950936401E-16,0.));
#5704=DIRECTION('',(1.,0.,0.));
#5705=DIRECTION('',(0.,0.,-1.));
#5706=DIRECTION('',(-1.,0.,0.));
#5707=DIRECTION('',(0.,0.,-1.));
#5708=DIRECTION('',(4.55562677085993E-47,1.,1.27555373154972E-31));
#5709=DIRECTION('',(1.,0.,-3.57148950936401E-16));
#5710=DIRECTION('',(1.,0.,0.));
#5711=DIRECTION('',(0.,0.,1.));
#5712=DIRECTION('',(-1.,0.,0.));
#5713=DIRECTION('',(0.,0.,-1.));
#5714=DIRECTION('',(1.,-2.00160401074247E-15,0.));
#5715=DIRECTION('',(0.,0.,1.));
#5716=DIRECTION('',(0.,-1.,0.));
#5717=DIRECTION('',(0.,0.,1.));
#5718=DIRECTION('',(0.,1.,0.));
#5719=DIRECTION('',(0.,0.,-1.));
#5720=DIRECTION('',(-8.26058798084193E-16,-1.,0.));
#5721=DIRECTION('',(-1.,8.26058798084193E-16,0.));
#5722=DIRECTION('',(-1.,0.,0.));
#5723=DIRECTION('',(0.,0.,1.));
#5724=DIRECTION('',(-1.,0.,0.));
#5725=DIRECTION('',(0.,0.,-1.));
#5726=DIRECTION('',(0.,0.,-1.));
#5727=DIRECTION('',(0.,-1.,0.));
#5728=DIRECTION('',(0.,0.,1.));
#5729=DIRECTION('',(-1.,0.,0.));
#5730=DIRECTION('',(-1.38317289887044E-30,1.,0.));
#5731=DIRECTION('',(0.,0.,1.));
#5732=DIRECTION('',(-1.,0.,0.));
#5733=DIRECTION('',(-1.88079096131566E-29,1.,0.));
#5734=DIRECTION('',(4.55562677085993E-47,1.,1.27555373154972E-31));
#5735=DIRECTION('',(1.,0.,-3.57148950936401E-16));
#5736=DIRECTION('',(-1.,0.,0.));
#5737=DIRECTION('',(0.,0.,-1.));
#5738=DIRECTION('',(1.,0.,0.));
#5739=DIRECTION('',(0.,0.,1.));
#5740=DIRECTION('',(-1.,0.,0.));
#5741=DIRECTION('',(0.,0.,1.));
#5742=DIRECTION('',(0.,0.,1.));
#5743=DIRECTION('',(1.,0.,0.));
#5744=DIRECTION('',(0.,0.,1.));
#5745=DIRECTION('',(0.,0.,-1.));
#5746=DIRECTION('',(1.,0.,0.));
#5747=DIRECTION('',(0.,0.,1.));
#5748=DIRECTION('',(0.,-1.,0.));
#5749=DIRECTION('',(0.,0.,-1.));
#5750=DIRECTION('',(1.,0.,0.));
#5751=DIRECTION('',(-2.64486228935016E-30,0.,1.));
#5752=DIRECTION('',(-1.,0.,0.));
#5753=DIRECTION('',(0.,0.,1.));
#5754=DIRECTION('',(1.,4.30134816005765E-45,2.64486228935016E-30));
#5755=DIRECTION('',(0.,1.,-1.62630325872826E-15));
#5756=DIRECTION('',(4.30134816005765E-45,-1.,0.));
#5757=DIRECTION('',(-2.64486228935016E-30,9.55855146679477E-46,1.));
#5758=DIRECTION('',(-4.30134816005765E-45,1.,0.));
#5759=DIRECTION('',(-3.61400724161835E-16,-1.,0.));
#5760=DIRECTION('',(-1.,3.61400724161835E-16,0.));
#5761=DIRECTION('',(-1.,0.,0.));
#5762=DIRECTION('',(0.,0.,1.));
#5763=DIRECTION('',(1.,-3.61400724161835E-16,0.));
#5764=DIRECTION('',(0.,1.,0.));
#5765=DIRECTION('',(1.,0.,0.));
#5766=DIRECTION('',(1.,0.,0.));
#5767=DIRECTION('',(1.,0.,0.));
#5768=DIRECTION('',(0.,0.,-1.));
#5769=DIRECTION('',(1.,0.,0.));
#5770=DIRECTION('',(0.,0.,-1.));
#5771=DIRECTION('',(-1.,0.,0.));
#5772=DIRECTION('',(0.,0.,-1.));
#5773=DIRECTION('',(0.,0.,1.));
#5774=DIRECTION('',(-1.,0.,0.));
#5775=DIRECTION('',(0.,0.,-1.));
#5776=DIRECTION('',(1.,0.,0.));
#5777=DIRECTION('',(0.,0.,1.));
#5778=DIRECTION('',(0.,0.,1.));
#5779=DIRECTION('',(-1.,0.,0.));
#5780=DIRECTION('',(0.,0.,1.));
#5781=DIRECTION('',(0.,0.,1.));
#5782=DIRECTION('',(1.,0.,0.));
#5783=DIRECTION('',(0.,0.,1.));
#5784=DIRECTION('',(0.,-1.,0.));
#5785=DIRECTION('',(0.,0.,-1.));
#5786=DIRECTION('',(1.,0.,0.));
#5787=DIRECTION('',(0.,0.,1.));
#5788=DIRECTION('',(-2.84380897701116E-16,-1.,0.));
#5789=DIRECTION('',(-1.,2.84380897701116E-16,0.));
#5790=DIRECTION('',(-1.,0.,0.));
#5791=DIRECTION('',(-1.,0.,0.));
#5792=DIRECTION('',(0.,0.,-1.));
#5793=DIRECTION('',(-1.,0.,0.));
#5794=DIRECTION('',(0.,0.,-1.));
#5795=DIRECTION('',(1.,0.,0.));
#5796=DIRECTION('',(0.,0.,-1.));
#5797=DIRECTION('',(0.,0.,1.));
#5798=DIRECTION('',(1.,0.,0.));
#5799=DIRECTION('',(0.,-1.,0.));
#5800=DIRECTION('',(0.,0.,1.));
#5801=DIRECTION('',(1.,0.,0.));
#5802=DIRECTION('',(0.,1.,0.));
#5803=DIRECTION('',(0.,0.,1.));
#5804=DIRECTION('',(1.,0.,0.));
#5805=DIRECTION('',(-0.707106781186547,0.707106781186548,0.));
#5806=DIRECTION('',(0.,0.,1.));
#5807=DIRECTION('',(1.,0.,0.));
#5808=DIRECTION('',(0.,-1.,0.));
#5809=DIRECTION('',(1.,0.,0.));
#5810=DIRECTION('',(0.,0.,-1.));
#5811=DIRECTION('',(1.,0.,0.));
#5812=DIRECTION('',(0.,-1.,0.));
#5813=DIRECTION('',(0.,0.,-1.));
#5814=DIRECTION('',(1.,0.,0.));
#5815=DIRECTION('',(0.,-1.,0.));
#5816=DIRECTION('',(0.,0.,1.));
#5817=DIRECTION('',(1.,0.,0.));
#5818=DIRECTION('',(0.707106781186548,0.707106781186547,0.));
#5819=DIRECTION('',(0.,0.,-1.));
#5820=DIRECTION('',(1.,0.,0.));
#5821=DIRECTION('',(-1.,0.,0.));
#5822=DIRECTION('',(0.,0.,-1.));
#5823=DIRECTION('',(1.,0.,0.));
#5824=DIRECTION('',(0.707106781186547,-0.707106781186548,0.));
#5825=DIRECTION('',(0.,0.,1.));
#5826=DIRECTION('',(1.,0.,0.));
#5827=DIRECTION('',(0.,0.,-1.));
#5828=DIRECTION('',(1.,0.,0.));
#5829=DIRECTION('',(0.,0.,-1.));
#5830=DIRECTION('',(1.,0.,0.));
#5831=DIRECTION('',(1.,0.,0.));
#5832=DIRECTION('',(0.,1.,0.));
#5833=DIRECTION('',(1.,0.,0.));
#5834=DIRECTION('',(0.,0.,1.));
#5835=DIRECTION('',(1.,0.,0.));
#5836=DIRECTION('',(-0.707106781186548,-0.707106781186547,0.));
#5837=DIRECTION('',(0.,0.,-1.));
#5838=DIRECTION('',(1.,0.,0.));
#5839=DIRECTION('',(1.,0.,0.));
#5840=DIRECTION('',(0.,0.,-1.));
#5841=DIRECTION('',(1.,0.,0.));
#5842=DIRECTION('',(-3.57148950936401E-16,-1.,0.));
#5843=DIRECTION('',(-1.,3.57148950936401E-16,0.));
#5844=DIRECTION('',(-1.,0.,0.));
#5845=DIRECTION('',(0.,0.,1.));
#5846=DIRECTION('',(0.,0.,-1.));
#5847=DIRECTION('',(-1.,1.83480367651393E-15,0.));
#5848=DIRECTION('',(0.,0.,1.));
#5849=DIRECTION('',(0.,1.,0.));
#5850=DIRECTION('',(0.,0.,1.));
#5851=DIRECTION('',(0.,1.,0.));
#5852=DIRECTION('',(0.,0.,-1.));
#5853=DIRECTION('',(1.,-2.00160401074247E-15,0.));
#5854=DIRECTION('',(0.,0.,1.));
#5855=DIRECTION('',(0.,-1.,0.));
#5856=DIRECTION('',(0.,0.,-1.));
#5857=DIRECTION('',(-1.,1.83480367651393E-15,0.));
#5858=DIRECTION('',(0.,0.,1.));
#5859=DIRECTION('',(0.,0.,1.));
#5860=DIRECTION('',(0.,1.,0.));
#5861=DIRECTION('',(0.,1.,0.));
#5862=DIRECTION('',(0.,0.,-1.));
#5863=DIRECTION('',(1.,0.,0.));
#5864=DIRECTION('',(0.,0.,1.));
#5865=DIRECTION('',(1.,0.,0.));
#5866=DIRECTION('',(0.,0.,-1.));
#5867=DIRECTION('',(1.,0.,0.));
#5868=DIRECTION('',(-1.,0.,1.17608371252664E-15));
#5869=DIRECTION('',(0.,1.,0.));
#5870=DIRECTION('',(0.,1.,0.));
#5871=DIRECTION('',(0.,0.,-1.));
#5872=DIRECTION('',(-0.707106781186548,-0.707106781186547,0.));
#5873=DIRECTION('',(-0.707106781186547,0.707106781186548,0.));
#5874=DIRECTION('',(0.,0.,-1.));
#5875=DIRECTION('',(0.707106781186547,-0.707106781186548,0.));
#5876=DIRECTION('',(0.,0.,1.));
#5877=DIRECTION('',(0.707106781186548,0.707106781186547,0.));
#5878=DIRECTION('',(0.,0.,-1.));
#5879=DIRECTION('',(0.,0.,-1.));
#5880=DIRECTION('',(-0.707106781186547,0.707106781186548,0.));
#5881=DIRECTION('',(0.,0.,1.));
#5882=DIRECTION('',(1.,1.88079096131566E-29,8.15663058499817E-44));
#5883=DIRECTION('',(0.,-4.33680868994202E-15,1.));
#5884=DIRECTION('',(0.,1.,0.));
#5885=DIRECTION('',(0.,0.,-1.));
#5886=DIRECTION('',(1.,4.30134816005765E-45,2.64486228935016E-30));
#5887=DIRECTION('',(0.,1.,-1.62630325872826E-15));
#5888=DIRECTION('',(4.30134816005765E-45,-1.,0.));
#5889=DIRECTION('',(-2.64486228935016E-30,9.55855146679477E-46,1.));
#5890=DIRECTION('',(-4.30134816005765E-45,1.,0.));
#5891=DIRECTION('',(-2.64486228935016E-30,-1.30610483424699E-31,1.));
#5892=DIRECTION('',(0.,1.,0.));
#5893=DIRECTION('',(1.,0.,0.));
#5894=DIRECTION('',(1.,0.,0.));
#5895=DIRECTION('',(0.,0.,-1.));
#5896=DIRECTION('',(-1.,-1.62630325872826E-15,0.));
#5897=DIRECTION('',(-1.62630325872826E-15,1.,0.));
#5898=DIRECTION('',(-1.62630325872826E-15,1.,0.));
#5899=DIRECTION('',(1.62630325872826E-15,-1.,0.));
#5900=DIRECTION('',(0.,0.,-1.));
#5901=DIRECTION('',(1.,0.,0.));
#5902=DIRECTION('',(0.,0.,1.));
#5903=DIRECTION('',(0.,0.,1.));
#5904=DIRECTION('',(1.,0.,0.));
#5905=DIRECTION('',(0.,0.,-1.));
#5906=DIRECTION('',(0.,-1.,0.));
#5907=DIRECTION('',(0.,1.,0.));
#5908=DIRECTION('',(0.,0.,1.));
#5909=DIRECTION('',(-1.,0.,0.));
#5910=DIRECTION('',(0.,0.,-1.));
#5911=DIRECTION('',(1.,0.,0.));
#5912=DIRECTION('',(0.,0.,1.));
#5913=DIRECTION('',(1.,0.,0.));
#5914=DIRECTION('',(0.,-1.,0.));
#5915=DIRECTION('',(0.,0.,-1.));
#5916=DIRECTION('',(1.,0.,0.));
#5917=DIRECTION('',(1.,0.,0.));
#5918=DIRECTION('',(0.,0.,-1.));
#5919=DIRECTION('',(0.,0.,1.));
#5920=DIRECTION('',(-1.,0.,0.));
#5921=DIRECTION('',(0.,0.,-1.));
#5922=DIRECTION('',(0.,0.,-1.));
#5923=DIRECTION('',(1.,0.,0.));
#5924=DIRECTION('',(0.,0.,-1.));
#5925=DIRECTION('',(1.,0.,0.));
#5926=DIRECTION('',(0.,0.,1.));
#5927=DIRECTION('',(0.,0.,1.));
#5928=DIRECTION('',(1.,0.,0.));
#5929=DIRECTION('',(0.,0.,-1.));
#5930=DIRECTION('',(0.,0.,1.));
#5931=DIRECTION('',(-1.,0.,0.));
#5932=DIRECTION('',(0.,0.,-1.));
#5933=DIRECTION('',(1.,0.,0.));
#5934=DIRECTION('',(0.,0.,-1.));
#5935=DIRECTION('',(1.,0.,0.));
#5936=DIRECTION('',(0.,0.,1.));
#5937=DIRECTION('',(0.,0.,1.));
#5938=DIRECTION('',(1.,0.,0.));
#5939=DIRECTION('',(0.,0.,1.));
#5940=DIRECTION('',(-1.,0.,0.));
#5941=DIRECTION('',(0.,0.,1.));
#5942=DIRECTION('',(1.,0.,0.));
#5943=DIRECTION('',(0.,0.,1.));
#5944=DIRECTION('',(0.,0.,1.));
#5945=DIRECTION('',(-1.,0.,0.));
#5946=DIRECTION('',(0.,0.,1.));
#5947=DIRECTION('',(1.,-1.95156391047391E-15,0.));
#5948=DIRECTION('',(0.,0.,1.));
#5949=DIRECTION('',(0.,-1.,0.));
#5950=DIRECTION('',(0.,0.,-1.));
#5951=DIRECTION('',(0.,0.,-1.));
#5952=DIRECTION('',(1.,0.,0.));
#5953=DIRECTION('',(0.,0.,-1.));
#5954=DIRECTION('',(1.,0.,0.));
#5955=DIRECTION('',(0.,0.,-1.));
#5956=DIRECTION('',(0.,0.,-1.));
#5957=DIRECTION('',(1.,0.,0.));
#5958=DIRECTION('',(0.,0.,1.));
#5959=DIRECTION('',(0.,0.,1.));
#5960=DIRECTION('',(1.,0.,0.));
#5961=DIRECTION('',(0.,0.,-1.));
#5962=DIRECTION('',(0.,0.,1.));
#5963=DIRECTION('',(-1.,0.,0.));
#5964=DIRECTION('',(0.707106781186547,-0.707106781186548,0.));
#5965=DIRECTION('',(0.,0.,-1.));
#5966=DIRECTION('',(0.,0.,-1.));
#5967=DIRECTION('',(0.707106781186548,0.707106781186547,0.));
#5968=DIRECTION('',(1.,1.38317289887044E-30,1.62672711796979E-45));
#5969=DIRECTION('',(0.,-1.17608371252664E-15,1.));
#5970=DIRECTION('',(0.,0.,1.));
#5971=DIRECTION('',(-1.,0.,0.));
#5972=DIRECTION('',(0.,0.,-1.));
#5973=DIRECTION('',(1.,0.,0.));
#5974=DIRECTION('',(0.,0.,-1.));
#5975=DIRECTION('',(0.,-1.,0.));
#5976=DIRECTION('',(1.62630325872826E-15,-1.,0.));
#5977=DIRECTION('',(-1.,4.72027232928135E-47,0.));
#5978=DIRECTION('',(1.,-3.61400724161835E-16,0.));
#5979=DIRECTION('',(0.,0.,-1.));
#5980=DIRECTION('',(1.,0.,0.));
#5981=DIRECTION('',(0.,0.,-1.));
#5982=DIRECTION('',(1.,0.,0.));
#5983=DIRECTION('',(0.,0.,-1.));
#5984=DIRECTION('',(0.,-1.,0.));
#5985=DIRECTION('',(-3.61400724161835E-16,-1.,0.));
#5986=DIRECTION('',(-1.,3.61400724161835E-16,0.));
#5987=DIRECTION('',(-1.,0.,0.));
#5988=DIRECTION('',(0.,0.,1.));
#5989=DIRECTION('',(0.,1.,0.));
#5990=DIRECTION('',(1.,0.,0.));
#5991=DIRECTION('',(-1.,0.,0.));
#5992=DIRECTION('',(0.,0.,-1.));
#5993=DIRECTION('',(-1.,0.,0.));
#5994=DIRECTION('',(0.,0.,1.));
#5995=DIRECTION('',(-1.,0.,0.));
#5996=DIRECTION('',(0.,0.,-1.));
#5997=DIRECTION('',(0.,0.,-1.));
#5998=DIRECTION('',(1.,0.,0.));
#5999=DIRECTION('',(1.,4.30134816005765E-45,2.64486228935016E-30));
#6000=DIRECTION('',(0.,1.,-1.62630325872826E-15));
#6001=DIRECTION('',(0.,-1.,0.));
#6002=DIRECTION('',(0.,1.,0.));
#6003=DIRECTION('',(0.,0.,1.));
#6004=DIRECTION('',(0.,0.,1.));
#6005=DIRECTION('',(1.,0.,0.));
#6006=DIRECTION('',(1.,0.,0.));
#6007=DIRECTION('',(-1.,0.,0.));
#6008=DIRECTION('',(-1.,0.,0.));
#6009=DIRECTION('',(-0.707106781186548,-0.707106781186547,0.));
#6010=DIRECTION('',(0.,-1.,0.));
#6011=DIRECTION('',(0.,0.,-1.));
#6012=DIRECTION('',(0.,-1.,0.));
#6013=DIRECTION('',(0.,-1.,0.));
#6014=DIRECTION('',(0.,1.,0.));
#6015=DIRECTION('',(1.,0.,0.));
#6016=DIRECTION('',(0.,1.,0.));
#6017=DIRECTION('',(1.,0.,0.));
#6018=DIRECTION('',(0.,0.,-1.));
#6019=DIRECTION('',(0.,-1.,0.));
#6020=DIRECTION('',(-1.,0.,0.));
#6021=DIRECTION('',(4.72027232928135E-47,1.,1.30610483424699E-31));
#6022=DIRECTION('',(1.,0.,-3.61400724161835E-16));
#6023=DIRECTION('',(4.72027232928135E-47,1.,1.30610483424699E-31));
#6024=DIRECTION('',(1.,0.,-3.61400724161835E-16));
#6025=DIRECTION('',(0.,0.,1.));
#6026=DIRECTION('',(0.,0.,1.));
#6027=DIRECTION('',(1.,0.,0.));
#6028=DIRECTION('',(-1.,-1.62630325872826E-15,0.));
#6029=DIRECTION('',(-1.62630325872826E-15,1.,0.));
#6030=DIRECTION('',(0.,1.,0.));
#6031=DIRECTION('',(1.,0.,0.));
#6032=DIRECTION('',(0.,1.,0.));
#6033=DIRECTION('',(1.,0.,0.));
#6034=DIRECTION('',(-1.,2.31296463463574E-15,0.));
#6035=DIRECTION('',(0.,0.,1.));
#6036=DIRECTION('',(0.,-1.,0.));
#6037=DIRECTION('',(0.,0.,1.));
#6038=DIRECTION('',(1.,0.,0.));
#6039=DIRECTION('',(0.,0.,1.));
#6040=DIRECTION('',(1.,0.,0.));
#6041=DIRECTION('',(2.26256498926349E-47,1.,7.9995834838568E-32));
#6042=DIRECTION('',(1.,0.,-2.82835349344045E-16));
#6043=DIRECTION('',(-2.82835349344045E-16,-1.,0.));
#6044=DIRECTION('',(-1.,2.82835349344045E-16,0.));
#6045=DIRECTION('',(-0.707106781186547,0.707106781186548,0.));
#6046=DIRECTION('',(0.,0.,1.));
#6047=DIRECTION('',(-1.,0.,4.33680868994202E-15));
#6048=DIRECTION('',(0.,1.,0.));
#6049=DIRECTION('',(0.,1.,0.));
#6050=DIRECTION('',(0.,0.,1.));
#6051=DIRECTION('',(1.,0.,0.));
#6052=DIRECTION('',(0.,-1.,0.));
#6053=DIRECTION('',(0.,0.,1.));
#6054=DIRECTION('',(1.,0.,0.));
#6055=DIRECTION('',(0.,1.,0.));
#6056=DIRECTION('',(0.,0.,1.));
#6057=DIRECTION('',(-1.,0.,0.));
#6058=DIRECTION('',(1.,-6.19544098563146E-16,0.));
#6059=DIRECTION('',(0.,0.,1.));
#6060=DIRECTION('',(-1.,4.95635278850516E-16,0.));
#6061=DIRECTION('',(0.,0.,1.));
#6062=DIRECTION('',(0.,0.,1.));
#6063=DIRECTION('',(1.,0.,0.));
#6064=DIRECTION('',(0.,-1.,0.));
#6065=DIRECTION('',(0.,0.,-1.));
#6066=DIRECTION('',(-1.,0.,0.));
#6067=DIRECTION('',(0.,0.,-1.));
#6068=DIRECTION('',(-1.,0.,0.));
#6069=DIRECTION('',(0.,0.,-1.));
#6070=DIRECTION('',(0.,1.,0.));
#6071=DIRECTION('',(1.,0.,0.));
#6072=DIRECTION('',(-1.,0.,0.));
#6073=DIRECTION('',(0.,0.,1.));
#6074=DIRECTION('',(-1.,0.,0.));
#6075=DIRECTION('',(0.,0.,1.));
#6076=DIRECTION('',(0.,0.,1.));
#6077=DIRECTION('',(1.,0.,0.));
#6078=DIRECTION('',(0.,-1.,0.));
#6079=DIRECTION('',(1.,0.,0.));
#6080=DIRECTION('',(0.,1.,0.));
#6081=DIRECTION('',(0.,0.,1.));
#6082=DIRECTION('',(1.,0.,0.));
#6083=DIRECTION('',(0.,-1.,0.));
#6084=DIRECTION('',(0.,1.,0.));
#6085=DIRECTION('',(1.,0.,0.));
#6086=DIRECTION('',(0.,0.,1.));
#6087=DIRECTION('',(1.,0.,0.));
#6088=DIRECTION('',(0.,-1.,0.));
#6089=DIRECTION('',(1.,0.,0.));
#6090=DIRECTION('',(0.,1.,0.));
#6091=DIRECTION('',(0.,-1.,0.));
#6092=DIRECTION('',(0.,1.,0.));
#6093=DIRECTION('',(1.,0.,0.));
#6094=DIRECTION('',(1.,-5.42101086242752E-16,0.));
#6095=DIRECTION('',(0.,0.,1.));
#6096=DIRECTION('',(0.,0.,-1.));
#6097=DIRECTION('',(-1.,8.13151629364129E-16,0.));
#6098=DIRECTION('',(0.,0.,1.));
#6099=DIRECTION('',(0.,0.,-1.));
#6100=DIRECTION('',(0.,1.,0.));
#6101=DIRECTION('',(1.,0.,0.));
#6102=DIRECTION('',(-1.,2.02384405530627E-15,0.));
#6103=DIRECTION('',(0.,0.,1.));
#6104=DIRECTION('',(0.,0.,1.));
#6105=DIRECTION('',(1.,-2.02384405530627E-15,0.));
#6106=DIRECTION('',(0.,0.,1.));
#6107=DIRECTION('',(0.,0.,1.));
#6108=DIRECTION('',(0.,-1.,0.));
#6109=DIRECTION('',(0.,0.,-1.));
#6110=DIRECTION('',(0.,0.,1.));
#6111=DIRECTION('',(1.,0.,0.));
#6112=DIRECTION('',(0.,0.,1.));
#6113=DIRECTION('',(1.,0.,0.));
#6114=DIRECTION('',(0.,-1.,0.));
#6115=DIRECTION('',(1.,0.,0.));
#6116=DIRECTION('',(0.,1.,0.));
#6117=DIRECTION('',(-1.,0.,0.));
#6118=DIRECTION('',(0.,0.,1.));
#6119=DIRECTION('',(1.,0.,0.));
#6120=DIRECTION('',(0.,-1.,0.));
#6121=DIRECTION('',(1.,0.,0.));
#6122=DIRECTION('',(0.,1.,0.));
#6123=DIRECTION('',(-1.,0.,0.));
#6124=DIRECTION('',(0.,-1.,0.));
#6125=DIRECTION('',(-1.,0.,0.));
#6126=DIRECTION('',(0.,1.,0.));
#6127=DIRECTION('',(1.,0.,0.));
#6128=DIRECTION('',(-1.,2.02384405530627E-15,0.));
#6129=DIRECTION('',(0.,0.,1.));
#6130=DIRECTION('',(0.,0.,1.));
#6131=DIRECTION('',(0.,-1.,0.));
#6132=DIRECTION('',(0.,0.,1.));
#6133=DIRECTION('',(1.,-2.02384405530627E-15,0.));
#6134=DIRECTION('',(0.,0.,1.));
#6135=DIRECTION('',(0.,0.,1.));
#6136=DIRECTION('',(0.,1.,0.));
#6137=DIRECTION('',(0.,0.,1.));
#6138=DIRECTION('',(1.,-5.42101086242752E-16,0.));
#6139=DIRECTION('',(0.,0.,1.));
#6140=DIRECTION('',(0.,0.,-1.));
#6141=DIRECTION('',(0.,0.,-1.));
#6142=DIRECTION('',(0.,1.,0.));
#6143=DIRECTION('',(1.,0.,0.));
#6144=DIRECTION('',(-1.,0.,0.));
#6145=DIRECTION('',(0.,-1.,0.));
#6146=DIRECTION('',(0.,0.,-1.));
#6147=DIRECTION('',(0.,0.,-1.));
#6148=DIRECTION('',(0.,1.,0.));
#6149=DIRECTION('',(1.,0.,0.));
#6150=DIRECTION('',(0.,0.,-1.));
#6151=DIRECTION('',(-1.,8.13151629364129E-16,0.));
#6152=DIRECTION('',(0.,0.,1.));
#6153=DIRECTION('',(0.,-1.,0.));
#6154=DIRECTION('',(0.,0.,-1.));
#6155=DIRECTION('',(1.,0.,0.));
#6156=DIRECTION('',(0.,0.,1.));
#6157=DIRECTION('',(1.,0.,0.));
#6158=DIRECTION('',(0.,0.,1.));
#6159=DIRECTION('',(1.,0.,0.));
#6160=DIRECTION('',(0.366265005001796,0.,0.930510583556702));
#6161=DIRECTION('',(-0.930510583556702,0.,0.366265005001796));
#6162=DIRECTION('',(-0.366265005007046,0.,-0.930510583554636));
#6163=DIRECTION('',(0.366265005007046,0.,0.930510583554636));
#6164=DIRECTION('',(-0.952779693804649,0.,-0.303662403128077));
#6165=DIRECTION('',(-0.303662403128077,0.,0.952779693804649));
#6166=DIRECTION('',(0.,-1.,0.));
#6167=DIRECTION('',(-0.303662403128077,0.,0.952779693804649));
#6168=DIRECTION('',(0.,-1.,0.));
#6169=DIRECTION('',(-0.303662403128077,0.,0.952779693804649));
#6170=DIRECTION('',(0.,1.,0.));
#6171=DIRECTION('',(1.,0.,0.));
#6172=DIRECTION('',(0.,1.,0.));
#6173=DIRECTION('',(0.,0.,-1.));
#6174=DIRECTION('',(0.,1.,0.));
#6175=DIRECTION('',(0.,0.,-1.));
#6176=DIRECTION('',(-0.930510583556702,0.,0.366265005001796));
#6177=DIRECTION('',(0.,1.,0.));
#6178=DIRECTION('',(0.,-1.,0.));
#6179=DIRECTION('',(0.366265005007046,0.,0.930510583554636));
#6180=DIRECTION('',(0.,-1.,0.));
#6181=DIRECTION('',(0.,-1.,0.));
#6182=DIRECTION('',(0.,0.,-1.));
#6183=DIRECTION('',(0.,1.,0.));
#6184=DIRECTION('',(0.,0.,-1.));
#6185=DIRECTION('',(-0.366265005007046,0.,-0.930510583554636));
#6186=DIRECTION('',(0.,1.,0.));
#6187=DIRECTION('',(-1.,0.,0.));
#6188=DIRECTION('',(0.,1.,0.));
#6189=DIRECTION('',(1.,0.,0.));
#6190=DIRECTION('',(0.303662403128078,0.,0.952779693804649));
#6191=DIRECTION('',(0.,1.,0.));
#6192=DIRECTION('',(0.,0.,-1.));
#6193=DIRECTION('',(-0.303662403134267,0.,0.952779693802677));
#6194=DIRECTION('',(0.,1.,0.));
#6195=DIRECTION('',(0.,0.,-1.));
#6196=DIRECTION('',(0.,1.,0.));
#6197=DIRECTION('',(1.,0.,0.));
#6198=DIRECTION('',(-0.303662403134267,0.,0.952779693802677));
#6199=DIRECTION('',(0.,-1.,0.));
#6200=DIRECTION('',(0.,0.,-1.));
#6201=DIRECTION('',(0.,-1.,0.));
#6202=DIRECTION('',(0.,0.,-1.));
#6203=DIRECTION('',(-0.952779693804649,0.,0.303662403128078));
#6204=DIRECTION('',(0.,1.,0.));
#6205=DIRECTION('',(0.303662403128078,0.,0.952779693804649));
#6206=DIRECTION('',(0.,1.,0.));
#6207=DIRECTION('',(0.,1.,0.));
#6208=DIRECTION('',(0.,1.,0.));
#6209=DIRECTION('',(1.,0.,0.));
#6210=DIRECTION('',(0.,-1.,0.));
#6211=DIRECTION('',(0.,0.,-1.));
#6212=DIRECTION('',(0.,-1.,0.));
#6213=DIRECTION('',(0.,0.,-1.));
#6214=DIRECTION('',(0.,-1.,0.));
#6215=DIRECTION('',(0.,0.,-1.));
#6216=DIRECTION('',(0.,-1.,0.));
#6217=DIRECTION('',(-1.,0.,0.));
#6218=DIRECTION('',(0.,-1.,0.));
#6219=DIRECTION('',(0.,0.,-1.));
#6220=DIRECTION('',(-0.366265005001796,0.,-0.930510583556702));
#6221=DIRECTION('',(0.930510583556702,0.,-0.366265005001796));
#6222=DIRECTION('',(-0.952779693804649,0.,-0.303662403128077));
#6223=DIRECTION('',(-0.303662403128077,0.,0.952779693804649));
#6224=DIRECTION('',(0.,-1.,0.));
#6225=DIRECTION('',(0.,-1.,0.));
#6226=DIRECTION('',(0.366265005001796,0.,-0.930510583556702));
#6227=DIRECTION('',(0.930510583556702,0.,0.366265005001796));
#6228=DIRECTION('',(0.366265005007046,0.,-0.930510583554636));
#6229=DIRECTION('',(-0.366265005007046,0.,0.930510583554636));
#6230=DIRECTION('',(0.,1.,0.));
#6231=DIRECTION('',(1.,0.,0.));
#6232=DIRECTION('',(0.303662403134267,0.,0.952779693802677));
#6233=DIRECTION('',(0.,1.,0.));
#6234=DIRECTION('',(0.,0.,-1.));
#6235=DIRECTION('',(0.,1.,0.));
#6236=DIRECTION('',(0.,0.,-1.));
#6237=DIRECTION('',(-0.952779693804649,0.,0.303662403128078));
#6238=DIRECTION('',(0.,1.,0.));
#6239=DIRECTION('',(0.303662403134267,0.,0.952779693802677));
#6240=DIRECTION('',(0.,1.,0.));
#6241=DIRECTION('',(0.,1.,0.));
#6242=DIRECTION('',(0.,1.,0.));
#6243=DIRECTION('',(1.,0.,0.));
#6244=DIRECTION('',(0.,-1.,0.));
#6245=DIRECTION('',(0.,0.,-1.));
#6246=DIRECTION('',(0.,-1.,0.));
#6247=DIRECTION('',(0.,0.,-1.));
#6248=DIRECTION('',(0.,-1.,0.));
#6249=DIRECTION('',(0.,0.,-1.));
#6250=DIRECTION('',(0.,-1.,0.));
#6251=DIRECTION('',(0.,0.,-1.));
#6252=DIRECTION('',(0.,-1.,0.));
#6253=DIRECTION('',(-1.,0.,0.));
#6254=DIRECTION('',(-0.930510583556702,0.,-0.366265005001796));
#6255=DIRECTION('',(-0.366265005001796,0.,0.930510583556702));
#6256=DIRECTION('',(0.,1.,0.));
#6257=DIRECTION('',(0.,1.,0.));
#6258=DIRECTION('',(0.366265005007046,0.,-0.930510583554636));
#6259=DIRECTION('',(0.,-1.,0.));
#6260=DIRECTION('',(0.,0.,-1.));
#6261=DIRECTION('',(0.,1.,0.));
#6262=DIRECTION('',(-1.,0.,0.));
#6263=DIRECTION('',(-0.366265005007046,0.,0.930510583554636));
#6264=DIRECTION('',(0.,1.,0.));
#6265=DIRECTION('',(0.,0.,-1.));
#6266=DIRECTION('',(0.,1.,0.));
#6267=DIRECTION('',(0.,0.,-1.));
#6268=DIRECTION('',(0.,1.,0.));
#6269=DIRECTION('',(0.,0.,-1.));
#6270=DIRECTION('',(-0.366265005001796,0.,0.930510583556702));
#6271=DIRECTION('',(-0.930510583556702,0.,-0.366265005001796));
#6272=DIRECTION('',(0.,0.,1.));
#6273=DIRECTION('',(1.,0.,0.));
#6274=DIRECTION('',(3.62314697066628E-43,1.,5.08226493581264E-29));
#6275=DIRECTION('',(1.,0.,-7.12900058620606E-15));
#6276=DIRECTION('',(1.,0.,0.));
#6277=DIRECTION('',(0.,0.,-1.));
#6278=DIRECTION('',(1.,0.,0.));
#6279=DIRECTION('',(0.,0.,-1.));
#6280=DIRECTION('',(-1.,-3.0327333496098E-15,0.));
#6281=DIRECTION('',(-3.0327333496098E-15,1.,0.));
#6282=DIRECTION('',(0.,1.,0.));
#6283=DIRECTION('',(0.,0.,-1.));
#6284=DIRECTION('',(0.,1.,0.));
#6285=DIRECTION('',(0.,0.,-1.));
#6286=DIRECTION('',(0.,0.,1.));
#6287=DIRECTION('',(-1.,0.,0.));
#6288=DIRECTION('',(0.,0.,-1.));
#6289=DIRECTION('',(-1.,0.,0.));
#6290=DIRECTION('',(0.,0.,-1.));
#6291=DIRECTION('',(-1.,0.,0.));
#6292=DIRECTION('',(0.,0.,-1.));
#6293=DIRECTION('',(0.,0.,1.));
#6294=DIRECTION('',(-1.,0.,0.));
#6295=DIRECTION('',(0.,0.,-1.));
#6296=DIRECTION('',(1.,0.,0.));
#6297=DIRECTION('',(0.,0.,-1.));
#6298=DIRECTION('',(0.,0.,-1.));
#6299=DIRECTION('',(1.,0.,0.));
#6300=DIRECTION('',(0.,0.,-1.));
#6301=DIRECTION('',(-4.75266705747071E-15,-1.,0.));
#6302=DIRECTION('',(-1.,4.75266705747071E-15,0.));
#6303=DIRECTION('',(-1.,0.,0.));
#6304=DIRECTION('',(-1.,0.,0.));
#6305=DIRECTION('',(2.35861525242461E-15,-1.,0.));
#6306=DIRECTION('',(0.,0.,-1.));
#6307=DIRECTION('',(0.,0.,1.));
#6308=DIRECTION('',(-1.,0.,0.));
#6309=DIRECTION('',(0.,0.,1.));
#6310=DIRECTION('',(-1.,0.,0.));
#6311=DIRECTION('',(1.,1.62674768139564E-43,2.97998078862668E-29));
#6312=DIRECTION('',(0.,1.,-5.45892002929763E-15));
#6313=DIRECTION('',(0.,-1.,0.));
#6314=DIRECTION('',(0.,-1.,0.));
#6315=DIRECTION('',(0.,0.,-1.));
#6316=DIRECTION('',(0.,0.,1.));
#6317=DIRECTION('',(-1.,0.,0.));
#6318=DIRECTION('',(0.,0.,-1.));
#6319=DIRECTION('',(-1.,0.,0.));
#6320=DIRECTION('',(0.,0.,-1.));
#6321=DIRECTION('',(-1.,0.,0.));
#6322=DIRECTION('',(0.,1.,0.));
#6323=DIRECTION('',(1.,0.,0.));
#6324=DIRECTION('',(1.,0.,0.));
#6325=DIRECTION('',(0.,0.,1.));
#6326=DIRECTION('',(1.,0.,0.));
#6327=DIRECTION('',(0.,0.,1.));
#6328=DIRECTION('',(0.,0.,-1.));
#6329=DIRECTION('',(0.,-1.,0.));
#6330=DIRECTION('',(0.,0.,1.));
#6331=DIRECTION('',(-1.,0.,0.));
#6332=DIRECTION('',(0.,1.,0.));
#6333=DIRECTION('',(0.,0.,1.));
#6334=DIRECTION('',(-1.,0.,0.));
#6335=DIRECTION('',(0.,0.,1.));
#6336=DIRECTION('',(-1.,0.,0.));
#6337=DIRECTION('',(0.,-1.,0.));
#6338=DIRECTION('',(0.,0.,1.));
#6339=DIRECTION('',(-1.,0.,0.));
#6340=DIRECTION('',(0.,0.,-1.));
#6341=DIRECTION('',(1.,0.,0.));
#6342=DIRECTION('',(0.,0.,1.));
#6343=DIRECTION('',(-1.,0.,0.));
#6344=DIRECTION('',(0.,0.,-1.));
#6345=DIRECTION('',(1.,0.,0.));
#6346=DIRECTION('',(0.,0.,-1.));
#6347=DIRECTION('',(0.,-1.,0.));
#6348=DIRECTION('',(0.,-1.,0.));
#6349=DIRECTION('',(0.,0.,-1.));
#6350=DIRECTION('',(1.,0.,0.));
#6351=DIRECTION('',(0.,0.,-1.));
#6352=DIRECTION('',(-1.,0.,0.));
#6353=DIRECTION('',(0.,1.,0.));
#6354=DIRECTION('',(0.,0.,-1.));
#6355=DIRECTION('',(-1.,0.,0.));
#6356=DIRECTION('',(0.,0.,-1.));
#6357=DIRECTION('',(1.,0.,0.));
#6358=DIRECTION('',(0.,0.,-1.));
#6359=DIRECTION('',(1.,0.,0.));
#6360=DIRECTION('',(0.,0.,1.));
#6361=DIRECTION('',(1.,1.16208778126141E-45,1.10533169443713E-30));
#6362=DIRECTION('',(0.,1.,-1.05134756119807E-15));
#6363=DIRECTION('',(0.,0.,1.));
#6364=DIRECTION('',(0.,0.,-1.));
#6365=DIRECTION('',(1.,0.,0.));
#6366=DIRECTION('',(0.,0.,-1.));
#6367=DIRECTION('',(1.,0.,0.));
#6368=DIRECTION('',(0.,0.,1.));
#6369=DIRECTION('',(0.,0.,-1.));
#6370=DIRECTION('',(1.,0.,0.));
#6371=DIRECTION('',(0.,0.,1.));
#6372=DIRECTION('',(-1.,1.05134756119807E-15,0.));
#6373=DIRECTION('',(0.,0.,1.));
#6374=DIRECTION('',(0.,0.,1.));
#6375=DIRECTION('',(1.,0.,0.));
#6376=DIRECTION('',(0.,0.,1.));
#6377=DIRECTION('',(1.,0.,0.));
#6378=DIRECTION('',(0.,0.,1.));
#6379=DIRECTION('',(1.,0.,0.));
#6380=DIRECTION('',(1.,0.,0.));
#6381=DIRECTION('',(0.,0.,-1.));
#6382=DIRECTION('',(0.,-1.,0.));
#6383=DIRECTION('',(-1.,0.,0.));
#6384=DIRECTION('',(0.,0.,1.));
#6385=DIRECTION('',(1.,0.,0.));
#6386=DIRECTION('',(0.,-1.,0.));
#6387=DIRECTION('',(1.,0.,0.));
#6388=DIRECTION('',(1.,0.,0.));
#6389=DIRECTION('',(0.,0.,-1.));
#6390=DIRECTION('',(0.,0.,-1.));
#6391=DIRECTION('',(1.,0.,0.));
#6392=DIRECTION('',(0.,0.,1.));
#6393=DIRECTION('',(1.,0.,0.));
#6394=DIRECTION('',(0.,-1.,0.));
#6395=DIRECTION('',(0.,0.,1.));
#6396=DIRECTION('',(1.,0.,0.));
#6397=DIRECTION('',(0.,0.,1.));
#6398=DIRECTION('',(0.,0.,1.));
#6399=DIRECTION('',(1.,0.,0.));
#6400=DIRECTION('',(0.,0.,-1.));
#6401=DIRECTION('',(0.,-1.,0.));
#6402=DIRECTION('',(0.,-1.,0.));
#6403=DIRECTION('',(-1.,0.,0.));
#6404=DIRECTION('',(0.,1.,0.));
#6405=DIRECTION('',(0.,0.,-1.));
#6406=DIRECTION('',(-1.,0.,0.));
#6407=DIRECTION('',(1.,0.,0.));
#6408=DIRECTION('',(0.,0.,-1.));
#6409=DIRECTION('',(-1.,0.,0.));
#6410=DIRECTION('',(0.,0.,-1.));
#6411=DIRECTION('',(0.,-1.,0.));
#6412=DIRECTION('',(0.,-1.,0.));
#6413=DIRECTION('',(1.,0.,0.));
#6414=DIRECTION('',(0.,1.,0.));
#6415=DIRECTION('',(-1.,0.,0.));
#6416=DIRECTION('',(1.,-1.25704599708464E-15,0.));
#6417=DIRECTION('',(0.,0.,1.));
#6418=DIRECTION('',(0.,-1.,0.));
#6419=DIRECTION('',(0.,0.,-1.));
#6420=DIRECTION('',(0.,0.,1.));
#6421=DIRECTION('',(0.,-1.,0.));
#6422=DIRECTION('',(0.,0.,-1.));
#6423=DIRECTION('',(0.,0.,-1.));
#6424=DIRECTION('',(1.,0.,0.));
#6425=DIRECTION('',(0.,0.,1.));
#6426=DIRECTION('',(-1.,0.,0.));
#6427=DIRECTION('',(1.,0.,0.));
#6428=DIRECTION('',(0.,0.,1.));
#6429=DIRECTION('',(-1.,0.,0.));
#6430=DIRECTION('',(0.,-1.,0.));
#6431=DIRECTION('',(0.707106781186548,0.,0.707106781186548));
#6432=DIRECTION('',(-0.707106781186548,0.,0.707106781186548));
#6433=DIRECTION('',(-2.16840434497101E-15,-1.,0.));
#6434=DIRECTION('',(-1.,2.16840434497101E-15,0.));
#6435=DIRECTION('',(-1.,0.,0.));
#6436=DIRECTION('',(0.,0.,-1.));
#6437=DIRECTION('',(0.707106781186546,-0.707106781186549,0.));
#6438=DIRECTION('',(-0.707106781186549,-0.707106781186546,0.));
#6439=DIRECTION('',(0.,0.,1.));
#6440=DIRECTION('',(-1.,0.,0.));
#6441=DIRECTION('',(0.,0.,1.));
#6442=DIRECTION('',(0.,0.,-1.));
#6443=DIRECTION('',(0.,0.,1.));
#6444=DIRECTION('',(-1.,0.,0.));
#6445=DIRECTION('',(1.01957882312477E-44,1.,4.70197740328915E-30));
#6446=DIRECTION('',(1.,0.,-2.16840434497101E-15));
#6447=DIRECTION('',(1.,0.,0.));
#6448=DIRECTION('',(0.,0.,-1.));
#6449=DIRECTION('',(-1.,3.56163032507316E-15,0.));
#6450=DIRECTION('',(0.,0.,1.));
#6451=DIRECTION('',(0.,1.,0.));
#6452=DIRECTION('',(1.,-4.33680868994202E-15,0.));
#6453=DIRECTION('',(-4.33680868994202E-15,-1.,0.));
#6454=DIRECTION('',(4.33680868994203E-15,1.,0.));
#6455=DIRECTION('',(1.,-4.33680868994203E-15,0.));
#6456=DIRECTION('',(0.,0.,1.));
#6457=DIRECTION('',(-1.,0.,0.));
#6458=DIRECTION('',(0.,0.,1.));
#6459=DIRECTION('',(1.,0.,0.));
#6460=DIRECTION('',(2.16840434497101E-15,-1.,0.));
#6461=DIRECTION('',(-1.,-2.16840434497101E-15,0.));
#6462=DIRECTION('',(0.,1.,0.));
#6463=DIRECTION('',(1.,0.,0.));
#6464=DIRECTION('',(0.,-1.,0.));
#6465=DIRECTION('',(0.,1.,0.));
#6466=DIRECTION('',(-1.,0.,0.));
#6467=DIRECTION('',(0.,1.,0.));
#6468=DIRECTION('',(0.,1.,0.));
#6469=DIRECTION('',(1.,0.,0.));
#6470=DIRECTION('',(1.,0.,0.));
#6471=DIRECTION('',(0.,0.,1.));
#6472=DIRECTION('',(-1.,0.,0.));
#6473=DIRECTION('',(0.,0.,-1.));
#6474=DIRECTION('',(-1.,-3.56163032507316E-15,0.));
#6475=DIRECTION('',(-3.56163032507316E-15,1.,0.));
#6476=DIRECTION('',(0.,1.,0.));
#6477=DIRECTION('',(0.,0.,1.));
#6478=DIRECTION('',(0.,-1.,0.));
#6479=DIRECTION('',(0.,0.,-1.));
#6480=DIRECTION('',(0.,0.,1.));
#6481=DIRECTION('',(1.,0.,0.));
#6482=DIRECTION('',(0.,0.,1.));
#6483=DIRECTION('',(1.,0.,0.));
#6484=DIRECTION('',(-1.,0.,0.));
#6485=DIRECTION('',(0.,0.,1.));
#6486=DIRECTION('',(1.,1.98633963392129E-45,1.58016463878652E-30));
#6487=DIRECTION('',(0.,1.,-1.25704599708464E-15));
#6488=DIRECTION('',(0.,0.,-1.));
#6489=DIRECTION('',(0.,-1.,0.));
#6490=DIRECTION('',(0.,0.,1.));
#6491=DIRECTION('',(0.,0.,1.));
#6492=DIRECTION('',(-1.,0.,0.));
#6493=DIRECTION('',(0.,0.,-1.));
#6494=DIRECTION('',(1.,0.,0.));
#6495=DIRECTION('',(0.,0.,1.));
#6496=DIRECTION('',(1.,0.,0.));
#6497=DIRECTION('',(-1.,0.,0.));
#6498=DIRECTION('',(0.,0.,-1.));
#6499=DIRECTION('',(0.,0.,1.));
#6500=DIRECTION('',(1.,0.,0.));
#6501=DIRECTION('',(0.,1.,0.));
#6502=DIRECTION('',(1.,0.,0.));
#6503=DIRECTION('',(-1.,-4.33680868994202E-15,0.));
#6504=DIRECTION('',(-4.33680868994202E-15,1.,0.));
#6505=DIRECTION('',(-1.,0.,0.));
#6506=DIRECTION('',(0.,0.,-1.));
#6507=DIRECTION('',(1.,0.,0.));
#6508=DIRECTION('',(-1.,0.,0.));
#6509=DIRECTION('',(0.,-1.,0.));
#6510=DIRECTION('',(-1.,0.,0.));
#6511=DIRECTION('',(0.,0.,1.));
#6512=DIRECTION('',(1.,0.,0.));
#6513=DIRECTION('',(1.,0.,0.));
#6514=DIRECTION('',(0.,1.,0.));
#6515=DIRECTION('',(0.,0.,1.));
#6516=DIRECTION('',(-1.,0.,0.));
#6517=DIRECTION('',(0.,0.,-1.));
#6518=DIRECTION('',(1.,0.,0.));
#6519=DIRECTION('',(0.,0.,-1.));
#6520=DIRECTION('',(0.,0.,1.));
#6521=DIRECTION('',(1.,0.,0.));
#6522=DIRECTION('',(0.,0.,1.));
#6523=DIRECTION('',(1.,0.,0.));
#6524=DIRECTION('',(0.,1.,0.));
#6525=DIRECTION('',(-1.,0.,0.));
#6526=DIRECTION('',(-4.33680868994203E-15,1.,0.));
#6527=DIRECTION('',(1.,4.33680868994203E-15,0.));
#6528=DIRECTION('',(0.,0.,1.));
#6529=DIRECTION('',(-1.,0.,0.));
#6530=DIRECTION('',(0.,0.,-1.));
#6531=DIRECTION('',(1.,0.,0.));
#6532=DIRECTION('',(0.,0.,1.));
#6533=DIRECTION('',(0.,0.,-1.));
#6534=DIRECTION('',(1.,0.,0.));
#6535=DIRECTION('',(0.,0.,1.));
#6536=DIRECTION('',(1.,0.,0.));
#6537=DIRECTION('',(1.,0.,0.));
#6538=DIRECTION('',(0.,0.,1.));
#6539=DIRECTION('',(0.,0.,1.));
#6540=DIRECTION('',(-1.,0.,0.));
#6541=DIRECTION('',(0.,0.,-1.));
#6542=DIRECTION('',(1.,0.,0.));
#6543=DIRECTION('',(2.16840434497101E-15,-1.,0.));
#6544=DIRECTION('',(0.,0.,-1.));
#6545=DIRECTION('',(-1.,0.,0.));
#6546=DIRECTION('',(0.,0.,1.));
#6547=DIRECTION('',(1.,0.,0.));
#6548=DIRECTION('',(0.,0.,1.));
#6549=DIRECTION('',(1.,0.,0.));
#6550=DIRECTION('',(0.,0.986393923832144,-0.164398987305358));
#6551=DIRECTION('',(-1.,0.,0.));
#6552=DIRECTION('',(0.353831641552824,-0.153763873865646,-0.922583243143871));
#6553=DIRECTION('',(-1.,0.,0.));
#6554=DIRECTION('',(-0.343148592784575,0.154416866758558,0.926501200501346));
#6555=DIRECTION('',(0.,-0.986393923826812,0.164398987337349));
#6556=DIRECTION('',(0.,0.164398987337349,0.986393923826812));
#6557=DIRECTION('',(0.,0.164398987313466,0.986393923830792));
#6558=DIRECTION('',(-1.,0.,0.));
#6559=DIRECTION('',(0.,-0.164398987313466,-0.986393923830792));
#6560=DIRECTION('',(0.,0.,-1.));
#6561=DIRECTION('',(0.,-1.,0.));
#6562=DIRECTION('',(-1.,0.,0.));
#6563=DIRECTION('',(0.,1.,0.));
#6564=DIRECTION('',(-1.,0.,0.));
#6565=DIRECTION('',(0.,1.,0.));
#6566=DIRECTION('',(1.,0.,-1.55173705471428E-15));
#6567=DIRECTION('',(0.,1.,0.));
#6568=DIRECTION('',(0.,1.,0.));
#6569=DIRECTION('',(0.,1.,0.));
#6570=DIRECTION('',(0.,0.164398987313463,-0.986393923830793));
#6571=DIRECTION('',(0.,1.,0.));
#6572=DIRECTION('',(1.,0.,0.));
#6573=DIRECTION('',(-1.,0.,0.));
#6574=DIRECTION('',(0.347314355829133,0.,-0.937748760721652));
#6575=DIRECTION('',(-0.314492701746976,0.,-0.949259890940246));
#6576=DIRECTION('',(0.,1.,0.));
#6577=DIRECTION('',(1.,0.,0.));
#6578=DIRECTION('',(0.,0.,-1.));
#6579=DIRECTION('',(0.,0.,-1.));
#6580=DIRECTION('',(0.,1.,0.));
#6581=DIRECTION('',(1.,0.,0.));
#6582=DIRECTION('',(0.,0.,1.));
#6583=DIRECTION('',(0.333045750294189,0.,0.942910668202975));
#6584=DIRECTION('',(0.,1.,0.));
#6585=DIRECTION('',(1.,0.,0.));
#6586=DIRECTION('',(-0.35809018568177,0.,0.933687002650458));
#6587=DIRECTION('',(0.,1.,0.));
#6588=DIRECTION('',(1.,0.,0.));
#6589=DIRECTION('',(0.347314355829133,0.,-0.937748760721652));
#6590=DIRECTION('',(-0.35809018568177,0.,0.933687002650458));
#6591=DIRECTION('',(0.,1.,0.));
#6592=DIRECTION('',(1.,0.,0.));
#6593=DIRECTION('',(0.333045750294189,0.,0.942910668202975));
#6594=DIRECTION('',(0.,0.,1.));
#6595=DIRECTION('',(0.,1.,0.));
#6596=DIRECTION('',(1.,0.,0.));
#6597=DIRECTION('',(0.,0.,-1.));
#6598=DIRECTION('',(0.,0.,-1.));
#6599=DIRECTION('',(0.,1.,0.));
#6600=DIRECTION('',(1.,0.,0.));
#6601=DIRECTION('',(-0.314492701746976,0.,-0.949259890940246));
#6602=DIRECTION('',(0.,-1.,0.));
#6603=DIRECTION('',(0.,0.,1.));
#6604=DIRECTION('',(0.,1.,0.));
#6605=DIRECTION('',(0.,1.,0.));
#6606=DIRECTION('',(-0.933687002652519,0.,-0.358090185676396));
#6607=DIRECTION('',(-0.358090185676396,0.,0.933687002652519));
#6608=DIRECTION('',(0.,1.,0.));
#6609=DIRECTION('',(-0.353831641552823,-0.153763873865643,0.922583243143872));
#6610=DIRECTION('',(0.,-1.,0.));
#6611=DIRECTION('',(0.,0.,1.));
#6612=DIRECTION('',(0.,1.,0.));
#6613=DIRECTION('',(0.,0.986393923826812,0.164398987337346));
#6614=DIRECTION('',(0.,0.164398987337346,-0.986393923826812));
#6615=DIRECTION('',(0.,-1.,0.));
#6616=DIRECTION('',(0.,0.,1.));
#6617=DIRECTION('',(0.,1.,0.));
#6618=DIRECTION('',(0.,1.,0.));
#6619=DIRECTION('',(-1.,0.,0.));
#6620=DIRECTION('',(0.,0.,1.));
#6621=DIRECTION('',(0.,1.,0.));
#6622=DIRECTION('',(-0.942910668205006,0.,0.333045750288439));
#6623=DIRECTION('',(0.,1.,0.));
#6624=DIRECTION('',(0.,-0.986393923832144,-0.164398987305355));
#6625=DIRECTION('',(0.,0.164398987305355,-0.986393923832144));
#6626=DIRECTION('',(-1.,0.,0.));
#6627=DIRECTION('',(0.343148592784574,0.154416866758556,-0.926501200501347));
#6628=DIRECTION('',(0.,-0.164398987313463,0.986393923830793));
#6629=DIRECTION('',(0.937748760723703,0.,0.347314355823596));
#6630=DIRECTION('',(0.,-1.,0.));
#6631=DIRECTION('',(0.,1.,0.));
#6632=DIRECTION('',(1.,0.,0.));
#6633=DIRECTION('',(0.,1.,0.));
#6634=DIRECTION('',(-1.,0.,7.88510670898549E-16));
#6635=DIRECTION('',(0.,1.,0.));
#6636=DIRECTION('',(0.,1.,0.));
#6637=DIRECTION('',(-2.89120579329469E-15,0.,-1.));
#6638=DIRECTION('',(-1.,0.,2.89120579329469E-15));
#6639=DIRECTION('',(1.,0.,-1.05804628605192E-15));
#6640=DIRECTION('',(0.,1.,0.));
#6641=DIRECTION('',(0.,1.,0.));
#6642=DIRECTION('',(0.949259890942242,0.,-0.314492701740951));
#6643=DIRECTION('',(0.,-1.,0.));
#6644=DIRECTION('',(0.,1.,0.));
#6645=DIRECTION('',(0.,-1.,0.));
#6646=DIRECTION('',(0.,0.,1.));
#6647=DIRECTION('',(0.,0.,1.));
#6648=DIRECTION('',(1.,0.,0.));
#6649=DIRECTION('',(-1.,0.,-1.05804628605192E-15));
#6650=DIRECTION('',(-1.05804628605192E-15,0.,1.));
#6651=DIRECTION('',(0.,0.,1.));
#6652=DIRECTION('',(0.,1.,0.));
#6653=DIRECTION('',(0.,0.,1.));
#6654=DIRECTION('',(0.,1.,0.));
#6655=DIRECTION('',(0.,-0.986393923832144,0.164398987305358));
#6656=DIRECTION('',(-1.,0.,0.));
#6657=DIRECTION('',(0.,0.164398987313466,0.986393923830792));
#6658=DIRECTION('',(0.,0.986393923826812,-0.164398987337349));
#6659=DIRECTION('',(0.,0.164398987337349,0.986393923826812));
#6660=DIRECTION('',(0.343148592784575,0.154416866758558,0.926501200501346));
#6661=DIRECTION('',(-1.,0.,0.));
#6662=DIRECTION('',(-0.353831641552824,-0.153763873865646,-0.922583243143871));
#6663=DIRECTION('',(0.,-0.164398987313466,-0.986393923830792));
#6664=DIRECTION('',(-1.,0.,0.));
#6665=DIRECTION('',(0.,-1.,0.));
#6666=DIRECTION('',(0.,0.,1.));
#6667=DIRECTION('',(0.,1.,0.));
#6668=DIRECTION('',(-1.,0.,0.));
#6669=DIRECTION('',(0.,1.,0.));
#6670=DIRECTION('',(0.,1.,0.));
#6671=DIRECTION('',(-1.,0.,0.));
#6672=DIRECTION('',(0.,1.,0.));
#6673=DIRECTION('',(-0.937748760723703,0.,0.347314355823596));
#6674=DIRECTION('',(0.,1.,0.));
#6675=DIRECTION('',(0.,1.,0.));
#6676=DIRECTION('',(-0.343148592784574,0.154416866758556,-0.926501200501347));
#6677=DIRECTION('',(0.347314355829133,0.,0.937748760721652));
#6678=DIRECTION('',(0.,1.,0.));
#6679=DIRECTION('',(0.347314355829133,0.,0.937748760721652));
#6680=DIRECTION('',(0.,1.,0.));
#6681=DIRECTION('',(1.,0.,0.));
#6682=DIRECTION('',(-0.314492701746976,0.,0.949259890940246));
#6683=DIRECTION('',(0.,1.,0.));
#6684=DIRECTION('',(-1.,0.,0.));
#6685=DIRECTION('',(-1.,0.,0.));
#6686=DIRECTION('',(0.,0.,1.));
#6687=DIRECTION('',(0.,1.,0.));
#6688=DIRECTION('',(-1.,0.,0.));
#6689=DIRECTION('',(0.,0.,-1.));
#6690=DIRECTION('',(0.333045750294189,0.,-0.942910668202975));
#6691=DIRECTION('',(-0.35809018568177,0.,-0.933687002650458));
#6692=DIRECTION('',(0.,-1.,0.));
#6693=DIRECTION('',(0.,0.,1.));
#6694=DIRECTION('',(0.,1.,0.));
#6695=DIRECTION('',(0.,1.,0.));
#6696=DIRECTION('',(-1.,0.,0.));
#6697=DIRECTION('',(-1.,0.,0.));
#6698=DIRECTION('',(0.,0.,1.));
#6699=DIRECTION('',(0.,1.,0.));
#6700=DIRECTION('',(0.,0.,1.));
#6701=DIRECTION('',(0.,1.,0.));
#6702=DIRECTION('',(1.,0.,0.));
#6703=DIRECTION('',(0.,1.,0.));
#6704=DIRECTION('',(0.,1.,0.));
#6705=DIRECTION('',(0.,0.,-1.));
#6706=DIRECTION('',(0.,1.,0.));
#6707=DIRECTION('',(-0.949259890942242,0.,-0.314492701740951));
#6708=DIRECTION('',(-0.314492701740951,0.,0.949259890942242));
#6709=DIRECTION('',(-0.314492701746976,0.,0.949259890940246));
#6710=DIRECTION('',(0.,0.,-1.));
#6711=DIRECTION('',(0.,-1.,0.));
#6712=DIRECTION('',(-1.,0.,0.));
#6713=DIRECTION('',(0.,-1.,0.));
#6714=DIRECTION('',(0.,0.,1.));
#6715=DIRECTION('',(0.,1.,0.));
#6716=DIRECTION('',(-1.,0.,0.));
#6717=DIRECTION('',(0.,0.,-1.));
#6718=DIRECTION('',(0.,-1.,0.));
#6719=DIRECTION('',(0.,1.,0.));
#6720=DIRECTION('',(-1.,0.,0.));
#6721=DIRECTION('',(0.,1.,0.));
#6722=DIRECTION('',(1.,6.2174907812088E-31,4.90255782719649E-46));
#6723=DIRECTION('',(0.,-7.88510670898549E-16,1.));
#6724=DIRECTION('',(0.,1.,0.));
#6725=DIRECTION('',(0.,-0.164398987313463,0.986393923830793));
#6726=DIRECTION('',(0.933687002652519,0.,-0.358090185676396));
#6727=DIRECTION('',(0.,-1.,0.));
#6728=DIRECTION('',(-0.35809018568177,0.,-0.933687002650458));
#6729=DIRECTION('',(0.353831641552823,-0.153763873865643,0.922583243143872));
#6730=DIRECTION('',(0.,0.986393923832144,0.164398987305355));
#6731=DIRECTION('',(1.,0.,0.));
#6732=DIRECTION('',(0.,0.164398987313463,-0.986393923830793));
#6733=DIRECTION('',(-1.,0.,0.));
#6734=DIRECTION('',(0.,-0.986393923826812,-0.164398987337346));
#6735=DIRECTION('',(0.,0.164398987337346,-0.986393923826812));
#6736=DIRECTION('',(0.942910668205006,0.,0.333045750288439));
#6737=DIRECTION('',(0.,-1.,0.));
#6738=DIRECTION('',(0.333045750294189,0.,-0.942910668202975));
#6739=DIRECTION('',(0.,1.,0.));
#6740=DIRECTION('',(1.,0.,0.));
#6741=DIRECTION('',(0.,-1.,0.));
#6742=DIRECTION('',(0.,0.,1.));
#6743=DIRECTION('',(0.,1.,0.));
#6744=DIRECTION('',(-1.,0.,-1.55173705471428E-15));
#6745=DIRECTION('',(-1.55173705471428E-15,0.,1.));
#6746=DIRECTION('',(0.,0.,1.));
#6747=DIRECTION('',(1.,0.,0.));
#6748=CARTESIAN_POINT('',(0.,0.,0.));
#6749=CARTESIAN_POINT('',(-1.99999999999999,1.2,2.4));
#6750=CARTESIAN_POINT('',(-2.00000000000999,1.20000000001,3.00000000001));
#6751=CARTESIAN_POINT('',(-1.99999999999999,1.2,3.));
#6752=CARTESIAN_POINT('',(-2.,-1.2,3.));
#6753=CARTESIAN_POINT('',(-2.00000000000999,1.20000000001,2.40000000001));
#6754=CARTESIAN_POINT('',(-1.99999999999999,1.2,2.4));
#6755=CARTESIAN_POINT('',(-2.00000000000999,1.20000000001,2.40000000001));
#6756=CARTESIAN_POINT('',(-2.,-1.2,2.4));
#6757=CARTESIAN_POINT('',(-2.00000000001,-1.20000000001,2.40000000001));
#6758=CARTESIAN_POINT('',(-0.699999999999994,0.550000000000003,2.4));
#6759=CARTESIAN_POINT('',(-0.427639320234998,-0.300000000009997,1.85527864046));
#6760=CARTESIAN_POINT('',(-0.427639320224996,0.233333333333337,1.85527864045));
#6761=CARTESIAN_POINT('',(-0.427639320224998,-0.23333333333333,1.85527864045));
#6762=CARTESIAN_POINT('',(-0.552151136622801,-0.337093180333166,2.10430227323561));
#6763=CARTESIAN_POINT('',(-0.672360679774994,-0.437267799624993,2.34472135955));
#6764=CARTESIAN_POINT('',(-0.672360679784991,0.550000000010003,2.34472135956));
#6765=CARTESIAN_POINT('',(-0.672360679774992,0.437267799625,2.34472135955));
#6766=CARTESIAN_POINT('',(-0.713126746378896,0.471239521796588,2.42625349274781));
#6767=CARTESIAN_POINT('',(1.5,0.65,4.19999999830353));
#6768=CARTESIAN_POINT('',(1.40000000001,0.65000000001,4.19999999831353));
#6769=CARTESIAN_POINT('',(1.4,0.65,4.29999999830353));
#6770=CARTESIAN_POINT('',(1.4,0.75,4.19999999830353));
#6771=CARTESIAN_POINT('',(1.50000000001,0.75000000001,4.19999999831353));
#6772=CARTESIAN_POINT('',(-1.40076331378452,0.75,4.19999999830353));
#6773=CARTESIAN_POINT('',(-1.40076331379452,0.65000000001,4.19999999831353));
#6774=CARTESIAN_POINT('',(-1.40076331378452,0.65,4.29999999830353));
#6775=CARTESIAN_POINT('',(-1.50076331379452,0.65000000001,4.29999999831353));
#6776=CARTESIAN_POINT('',(-0.338196601125005,0.233333333333336,1.9));
#6777=CARTESIAN_POINT('',(-0.338196601135005,0.233333333343336,1.90000000001));
#6778=CARTESIAN_POINT('',(-0.338196601125005,0.325641025641029,1.86153846153846));
#6779=CARTESIAN_POINT('',(-0.338196601125005,0.233333333333336,1.8));
#6780=CARTESIAN_POINT('',(-0.338196601135005,0.233333333343336,1.90000000001));
#6781=CARTESIAN_POINT('',(-0.338196601135005,0.233333333343337,1.90000000001));
#6782=CARTESIAN_POINT('',(0.623684027268917,0.471239521786586,2.4709748522878));
#6783=CARTESIAN_POINT('',(0.338196601135016,0.233333333343336,1.90000000001));
#6784=CARTESIAN_POINT('',(0.427639320225008,0.233333333333336,1.85527864045));
#6785=CARTESIAN_POINT('',(0.338196601125016,0.325641025641028,1.86153846153846));
#6786=CARTESIAN_POINT('',(0.623684027278917,0.563547214104278,2.43251331383626));
#6787=CARTESIAN_POINT('',(0.576658139586555,0.524358974358977,2.33846153846154));
#6788=CARTESIAN_POINT('',(0.576658139586555,0.524358974362619,2.33846153847028));
#6789=CARTESIAN_POINT('',(0.639761407540994,0.532214152636364,2.35731396632224));
#6790=CARTESIAN_POINT('',(0.679802018392425,0.494318066067564,2.3596040367815));
#6791=CARTESIAN_POINT('',(0.672360679779021,0.437267799624999,2.34472135955803));
#6792=CARTESIAN_POINT('',(0.672360679775004,0.437267799624999,2.34472135955));
#6793=CARTESIAN_POINT('',(0.552151136622811,0.337093180333171,2.10430227323561));
#6794=CARTESIAN_POINT('',(-0.761803398874985,2.17750164563144E-15,2.3));
#6795=CARTESIAN_POINT('',(-0.761803398884986,-0.437267799634993,2.30000000001));
#6796=CARTESIAN_POINT('',(-0.761803398874986,-0.437267799624993,2.4));
#6797=CARTESIAN_POINT('',(-0.761803398884985,1.00021775016456E-11,2.40000000001));
#6798=CARTESIAN_POINT('',(-0.761803398874983,0.437267799625001,2.4));
#6799=CARTESIAN_POINT('',(-0.761803398884983,0.437267799635001,2.30000000001));
#6800=CARTESIAN_POINT('',(5.25321766906669E-16,0.616666666666669,2.3));
#6801=CARTESIAN_POINT('',(0.576658139596555,0.616666666676669,2.30000000001));
#6802=CARTESIAN_POINT('',(0.576658139586555,0.616666666666669,2.4));
#6803=CARTESIAN_POINT('',(0.700000000010006,0.524358974368977,2.33846153847154));
#6804=CARTESIAN_POINT('',(-0.576658139586542,0.524358974358978,2.33846153846154));
#6805=CARTESIAN_POINT('',(-0.576658139596542,0.61666666667667,2.30000000001));
#6806=CARTESIAN_POINT('',(-0.576658139586542,0.61666666666667,2.4));
#6807=CARTESIAN_POINT('',(1.00005253217669E-11,0.616666666676669,2.40000000001));
#6808=CARTESIAN_POINT('',(0.576658139586555,0.618019325080442,2.4));
#6809=CARTESIAN_POINT('',(0.576658139586555,0.580588425860835,2.4));
#6810=CARTESIAN_POINT('',(0.576658139586555,0.538755474058825,2.37301313774118));
#6811=CARTESIAN_POINT('',(0.576658139586555,0.524358974358977,2.33846153846154));
#6812=CARTESIAN_POINT('',(0.683165138663248,0.617808533822739,2.4));
#6813=CARTESIAN_POINT('',(0.666174651762585,0.5862106039973,2.4));
#6814=CARTESIAN_POINT('',(0.646470147638173,0.551419266416231,2.38346771254097));
#6815=CARTESIAN_POINT('',(0.639018827622468,0.532121715301132,2.35709211672271));
#6816=CARTESIAN_POINT('',(0.762906723912533,0.540496442331251,2.4));
#6817=CARTESIAN_POINT('',(0.732375326392831,0.523277183422224,2.4));
#6818=CARTESIAN_POINT('',(0.699009050003467,0.503523128966121,2.38449055960505));
#6819=CARTESIAN_POINT('',(0.679886046752908,0.494962283574943,2.3597720935058));
#6820=CARTESIAN_POINT('',(0.763085415028999,0.437267799624999,2.4));
#6821=CARTESIAN_POINT('',(0.727609335503056,0.437267799624999,2.4));
#6822=CARTESIAN_POINT('',(0.688226064854044,0.437267799624999,2.37645212970808));
#6823=CARTESIAN_POINT('',(0.672360679775004,0.437267799624999,2.34472135955));
#6824=CARTESIAN_POINT('',(0.761803398884996,0.437267799634999,2.30000000001));
#6825=CARTESIAN_POINT('',(0.761803398874996,0.437267799624999,2.4));
#6826=CARTESIAN_POINT('',(0.538196601135016,0.400000000010002,2.40000000001));
#6827=CARTESIAN_POINT('',(0.761803398874994,-1.95224285470408E-15,2.3));
#6828=CARTESIAN_POINT('',(0.761803398884993,-0.437267799634995,2.30000000001));
#6829=CARTESIAN_POINT('',(0.761803398874993,-0.437267799624995,2.4));
#6830=CARTESIAN_POINT('',(0.672360679775002,-0.437267799624995,2.34472135955));
#6831=CARTESIAN_POINT('',(0.672360679785001,-0.550000000009998,2.34472135956));
#6832=CARTESIAN_POINT('',(0.761803398884994,-1.00019522428547E-11,2.40000000001));
#6833=CARTESIAN_POINT('',(-1.40076331378452,-0.65,4.15));
#6834=CARTESIAN_POINT('',(-1.40076331379452,-0.75000000001,4.15000000001));
#6835=CARTESIAN_POINT('',(-1.40076331378452,-0.75,4.19999999830353));
#6836=CARTESIAN_POINT('',(-1.40076331378452,-0.75,4.15));
#6837=CARTESIAN_POINT('',(-1.40076331379452,-0.65000000001,4.19999999831353));
#6838=CARTESIAN_POINT('',(-1.50076331378452,-0.65,4.19999999830353));
#6839=CARTESIAN_POINT('',(-1.50076331379452,-0.65000000001,4.29999999831353));
#6840=CARTESIAN_POINT('',(-1.50076331378452,-0.65,4.15));
#6841=CARTESIAN_POINT('',(-1.40076331379452,-0.65000000001,4.15000000001));
#6842=CARTESIAN_POINT('',(0.,0.,1.8));
#6843=CARTESIAN_POINT('',(0.400000000010006,0.233333333343336,1.80000000001));
#6844=CARTESIAN_POINT('',(0.338196601125016,0.233333333333336,1.8));
#6845=CARTESIAN_POINT('',(0.338196601135015,-0.300000000009997,1.80000000001));
#6846=CARTESIAN_POINT('',(0.338196601125015,-0.233333333333331,1.8));
#6847=CARTESIAN_POINT('',(-0.400000000009996,-0.23333333334333,1.80000000001));
#6848=CARTESIAN_POINT('',(-0.338196601125006,-0.23333333333333,1.8));
#6849=CARTESIAN_POINT('',(-0.338196601135005,0.300000000010003,1.80000000001));
#6850=CARTESIAN_POINT('',(-0.699999999999997,-0.549999999999996,2.4));
#6851=CARTESIAN_POINT('',(0.400000000010004,-0.325641025651023,1.86153846154846));
#6852=CARTESIAN_POINT('',(-0.338196601125006,-0.325641025641022,1.86153846153846));
#6853=CARTESIAN_POINT('',(0.338196601125014,-0.325641025641023,1.86153846153846));
#6854=CARTESIAN_POINT('',(0.37783036874233,-0.358669165323786,1.94080599676309));
#6855=CARTESIAN_POINT('',(0.576658139586552,-0.524358974358972,2.33846153846154));
#6856=CARTESIAN_POINT('',(-0.700000000009997,-0.524358974368971,2.33846153847154));
#6857=CARTESIAN_POINT('',(-0.576658139586546,-0.524358974358971,2.33846153846154));
#6858=CARTESIAN_POINT('',(-0.623684027278908,-0.563547214104273,2.43251331383626));
#6859=CARTESIAN_POINT('',(0.700000000000004,-0.549999999999998,2.4));
#6860=CARTESIAN_POINT('',(0.713126746378906,-0.471239521796582,2.42625349274781));
#6861=CARTESIAN_POINT('',(0.427639320225006,-0.233333333333331,1.85527864045));
#6862=CARTESIAN_POINT('',(0.427639320235008,0.300000000010002,1.85527864046));
#6863=CARTESIAN_POINT('',(0.700000000000006,0.550000000000002,2.4));
#6864=CARTESIAN_POINT('',(-0.400000000009994,0.325641025651029,1.86153846154846));
#6865=CARTESIAN_POINT('',(-0.377830368742321,0.358669165323792,1.94080599676309));
#6866=CARTESIAN_POINT('',(1.4,-0.65,4.19999999830353));
#6867=CARTESIAN_POINT('',(1.40000000001,-0.65000000001,4.19999999831353));
#6868=CARTESIAN_POINT('',(1.5,-0.65,4.19999999830353));
#6869=CARTESIAN_POINT('',(1.4,-0.75,4.19999999830353));
#6870=CARTESIAN_POINT('',(1.40000000001,-0.65000000001,4.19999999831353));
#6871=CARTESIAN_POINT('',(1.4,-0.65,4.29999999830353));
#6872=CARTESIAN_POINT('',(1.40000000001,-0.65000000001,4.19999999831353));
#6873=CARTESIAN_POINT('',(1.5,-0.75,4.29999999830353));
#6874=CARTESIAN_POINT('',(1.40000000001,-0.75000000001,4.29999999831353));
#6875=CARTESIAN_POINT('',(1.4,-0.75,3.));
#6876=CARTESIAN_POINT('',(-1.40076331379452,-0.75000000001,4.19999999831353));
#6877=CARTESIAN_POINT('',(-1.40944026986028,-0.75000000001,3.02238030977809));
#6878=CARTESIAN_POINT('',(-1.40961242607927,-0.749999999999998,3.));
#6879=CARTESIAN_POINT('',(-1.50000000001,-0.750000000009998,3.00000000001));
#6880=CARTESIAN_POINT('',(-1.50076331378452,-0.65,4.19999999830353));
#6881=CARTESIAN_POINT('',(1.40000000001,-0.65000000001,4.29999999831353));
#6882=CARTESIAN_POINT('',(-1.40076331378452,-0.65,4.29999999830353));
#6883=CARTESIAN_POINT('',(-1.40076331379452,-0.65000000001,4.19999999831353));
#6884=CARTESIAN_POINT('',(-1.50961538461539,-0.75,3.));
#6885=CARTESIAN_POINT('',(-1.50961538462539,-0.65000000001,3.00000000001));
#6886=CARTESIAN_POINT('',(-1.50961538461539,-0.65,3.));
#6887=CARTESIAN_POINT('',(-1.50076331379452,-0.75000000001,4.15000000001));
#6888=CARTESIAN_POINT('',(-1.50076331378452,0.65,4.15));
#6889=CARTESIAN_POINT('',(-1.50961538462539,0.65000000001,3.00000000001));
#6890=CARTESIAN_POINT('',(-1.50961538461539,0.65,3.));
#6891=CARTESIAN_POINT('',(-1.50961538462539,-0.75000000001,3.00000000001));
#6892=CARTESIAN_POINT('',(-1.40944026985028,0.65,3.02238030976809));
#6893=CARTESIAN_POINT('',(-1.40076331379452,0.65000000001,4.15000000001));
#6894=CARTESIAN_POINT('',(-1.40076331378452,0.75,4.15));
#6895=CARTESIAN_POINT('',(-1.40077218922782,0.75000000001,4.14923079199807));
#6896=CARTESIAN_POINT('',(-1.40961242607927,0.750000000000003,3.));
#6897=CARTESIAN_POINT('',(-1.40961242608927,0.65000000001,3.00000000001));
#6898=CARTESIAN_POINT('',(1.4,0.65,4.19999999830353));
#6899=CARTESIAN_POINT('',(1.40000000001,0.65000000001,4.19999999831353));
#6900=CARTESIAN_POINT('',(1.5,0.65,4.19999999830353));
#6901=CARTESIAN_POINT('',(1.40000000001,0.65000000001,4.19999999831353));
#6902=CARTESIAN_POINT('',(-1.40961834306398,-0.65,2.99923079198807));
#6903=CARTESIAN_POINT('',(-1.40961242608927,-0.65000000001,3.00000000001));
#6904=CARTESIAN_POINT('',(2.,-1.2,2.4));
#6905=CARTESIAN_POINT('',(2.00000000001,-1.20000000001,3.00000000001));
#6906=CARTESIAN_POINT('',(2.,-1.2,3.));
#6907=CARTESIAN_POINT('',(2.00000000000001,1.2,3.));
#6908=CARTESIAN_POINT('',(2.00000000001,-1.20000000001,2.40000000001));
#6909=CARTESIAN_POINT('',(2.,-1.2,2.4));
#6910=CARTESIAN_POINT('',(2.00000000001,-1.20000000001,2.40000000001));
#6911=CARTESIAN_POINT('',(2.00000000000001,1.2,2.4));
#6912=CARTESIAN_POINT('',(2.00000000001001,1.20000000001,2.40000000001));
#6913=CARTESIAN_POINT('',(0.,0.,2.4));
#6914=CARTESIAN_POINT('',(-0.538196601135004,0.400000000010003,2.40000000001));
#6915=CARTESIAN_POINT('',(-0.538196601135007,-0.400000000009997,2.40000000001));
#6916=CARTESIAN_POINT('',(-0.576658139586546,-0.616666666666663,2.4));
#6917=CARTESIAN_POINT('',(-1.00006685913397E-11,-0.616666666676664,2.40000000001));
#6918=CARTESIAN_POINT('',(0.576658139586552,-0.616666666666664,2.4));
#6919=CARTESIAN_POINT('',(0.538196601135014,-0.400000000009998,2.40000000001));
#6920=CARTESIAN_POINT('',(2.00000000001001,1.20000000001,2.40000000001));
#6921=CARTESIAN_POINT('',(-2.00000000001,-1.20000000001,2.40000000001));
#6922=CARTESIAN_POINT('',(-1.40076331378452,-0.65,4.19999999830353));
#6923=CARTESIAN_POINT('',(-1.40076331379452,-0.65000000001,4.19999999831353));
#6924=CARTESIAN_POINT('',(-1.40076331378452,-0.75,4.19999999830353));
#6925=CARTESIAN_POINT('',(-1.40076331379452,0.65000000001,4.19999999831353));
#6926=CARTESIAN_POINT('',(-1.50076331378452,0.65,4.19999999830353));
#6927=CARTESIAN_POINT('',(-1.50076331379452,-0.75000000001,4.19999999831353));
#6928=CARTESIAN_POINT('',(-1.40076331379452,-0.75000000001,4.29999999831353));
#6929=CARTESIAN_POINT('',(1.4,-0.75,4.19999999830353));
#6930=CARTESIAN_POINT('',(1.40000000001,-0.75000000001,4.29999999831353));
#6931=CARTESIAN_POINT('',(1.50000000001,-0.75000000001,4.19999999831353));
#6932=CARTESIAN_POINT('',(0.338196601125016,0.233333333333336,1.9));
#6933=CARTESIAN_POINT('',(0.338196601135016,0.233333333343336,1.90000000001));
#6934=CARTESIAN_POINT('',(0.338196601135016,0.233333333343336,1.90000000001));
#6935=CARTESIAN_POINT('',(-1.50076331378452,-0.75,4.29999999830353));
#6936=CARTESIAN_POINT('',(-2.,-1.2,2.4));
#6937=CARTESIAN_POINT('',(-2.00000000001,-1.20000000001,3.00000000001));
#6938=CARTESIAN_POINT('',(0.,0.,3.));
#6939=CARTESIAN_POINT('',(2.00000000001001,1.20000000001,3.00000000001));
#6940=CARTESIAN_POINT('',(1.50000000001,0.750000000010001,3.00000000001));
#6941=CARTESIAN_POINT('',(1.4,0.750000000000001,3.));
#6942=CARTESIAN_POINT('',(1.40000000001,0.65000000001,3.00000000001));
#6943=CARTESIAN_POINT('',(1.5,0.65,3.));
#6944=CARTESIAN_POINT('',(1.50000000001,-0.750000000009999,3.00000000001));
#6945=CARTESIAN_POINT('',(1.5,-0.65,3.));
#6946=CARTESIAN_POINT('',(1.40000000001,-0.65000000001,3.00000000001));
#6947=CARTESIAN_POINT('',(-2.52980506913281E-16,-0.23333333333333,1.9));
#6948=CARTESIAN_POINT('',(0.338196601135015,-0.233333333343331,1.90000000001));
#6949=CARTESIAN_POINT('',(-0.338196601135006,-0.23333333334333,1.90000000001));
#6950=CARTESIAN_POINT('',(0.338196601125015,-0.233333333333331,1.9));
#6951=CARTESIAN_POINT('',(0.338196601135015,-0.233333333343331,1.90000000001));
#6952=CARTESIAN_POINT('',(0.338196601135015,-0.233333333343331,1.90000000001));
#6953=CARTESIAN_POINT('',(-0.338196601125006,-0.23333333333333,1.9));
#6954=CARTESIAN_POINT('',(-0.338196601135006,-0.23333333334333,1.90000000001));
#6955=CARTESIAN_POINT('',(-0.338196601135006,-0.23333333334333,1.90000000001));
#6956=CARTESIAN_POINT('',(0.37783036873233,-0.266361473006094,1.97926753521463));
#6957=CARTESIAN_POINT('',(0.672360679778554,-0.437267799627956,2.3447213595571));
#6958=CARTESIAN_POINT('',(0.679800574807276,-0.494306998597513,2.35960114961454));
#6959=CARTESIAN_POINT('',(0.639773866408438,-0.532215703532692,2.3573176884734));
#6960=CARTESIAN_POINT('',(0.576658139586552,-0.52435897436264,2.33846153847034));
#6961=CARTESIAN_POINT('',(0.338196601125015,-8.66682793758258E-16,1.9));
#6962=CARTESIAN_POINT('',(-1.40076331378452,0.65,4.19999999830353));
#6963=CARTESIAN_POINT('',(-1.40076331379452,0.65000000001,4.19999999831353));
#6964=CARTESIAN_POINT('',(1.5,0.75,4.29999999830353));
#6965=CARTESIAN_POINT('',(-1.40076331379452,0.75000000001,4.29999999831353));
#6966=CARTESIAN_POINT('',(1.40000000001,0.75000000001,4.29999999831353));
#6967=CARTESIAN_POINT('',(-0.576658139586546,-0.618019325080435,2.4));
#6968=CARTESIAN_POINT('',(-0.576658139586546,-0.580588425860829,2.4));
#6969=CARTESIAN_POINT('',(-0.576658139586546,-0.538755474058819,2.37301313774118));
#6970=CARTESIAN_POINT('',(-0.576658139586546,-0.524358974358971,2.33846153846154));
#6971=CARTESIAN_POINT('',(-0.683165138663233,-0.617808533822749,2.4));
#6972=CARTESIAN_POINT('',(-0.666174651762569,-0.586210603997311,2.4));
#6973=CARTESIAN_POINT('',(-0.646470147638159,-0.551419266416235,2.38346771254097));
#6974=CARTESIAN_POINT('',(-0.639018827622457,-0.532121715301128,2.35709211672272));
#6975=CARTESIAN_POINT('',(-0.762906723912528,-0.540496442331232,2.4));
#6976=CARTESIAN_POINT('',(-0.732375326392828,-0.523277183422206,2.4));
#6977=CARTESIAN_POINT('',(-0.699009050003462,-0.503523128966107,2.38449055960506));
#6978=CARTESIAN_POINT('',(-0.679886046752899,-0.494962283574934,2.35977209350581));
#6979=CARTESIAN_POINT('',(-0.763085415028989,-0.437267799624993,2.4));
#6980=CARTESIAN_POINT('',(-0.727609335503046,-0.437267799624993,2.4));
#6981=CARTESIAN_POINT('',(-0.688226064854033,-0.437267799624993,2.37645212970808));
#6982=CARTESIAN_POINT('',(-0.672360679774994,-0.437267799624993,2.34472135955));
#6983=CARTESIAN_POINT('',(-0.576658139596546,-0.616666666676663,2.30000000001));
#6984=CARTESIAN_POINT('',(-0.576658139586546,-0.524358974362613,2.33846153847028));
#6985=CARTESIAN_POINT('',(-0.639761407545149,-0.532214152636881,2.35731396632349));
#6986=CARTESIAN_POINT('',(-0.679802018390022,-0.494318066066118,2.35960403678005));
#6987=CARTESIAN_POINT('',(-0.672360679778521,-0.437267799627932,2.34472135955705));
#6988=CARTESIAN_POINT('',(1.4,0.65,4.29999999830353));
#6989=CARTESIAN_POINT('',(1.50000000001,0.65000000001,4.29999999831353));
#6990=CARTESIAN_POINT('',(1.4,-0.65,4.29999999830353));
#6991=CARTESIAN_POINT('',(1.50000000001,-0.65000000001,4.15000000001));
#6992=CARTESIAN_POINT('',(-1.50076331378452,-0.75,4.15));
#6993=CARTESIAN_POINT('',(-1.50076331379452,0.65000000001,4.15000000001));
#6994=CARTESIAN_POINT('',(1.5,-0.75,4.29999999830353));
#6995=CARTESIAN_POINT('',(-0.623684027268907,-0.47123952178658,2.4709748522878));
#6996=CARTESIAN_POINT('',(1.98770398289012E-16,0.233333333333336,1.9));
#6997=CARTESIAN_POINT('',(-0.338196601125006,9.6668465457649E-16,1.9));
#6998=CARTESIAN_POINT('',(2.00000000000001,1.2,2.4));
#6999=CARTESIAN_POINT('',(-1.40076331378452,0.65,4.29999999830353));
#7000=CARTESIAN_POINT('',(-6.68591339699391E-16,-0.616666666666664,2.3));
#7001=CARTESIAN_POINT('',(0.576658139596552,-0.616666666676664,2.30000000001));
#7002=CARTESIAN_POINT('',(-0.763078075635122,0.437267799625,2.4));
#7003=CARTESIAN_POINT('',(-0.727604442573801,0.437267799625,2.4));
#7004=CARTESIAN_POINT('',(-0.688224970761792,0.437267799625,2.3764499415236));
#7005=CARTESIAN_POINT('',(-0.672360679774992,0.437267799625,2.34472135955));
#7006=CARTESIAN_POINT('',(-0.762900407488744,0.54049287996119,2.4));
#7007=CARTESIAN_POINT('',(-0.73237111544362,0.523274808508849,2.4));
#7008=CARTESIAN_POINT('',(-0.699007731262708,0.503522538601973,2.38448885499582));
#7009=CARTESIAN_POINT('',(-0.679886046752893,0.494962283574947,2.3597720935058));
#7010=CARTESIAN_POINT('',(-0.683161623622211,0.617801996751711,2.4));
#7011=CARTESIAN_POINT('',(-0.666172308401898,0.586206245949953,2.4));
#7012=CARTESIAN_POINT('',(-0.646469633787967,0.551417935638523,2.38346589365447));
#7013=CARTESIAN_POINT('',(-0.63901882762246,0.532121715301132,2.35709211672271));
#7014=CARTESIAN_POINT('',(-0.576658139586542,0.61801158126783,2.4));
#7015=CARTESIAN_POINT('',(-0.576658139586542,0.580583263319094,2.4));
#7016=CARTESIAN_POINT('',(-0.576658139586542,0.538754481262337,2.3730107550296));
#7017=CARTESIAN_POINT('',(-0.576658139586542,0.524358974358978,2.33846153846154));
#7018=CARTESIAN_POINT('',(-0.672360679779035,0.437267799625,2.34472135955808));
#7019=CARTESIAN_POINT('',(-0.679800574809183,0.494306998595157,2.35960114961501));
#7020=CARTESIAN_POINT('',(-0.639773866408522,0.532215703532709,2.35731768847343));
#7021=CARTESIAN_POINT('',(-0.576658139586542,0.524358974362646,2.33846153847034));
#7022=CARTESIAN_POINT('',(-0.37783036873232,0.266361473006099,1.97926753521463));
#7023=CARTESIAN_POINT('',(0.763078075635132,-0.437267799624995,2.4));
#7024=CARTESIAN_POINT('',(0.727604442573811,-0.437267799624994,2.4));
#7025=CARTESIAN_POINT('',(0.688224970761802,-0.437267799624994,2.3764499415236));
#7026=CARTESIAN_POINT('',(0.672360679775001,-0.437267799624994,2.34472135955));
#7027=CARTESIAN_POINT('',(0.762900407488753,-0.540492879961193,2.4));
#7028=CARTESIAN_POINT('',(0.732371115443649,-0.52327480850884,2.4));
#7029=CARTESIAN_POINT('',(0.699007731262738,-0.50352253860196,2.38448885499582));
#7030=CARTESIAN_POINT('',(0.679886046752904,-0.494962283574941,2.3597720935058));
#7031=CARTESIAN_POINT('',(0.683161623622223,-0.617801996751693,2.4));
#7032=CARTESIAN_POINT('',(0.666172308401895,-0.586206245949949,2.4));
#7033=CARTESIAN_POINT('',(0.646469633787961,-0.551417935638525,2.38346589365447));
#7034=CARTESIAN_POINT('',(0.639018827622467,-0.532121715301126,2.35709211672271));
#7035=CARTESIAN_POINT('',(0.576658139586552,-0.618011581267824,2.4));
#7036=CARTESIAN_POINT('',(0.576658139586552,-0.580583263319088,2.4));
#7037=CARTESIAN_POINT('',(0.576658139586552,-0.538754481262331,2.3730107550296));
#7038=CARTESIAN_POINT('',(0.576658139586552,-0.524358974358972,2.33846153846154));
#7039=CARTESIAN_POINT('',(0.,0.,0.));
#7040=CARTESIAN_POINT('',(2.22000000000001,0.75,1.4));
#7041=CARTESIAN_POINT('',(2.22000000000001,0.75,0.35));
#7042=CARTESIAN_POINT('',(0.600000000006668,0.750000000006666,0.350000000006667));
#7043=CARTESIAN_POINT('',(-0.600000000006665,0.750000000006666,0.350000000006667));
#7044=CARTESIAN_POINT('',(-0.6,0.75,1.4));
#7045=CARTESIAN_POINT('',(-0.600000000006665,0.750000000006666,0.800000000006667));
#7046=CARTESIAN_POINT('',(2.22000000000001,0.75,0.8));
#7047=CARTESIAN_POINT('',(0.600000000006668,0.750000000006666,0.800000000006667));
#7048=CARTESIAN_POINT('',(0.600000000000001,0.75,0.8));
#7049=CARTESIAN_POINT('',(2.22,3.33066907387547E-16,1.4));
#7050=CARTESIAN_POINT('',(2.22000000001,-1.00051347814889E-11,3.25000000001));
#7051=CARTESIAN_POINT('',(2.22000000000667,-0.750000000006667,3.25000000000667));
#7052=CARTESIAN_POINT('',(2.22000000000001,0.75,3.25));
#7053=CARTESIAN_POINT('',(2.22000000001001,0.75000000001,1.40000000001));
#7054=CARTESIAN_POINT('',(2.22000000000001,0.75,1.4));
#7055=CARTESIAN_POINT('',(2.22000000001,-0.75000000001,1.40000000001));
#7056=CARTESIAN_POINT('',(2.22000000000667,-0.750000000006667,1.40000000000667));
#7057=CARTESIAN_POINT('',(2.22,-0.749999999999998,1.4));
#7058=CARTESIAN_POINT('',(1.65,0.,1.35));
#7059=CARTESIAN_POINT('',(-1.65,0.,1.35));
#7060=CARTESIAN_POINT('',(-1.25,0.,1.35));
#7061=CARTESIAN_POINT('',(-0.599999999999998,-0.300000000000001,0.8));
#7062=CARTESIAN_POINT('',(-0.599999999999998,-0.300000000000001,0.35));
#7063=CARTESIAN_POINT('',(-0.600000000006665,1.35000000000667,0.350000000006667));
#7064=CARTESIAN_POINT('',(-0.600000000000001,1.35,0.8));
#7065=CARTESIAN_POINT('',(-0.600000000006665,1.35000000000667,0.800000000006667));
#7066=CARTESIAN_POINT('',(-0.599999999999998,-0.300000000000001,0.8));
#7067=CARTESIAN_POINT('',(-2.12499999999999,1.,3.9));
#7068=CARTESIAN_POINT('',(8.26058798084192E-16,0.999999999999998,3.25));
#7069=CARTESIAN_POINT('',(2.55000000000334,1.00000000001,3.25000000000667));
#7070=CARTESIAN_POINT('',(2.12500000000667,1.00000000000667,3.25000000000667));
#7071=CARTESIAN_POINT('',(2.55000000000001,0.999999999999998,3.9));
#7072=CARTESIAN_POINT('',(2.55000000000334,1.00000000001,3.00000000000667));
#7073=CARTESIAN_POINT('',(-2.12499999999999,1.,3.));
#7074=CARTESIAN_POINT('',(2.12500000000667,1.00000000000667,3.00000000000667));
#7075=CARTESIAN_POINT('',(2.125,0.999999999999997,1.4));
#7076=CARTESIAN_POINT('',(2.65,-1.,3.9));
#7077=CARTESIAN_POINT('',(2.65000000001,-1.00000000001,3.00000000001));
#7078=CARTESIAN_POINT('',(2.65,-0.9,3.));
#7079=CARTESIAN_POINT('',(2.65000000000001,0.9,3.));
#7080=CARTESIAN_POINT('',(2.65000000001001,0.90000000001,3.90000000001));
#7081=CARTESIAN_POINT('',(2.65000000000001,0.9,3.25));
#7082=CARTESIAN_POINT('',(2.65000000001,-1.00000000001,3.25000000001));
#7083=CARTESIAN_POINT('',(2.65,-0.9,3.25));
#7084=CARTESIAN_POINT('',(2.65000000001,-0.90000000001,3.90000000001));
#7085=CARTESIAN_POINT('',(0.,0.,3.25));
#7086=CARTESIAN_POINT('',(2.55000000001001,0.90000000001,3.25000000001));
#7087=CARTESIAN_POINT('',(2.12500000001,-1.30000000001,3.25000000001));
#7088=CARTESIAN_POINT('',(2.12500000000001,0.75,3.25));
#7089=CARTESIAN_POINT('',(0.,0.75000000001,3.25000000001));
#7090=CARTESIAN_POINT('',(-2.22,-0.749999999999998,3.25));
#7091=CARTESIAN_POINT('',(2.12500000000667,-0.750000000006667,3.25000000000667));
#7092=CARTESIAN_POINT('',(2.12500000001,-1.30000000001,3.25000000001));
#7093=CARTESIAN_POINT('',(2.125,-1.,3.25));
#7094=CARTESIAN_POINT('',(2.12500000001,-1.00000000001,3.25000000001));
#7095=CARTESIAN_POINT('',(2.55,-1.,3.25));
#7096=CARTESIAN_POINT('',(2.55000000001,-0.90000000001,3.25000000001));
#7097=CARTESIAN_POINT('',(-2.125,-1.3,1.4));
#7098=CARTESIAN_POINT('',(-2.12500000001,-1.30000000001,3.00000000001));
#7099=CARTESIAN_POINT('',(-2.125,-1.3,3.));
#7100=CARTESIAN_POINT('',(-1.38713203435596,-1.3,3.));
#7101=CARTESIAN_POINT('',(-1.38713203436596,-1.30000000001,1.40000000001));
#7102=CARTESIAN_POINT('',(-1.38713203435596,-1.3,1.4));
#7103=CARTESIAN_POINT('',(-2.12500000001,-1.30000000001,1.40000000001));
#7104=CARTESIAN_POINT('',(-2.125,-1.3,1.4));
#7105=CARTESIAN_POINT('',(-2.12500000001,-1.30000000001,1.40000000001));
#7106=CARTESIAN_POINT('',(2.12500000000001,1.3,1.4));
#7107=CARTESIAN_POINT('',(2.12500000001001,1.30000000001,1.40000000001));
#7108=CARTESIAN_POINT('',(-2.12499999999999,1.3,1.4));
#7109=CARTESIAN_POINT('',(-1.38713203435596,1.3,1.4));
#7110=CARTESIAN_POINT('',(-1.38713203436596,1.30000000001,3.00000000001));
#7111=CARTESIAN_POINT('',(-1.38713203435596,1.3,3.));
#7112=CARTESIAN_POINT('',(2.12500000001001,1.30000000001,3.00000000001));
#7113=CARTESIAN_POINT('',(-2.12499999999999,1.3,3.));
#7114=CARTESIAN_POINT('',(-2.12500000000999,1.30000000001,1.40000000001));
#7115=CARTESIAN_POINT('',(2.125,-1.3,1.4));
#7116=CARTESIAN_POINT('',(2.12500000001,-1.30000000001,1.40000000001));
#7117=CARTESIAN_POINT('',(2.12500000000001,1.3,1.4));
#7118=CARTESIAN_POINT('',(2.12500000000001,0.75,1.4));
#7119=CARTESIAN_POINT('',(2.12500000001001,0.75000000001,1.40000000001));
#7120=CARTESIAN_POINT('',(2.12500000001,-1.30000000001,3.00000000001));
#7121=CARTESIAN_POINT('',(2.12500000000001,1.3,3.));
#7122=CARTESIAN_POINT('',(2.12500000001001,1.30000000001,1.40000000001));
#7123=CARTESIAN_POINT('',(-2.12499999999999,1.,3.9));
#7124=CARTESIAN_POINT('',(-2.12500000000999,1.00000000001,3.00000000001));
#7125=CARTESIAN_POINT('',(-2.12499999999999,1.,3.));
#7126=CARTESIAN_POINT('',(-2.54999999999999,1.,3.));
#7127=CARTESIAN_POINT('',(-2.55000000000999,1.00000000001,3.90000000001));
#7128=CARTESIAN_POINT('',(-2.54999999999999,1.,3.25));
#7129=CARTESIAN_POINT('',(-2.12500000000999,1.00000000001,3.25000000001));
#7130=CARTESIAN_POINT('',(-2.12499999999999,1.,3.25));
#7131=CARTESIAN_POINT('',(-2.12500000000999,1.00000000001,3.90000000001));
#7132=CARTESIAN_POINT('',(-2.9,-1.75,0.3));
#7133=CARTESIAN_POINT('',(2.8,1.5,0.3));
#7134=CARTESIAN_POINT('',(3.0000000000104,1.65000000000613,0.300000000006667));
#7135=CARTESIAN_POINT('',(2.90000000000842,1.72912878475515,0.300000000006667));
#7136=CARTESIAN_POINT('',(3.,-1.75,0.3));
#7137=CARTESIAN_POINT('',(3.0000000000104,-1.65000000000613,0.300000000006667));
#7138=CARTESIAN_POINT('',(2.8,-1.5,0.3));
#7139=CARTESIAN_POINT('',(2.90000000000841,-1.72912878475515,0.300000000006667));
#7140=CARTESIAN_POINT('',(2.9,-1.75,0.3));
#7141=CARTESIAN_POINT('',(2.12500000000001,1.3,1.4));
#7142=CARTESIAN_POINT('',(2.12500000001001,1.30000000001,3.00000000001));
#7143=CARTESIAN_POINT('',(1.38713203435597,1.3,3.));
#7144=CARTESIAN_POINT('',(1.38713203436597,1.30000000001,1.40000000001));
#7145=CARTESIAN_POINT('',(1.38713203435597,1.3,1.4));
#7146=CARTESIAN_POINT('',(2.12500000001001,1.30000000001,1.40000000001));
#7147=CARTESIAN_POINT('',(2.8,-1.5,3.));
#7148=CARTESIAN_POINT('',(3.00000000001,-1.65000000001,3.00000000001));
#7149=CARTESIAN_POINT('',(3.,-1.65,3.));
#7150=CARTESIAN_POINT('',(2.80000000001,-1.50000000001,3.00000000001));
#7151=CARTESIAN_POINT('',(2.8,-1.75,3.));
#7152=CARTESIAN_POINT('',(2.80000000001,-1.75000000001,3.00000000001));
#7153=CARTESIAN_POINT('',(2.8,-1.75,0.));
#7154=CARTESIAN_POINT('',(2.80000000001,-1.50000000001,0.));
#7155=CARTESIAN_POINT('',(2.9,-1.72912878474779,0.));
#7156=CARTESIAN_POINT('',(2.90000000000999,-1.7291287847578,3.00000000001));
#7157=CARTESIAN_POINT('',(-2.22,-0.749999999999998,1.4));
#7158=CARTESIAN_POINT('',(-2.22,-0.749999999999998,0.35));
#7159=CARTESIAN_POINT('',(-0.600000000006665,-0.750000000006668,0.350000000006667));
#7160=CARTESIAN_POINT('',(0.600000000006668,-0.750000000006668,0.350000000006667));
#7161=CARTESIAN_POINT('',(0.600000000000001,-0.749999999999998,1.4));
#7162=CARTESIAN_POINT('',(0.600000000006668,-0.750000000006668,0.800000000006667));
#7163=CARTESIAN_POINT('',(-2.22,-0.749999999999998,0.8));
#7164=CARTESIAN_POINT('',(-0.600000000006665,-0.750000000006668,0.800000000006667));
#7165=CARTESIAN_POINT('',(-0.599999999999997,-0.749999999999998,0.8));
#7166=CARTESIAN_POINT('',(0.600000000000001,1.35,0.8));
#7167=CARTESIAN_POINT('',(0.600000000000001,1.35,0.35));
#7168=CARTESIAN_POINT('',(0.600000000006668,-1.35000000000667,0.350000000006667));
#7169=CARTESIAN_POINT('',(0.600000000000001,-1.35,0.8));
#7170=CARTESIAN_POINT('',(0.600000000006668,-1.35000000000667,0.800000000006667));
#7171=CARTESIAN_POINT('',(0.600000000000001,1.35,0.8));
#7172=CARTESIAN_POINT('',(0.599999999999999,-1.35,0.8));
#7173=CARTESIAN_POINT('',(0.600000000009999,-1.35000000001,0.35000000001));
#7174=CARTESIAN_POINT('',(-0.600000000006665,-1.35000000000667,0.350000000006667));
#7175=CARTESIAN_POINT('',(-0.599999999999996,-1.35,0.8));
#7176=CARTESIAN_POINT('',(-0.600000000006665,-1.35000000000667,0.800000000006667));
#7177=CARTESIAN_POINT('',(0.599999999999999,-1.35,0.8));
#7178=CARTESIAN_POINT('',(-3.05,-1.75,3.));
#7179=CARTESIAN_POINT('',(-3.05000000001,-1.75000000001,0.));
#7180=CARTESIAN_POINT('',(1.55,-1.75,0.));
#7181=CARTESIAN_POINT('',(-3.05000000001,-1.75000000001,3.00000000001));
#7182=CARTESIAN_POINT('',(-2.8,-1.75,3.));
#7183=CARTESIAN_POINT('',(-2.80000000001,-1.75000000001,3.00000000001));
#7184=CARTESIAN_POINT('',(-2.8,-1.75,0.));
#7185=CARTESIAN_POINT('',(-3.05000000001,-1.75000000001,0.));
#7186=CARTESIAN_POINT('',(-1.55,-1.75,0.));
#7187=CARTESIAN_POINT('',(-1.55000000001,-1.75000000001,0.35000000001));
#7188=CARTESIAN_POINT('',(-1.55,-1.75,0.35));
#7189=CARTESIAN_POINT('',(1.55000000001,-1.75000000001,0.35000000001));
#7190=CARTESIAN_POINT('',(1.55,-1.75,0.35));
#7191=CARTESIAN_POINT('',(1.55000000001,-1.75000000001,0.35000000001));
#7192=CARTESIAN_POINT('',(-2.8,1.5,3.));
#7193=CARTESIAN_POINT('',(-2.80000000001,1.50000000001,0.));
#7194=CARTESIAN_POINT('',(-2.9,1.7291287847478,0.));
#7195=CARTESIAN_POINT('',(-2.8,1.75,0.));
#7196=CARTESIAN_POINT('',(-2.90000000000999,1.7291287847578,3.00000000001));
#7197=CARTESIAN_POINT('',(-2.9,1.72912878474779,0.3));
#7198=CARTESIAN_POINT('',(-2.80000000001,1.50000000001,0.30000000001));
#7199=CARTESIAN_POINT('',(-3.,1.65,0.3));
#7200=CARTESIAN_POINT('',(-3.00000000001,1.65000000001,3.00000000001));
#7201=CARTESIAN_POINT('',(-3.,1.65,3.));
#7202=CARTESIAN_POINT('',(-2.80000000001,1.50000000001,3.00000000001));
#7203=CARTESIAN_POINT('',(-2.8,1.75,3.));
#7204=CARTESIAN_POINT('',(-2.80000000001,1.75000000001,3.00000000001));
#7205=CARTESIAN_POINT('',(-2.22,-0.749999999999998,1.4));
#7206=CARTESIAN_POINT('',(0.,-0.749999999999998,1.4));
#7207=CARTESIAN_POINT('',(2.12500000000667,-0.750000000006667,1.40000000000667));
#7208=CARTESIAN_POINT('',(2.125,-0.749999999999998,1.4));
#7209=CARTESIAN_POINT('',(3.05,1.75,3.));
#7210=CARTESIAN_POINT('',(3.05000000001,1.75000000001,0.));
#7211=CARTESIAN_POINT('',(-1.55,1.75,0.));
#7212=CARTESIAN_POINT('',(3.05000000001,1.75000000001,3.00000000001));
#7213=CARTESIAN_POINT('',(2.8,1.75,3.));
#7214=CARTESIAN_POINT('',(2.80000000001,1.75000000001,3.00000000001));
#7215=CARTESIAN_POINT('',(2.8,1.75,0.));
#7216=CARTESIAN_POINT('',(3.05000000001,1.75000000001,0.));
#7217=CARTESIAN_POINT('',(1.55,1.75,0.));
#7218=CARTESIAN_POINT('',(1.55000000001,1.75000000001,0.35000000001));
#7219=CARTESIAN_POINT('',(1.55,1.75,0.35));
#7220=CARTESIAN_POINT('',(-1.55000000001,1.75000000001,0.35000000001));
#7221=CARTESIAN_POINT('',(-1.55,1.75,0.35));
#7222=CARTESIAN_POINT('',(-1.55000000001,1.75000000001,0.35000000001));
#7223=CARTESIAN_POINT('',(0.,0.,3.));
#7224=CARTESIAN_POINT('',(-3.00000000001,0.,3.00000000001));
#7225=CARTESIAN_POINT('',(-3.,-1.65,3.));
#7226=CARTESIAN_POINT('',(-2.80000000001,-1.50000000001,3.00000000001));
#7227=CARTESIAN_POINT('',(3.00000000001,0.,3.00000000001));
#7228=CARTESIAN_POINT('',(3.,1.65,3.));
#7229=CARTESIAN_POINT('',(2.80000000001,1.50000000001,3.00000000001));
#7230=CARTESIAN_POINT('',(-1.31250000001,-1.31250000001,3.00000000001));
#7231=CARTESIAN_POINT('',(-1.19393398282202,-1.43106601717798,3.));
#7232=CARTESIAN_POINT('',(-1.28106601717798,-1.34393398282202,3.));
#7233=CARTESIAN_POINT('',(-1.38713203436596,-1.45000000001,3.00000000001));
#7234=CARTESIAN_POINT('',(-2.12500000000999,1.30000000001,3.00000000001));
#7235=CARTESIAN_POINT('',(-2.12500000000666,-1.00000000000667,3.00000000000667));
#7236=CARTESIAN_POINT('',(2.125,-1.,3.));
#7237=CARTESIAN_POINT('',(-2.55000000000333,-1.00000000001,3.00000000000667));
#7238=CARTESIAN_POINT('',(-2.55000000001,-0.900000000009998,3.00000000001));
#7239=CARTESIAN_POINT('',(-2.65,-0.899999999999998,3.));
#7240=CARTESIAN_POINT('',(-2.65000000000999,1.00000000001,3.00000000001));
#7241=CARTESIAN_POINT('',(-2.64999999999999,0.900000000000001,3.));
#7242=CARTESIAN_POINT('',(-2.55000000000999,0.900000000010001,3.00000000001));
#7243=CARTESIAN_POINT('',(-2.12500000000999,1.30000000001,3.00000000001));
#7244=CARTESIAN_POINT('',(-1.38713203436596,1.45000000001,3.00000000001));
#7245=CARTESIAN_POINT('',(-1.28106601717798,1.34393398282202,3.));
#7246=CARTESIAN_POINT('',(-1.31250000001,1.31250000001,3.00000000001));
#7247=CARTESIAN_POINT('',(-1.19393398282201,1.43106601717798,3.));
#7248=CARTESIAN_POINT('',(-1.08786796565403,1.32500000001,3.00000000001));
#7249=CARTESIAN_POINT('',(-1.08786796564403,1.475,3.));
#7250=CARTESIAN_POINT('',(1.15000000001001,1.47500000001,3.00000000001));
#7251=CARTESIAN_POINT('',(1.08786796564404,1.475,3.));
#7252=CARTESIAN_POINT('',(1.08786796565404,1.32500000001,3.00000000001));
#7253=CARTESIAN_POINT('',(1.19393398282202,1.43106601717798,3.));
#7254=CARTESIAN_POINT('',(1.31250000001001,1.31250000001,3.00000000001));
#7255=CARTESIAN_POINT('',(1.28106601717799,1.34393398282202,3.));
#7256=CARTESIAN_POINT('',(1.38713203436597,1.45000000001,3.00000000001));
#7257=CARTESIAN_POINT('',(2.55000000001001,0.90000000001,3.00000000001));
#7258=CARTESIAN_POINT('',(2.55000000001,-0.90000000001,3.00000000001));
#7259=CARTESIAN_POINT('',(2.55,-1.,3.));
#7260=CARTESIAN_POINT('',(2.12500000001,-1.00000000001,3.00000000001));
#7261=CARTESIAN_POINT('',(2.125,-1.,3.));
#7262=CARTESIAN_POINT('',(2.12500000001,-1.30000000001,3.00000000001));
#7263=CARTESIAN_POINT('',(2.125,-1.3,3.));
#7264=CARTESIAN_POINT('',(-2.12500000001,-1.30000000001,3.00000000001));
#7265=CARTESIAN_POINT('',(1.38713203435597,-1.3,3.));
#7266=CARTESIAN_POINT('',(1.38713203436597,-1.45000000001,3.00000000001));
#7267=CARTESIAN_POINT('',(1.28106601717798,-1.34393398282202,3.));
#7268=CARTESIAN_POINT('',(1.31250000001,-1.31250000001,3.00000000001));
#7269=CARTESIAN_POINT('',(1.19393398282202,-1.43106601717798,3.));
#7270=CARTESIAN_POINT('',(1.08786796565404,-1.32500000001,3.00000000001));
#7271=CARTESIAN_POINT('',(1.08786796564404,-1.475,3.));
#7272=CARTESIAN_POINT('',(-1.15000000001,-1.47500000001,3.00000000001));
#7273=CARTESIAN_POINT('',(-1.08786796564403,-1.475,3.));
#7274=CARTESIAN_POINT('',(-1.08786796565403,-1.32500000001,3.00000000001));
#7275=CARTESIAN_POINT('',(-2.125,-1.3,1.4));
#7276=CARTESIAN_POINT('',(-2.12500000001,-1.30000000001,1.40000000001));
#7277=CARTESIAN_POINT('',(2.125,-1.3,1.4));
#7278=CARTESIAN_POINT('',(1.38713203435597,-1.3,1.4));
#7279=CARTESIAN_POINT('',(1.38713203436597,-1.30000000001,3.00000000001));
#7280=CARTESIAN_POINT('',(2.12500000001,-1.30000000001,1.40000000001));
#7281=CARTESIAN_POINT('',(-2.12499999999999,1.3,1.4));
#7282=CARTESIAN_POINT('',(-2.12500000000999,1.30000000001,1.40000000001));
#7283=CARTESIAN_POINT('',(-2.125,-0.749999999999998,1.4));
#7284=CARTESIAN_POINT('',(-2.12500000001,-0.750000000009998,1.40000000001));
#7285=CARTESIAN_POINT('',(-2.125,-0.749999999999998,3.25));
#7286=CARTESIAN_POINT('',(-2.12500000000999,1.30000000001,3.25000000001));
#7287=CARTESIAN_POINT('',(-2.12500000000666,-1.00000000000667,3.25000000000667));
#7288=CARTESIAN_POINT('',(-2.12499999999999,-1.,1.4));
#7289=CARTESIAN_POINT('',(2.125,-1.3,1.4));
#7290=CARTESIAN_POINT('',(2.12500000001,-1.30000000001,1.40000000001));
#7291=CARTESIAN_POINT('',(2.12500000001,-1.00000000001,3.90000000001));
#7292=CARTESIAN_POINT('',(-2.12499999999999,1.3,1.4));
#7293=CARTESIAN_POINT('',(-2.12499999999999,0.75,1.4));
#7294=CARTESIAN_POINT('',(-2.12500000000666,0.750000000006669,1.40000000000667));
#7295=CARTESIAN_POINT('',(-2.12500000000666,0.750000000006668,3.25000000000667));
#7296=CARTESIAN_POINT('',(-2.12500000000999,1.30000000001,1.40000000001));
#7297=CARTESIAN_POINT('',(-2.12500000000999,1.30000000001,3.25000000001));
#7298=CARTESIAN_POINT('',(1.65,0.,1.35));
#7299=CARTESIAN_POINT('',(1.65000000001,0.,1.40000000001));
#7300=CARTESIAN_POINT('',(2.05000000001,0.,1.40000000001));
#7301=CARTESIAN_POINT('',(1.65000000001,0.,1.35000000001));
#7302=CARTESIAN_POINT('',(2.05000000001,0.,1.35000000001));
#7303=CARTESIAN_POINT('',(-3.,-1.75,0.3));
#7304=CARTESIAN_POINT('',(-3.00000000001,-1.75000000001,0.30000000001));
#7305=CARTESIAN_POINT('',(-3.,-1.65,0.3));
#7306=CARTESIAN_POINT('',(-3.00000000001,-1.65000000001,3.00000000001));
#7307=CARTESIAN_POINT('',(-1.325,-1.3,1.4));
#7308=CARTESIAN_POINT('',(-1.19393398283202,-1.43106601718798,1.40000000001));
#7309=CARTESIAN_POINT('',(-1.19393398282202,-1.43106601717798,1.4));
#7310=CARTESIAN_POINT('',(-1.32500000001,-1.30000000001,1.40000000001));
#7311=CARTESIAN_POINT('',(-1.28106601717798,-1.34393398282202,1.4));
#7312=CARTESIAN_POINT('',(-1.28106601718798,-1.34393398283202,3.00000000001));
#7313=CARTESIAN_POINT('',(1.32500000000001,1.3,1.4));
#7314=CARTESIAN_POINT('',(1.19393398283202,1.43106601718798,1.40000000001));
#7315=CARTESIAN_POINT('',(1.19393398282202,1.43106601717798,1.4));
#7316=CARTESIAN_POINT('',(1.32500000001001,1.30000000001,1.40000000001));
#7317=CARTESIAN_POINT('',(1.28106601717799,1.34393398282202,1.4));
#7318=CARTESIAN_POINT('',(1.28106601718799,1.34393398283202,3.00000000001));
#7319=CARTESIAN_POINT('',(2.9,-1.75,0.3));
#7320=CARTESIAN_POINT('',(2.90000000001,-1.75000000001,0.));
#7321=CARTESIAN_POINT('',(2.9,1.72912878474779,0.));
#7322=CARTESIAN_POINT('',(2.90000000000999,1.7291287847578,3.00000000001));
#7323=CARTESIAN_POINT('',(0.600000000000001,1.35,0.8));
#7324=CARTESIAN_POINT('',(0.600000000000001,1.35,0.35));
#7325=CARTESIAN_POINT('',(0.600000000006668,0.300000000006666,0.350000000006667));
#7326=CARTESIAN_POINT('',(0.600000000006668,-0.300000000006668,0.350000000006667));
#7327=CARTESIAN_POINT('',(0.600000000000001,-0.300000000000001,0.8));
#7328=CARTESIAN_POINT('',(0.600000000006668,-0.300000000006668,0.800000000006667));
#7329=CARTESIAN_POINT('',(0.600000000000001,1.35,0.8));
#7330=CARTESIAN_POINT('',(0.600000000006668,0.300000000006666,0.800000000006667));
#7331=CARTESIAN_POINT('',(0.600000000000001,0.299999999999999,0.8));
#7332=CARTESIAN_POINT('',(2.125,-1.,3.9));
#7333=CARTESIAN_POINT('',(0.,-1.,3.25));
#7334=CARTESIAN_POINT('',(-2.55000000000333,-1.00000000001,3.25000000000667));
#7335=CARTESIAN_POINT('',(-2.55,-0.999999999999999,3.9));
#7336=CARTESIAN_POINT('',(-0.599999999999998,-0.300000000000001,0.8));
#7337=CARTESIAN_POINT('',(-0.599999999999998,-0.300000000000001,0.35));
#7338=CARTESIAN_POINT('',(-0.599999999999998,-0.300000000000001,0.8));
#7339=CARTESIAN_POINT('',(-1.08786796564403,-1.325,1.4));
#7340=CARTESIAN_POINT('',(-1.08786796565403,-1.47500000001,1.40000000001));
#7341=CARTESIAN_POINT('',(-1.08786796564403,-1.475,1.4));
#7342=CARTESIAN_POINT('',(-1.08786796565403,-1.32500000001,1.40000000001));
#7343=CARTESIAN_POINT('',(-2.9,-1.75,0.3));
#7344=CARTESIAN_POINT('',(-2.90000000001,-1.75000000001,0.30000000001));
#7345=CARTESIAN_POINT('',(-2.9,-1.72912878474779,0.3));
#7346=CARTESIAN_POINT('',(-2.80000000001,-1.50000000001,0.30000000001));
#7347=CARTESIAN_POINT('',(-1.65,0.,1.35));
#7348=CARTESIAN_POINT('',(-1.65000000001,0.,1.40000000001));
#7349=CARTESIAN_POINT('',(-1.25000000001,0.,1.40000000001));
#7350=CARTESIAN_POINT('',(-2.22,-0.749999999999998,1.4));
#7351=CARTESIAN_POINT('',(0.,-0.75000000001,3.25000000001));
#7352=CARTESIAN_POINT('',(-2.22,-0.749999999999998,3.25));
#7353=CARTESIAN_POINT('',(-2.22000000001,-0.750000000009998,1.40000000001));
#7354=CARTESIAN_POINT('',(-2.22,-0.749999999999998,1.4));
#7355=CARTESIAN_POINT('',(-2.22000000001,-0.750000000009998,1.40000000001));
#7356=CARTESIAN_POINT('',(2.8,1.5,3.));
#7357=CARTESIAN_POINT('',(3.00000000001,1.65000000001,3.00000000001));
#7358=CARTESIAN_POINT('',(2.80000000001,1.50000000001,0.));
#7359=CARTESIAN_POINT('',(1.08786796564404,-1.325,1.4));
#7360=CARTESIAN_POINT('',(1.19393398283202,-1.43106601718798,1.40000000001));
#7361=CARTESIAN_POINT('',(1.19393398282202,-1.43106601717798,1.4));
#7362=CARTESIAN_POINT('',(1.08786796565404,-1.32500000001,1.40000000001));
#7363=CARTESIAN_POINT('',(1.08786796564404,-1.475,1.4));
#7364=CARTESIAN_POINT('',(1.08786796565404,-1.47500000001,1.40000000001));
#7365=CARTESIAN_POINT('',(1.38713203435597,1.45,1.4));
#7366=CARTESIAN_POINT('',(1.38713203436597,1.45000000001,1.40000000001));
#7367=CARTESIAN_POINT('',(1.08786796564404,1.325,1.4));
#7368=CARTESIAN_POINT('',(1.08786796565404,1.47500000001,1.40000000001));
#7369=CARTESIAN_POINT('',(1.08786796564404,1.475,1.4));
#7370=CARTESIAN_POINT('',(1.08786796565404,1.32500000001,1.40000000001));
#7371=CARTESIAN_POINT('',(-2.55,-0.899999999999998,3.9));
#7372=CARTESIAN_POINT('',(-2.55000000001,-0.900000000009998,3.25000000001));
#7373=CARTESIAN_POINT('',(-2.65,-0.899999999999998,3.25));
#7374=CARTESIAN_POINT('',(-2.65000000001,-0.900000000009998,3.90000000001));
#7375=CARTESIAN_POINT('',(2.55,-0.9,3.9));
#7376=CARTESIAN_POINT('',(2.55000000001,-1.00000000001,3.90000000001));
#7377=CARTESIAN_POINT('',(-2.64999999999999,1.,3.9));
#7378=CARTESIAN_POINT('',(-2.65000000000999,1.00000000001,3.25000000001));
#7379=CARTESIAN_POINT('',(-2.64999999999999,0.900000000000001,3.25));
#7380=CARTESIAN_POINT('',(-2.65000000000999,0.900000000010001,3.90000000001));
#7381=CARTESIAN_POINT('',(-1.38713203435596,1.45,1.4));
#7382=CARTESIAN_POINT('',(-1.38713203436596,1.45000000001,1.40000000001));
#7383=CARTESIAN_POINT('',(-1.28106601717798,1.34393398282202,1.4));
#7384=CARTESIAN_POINT('',(-1.28106601718798,1.34393398283202,1.40000000001));
#7385=CARTESIAN_POINT('',(-1.08786796564403,1.325,1.4));
#7386=CARTESIAN_POINT('',(-1.19393398283201,1.43106601718798,1.40000000001));
#7387=CARTESIAN_POINT('',(-1.19393398282201,1.43106601717798,1.4));
#7388=CARTESIAN_POINT('',(-1.08786796565403,1.32500000001,1.40000000001));
#7389=CARTESIAN_POINT('',(-1.08786796564403,1.475,1.4));
#7390=CARTESIAN_POINT('',(-1.08786796565403,1.47500000001,1.40000000001));
#7391=CARTESIAN_POINT('',(2.55000000000001,0.9,3.9));
#7392=CARTESIAN_POINT('',(1.325,-1.3,1.4));
#7393=CARTESIAN_POINT('',(1.28106601718798,-1.34393398283202,1.40000000001));
#7394=CARTESIAN_POINT('',(1.28106601717798,-1.34393398282202,1.4));
#7395=CARTESIAN_POINT('',(1.32500000001,-1.30000000001,1.40000000001));
#7396=CARTESIAN_POINT('',(3.,-1.75,3.25000000000002));
#7397=CARTESIAN_POINT('',(-1.38713203435596,-1.45,1.4));
#7398=CARTESIAN_POINT('',(-1.38713203436596,-1.45000000001,1.40000000001));
#7399=CARTESIAN_POINT('',(0.,0.,0.8));
#7400=CARTESIAN_POINT('',(-0.599999999999998,-0.300000000000001,0.8));
#7401=CARTESIAN_POINT('',(-0.600000000006665,0.300000000006666,0.800000000006667));
#7402=CARTESIAN_POINT('',(-0.600000000006665,-0.300000000006668,0.800000000006667));
#7403=CARTESIAN_POINT('',(-0.599999999999999,0.299999999999999,0.8));
#7404=CARTESIAN_POINT('',(0.599999999999999,-0.300000000000001,0.8));
#7405=CARTESIAN_POINT('',(1.38713203435597,-1.45,1.4));
#7406=CARTESIAN_POINT('',(1.38713203436597,-1.45000000001,1.40000000001));
#7407=CARTESIAN_POINT('',(0.,0.,0.8));
#7408=CARTESIAN_POINT('',(0.599999999999999,-0.300000000000001,0.8));
#7409=CARTESIAN_POINT('',(0.600000000009999,-0.300000000010001,0.35000000001));
#7410=CARTESIAN_POINT('',(-0.599999999999998,-0.300000000000001,0.35));
#7411=CARTESIAN_POINT('',(-0.600000000009998,-0.300000000010001,0.80000000001));
#7412=CARTESIAN_POINT('',(2.22000000000001,0.75,1.4));
#7413=CARTESIAN_POINT('',(2.22000000000001,0.75,3.25));
#7414=CARTESIAN_POINT('',(-2.22000000000666,0.750000000006668,3.25000000000667));
#7415=CARTESIAN_POINT('',(-2.21999999999999,0.75,1.4));
#7416=CARTESIAN_POINT('',(-2.22000000000666,0.750000000006669,1.40000000000667));
#7417=CARTESIAN_POINT('',(0.,0.75,1.4));
#7418=CARTESIAN_POINT('',(-2.8,-1.5,3.));
#7419=CARTESIAN_POINT('',(-2.90000000000999,-1.7291287847578,3.00000000001));
#7420=CARTESIAN_POINT('',(-2.9,-1.7291287847478,0.));
#7421=CARTESIAN_POINT('',(-2.80000000001,-1.50000000001,0.));
#7422=CARTESIAN_POINT('',(0.600000000000001,1.35,0.8));
#7423=CARTESIAN_POINT('',(0.600000000010001,1.35000000001,0.35000000001));
#7424=CARTESIAN_POINT('',(0.600000000000001,1.35,0.35));
#7425=CARTESIAN_POINT('',(0.600000000010001,1.35000000001,0.80000000001));
#7426=CARTESIAN_POINT('',(0.600000000000001,1.35,0.8));
#7427=CARTESIAN_POINT('',(0.600000000010001,1.35000000001,0.80000000001));
#7428=CARTESIAN_POINT('',(0.,0.,1.4));
#7429=CARTESIAN_POINT('',(-1.15000000001,-1.47500000001,1.40000000001));
#7430=CARTESIAN_POINT('',(2.22000000001001,0.75000000001,1.40000000001));
#7431=CARTESIAN_POINT('',(1.15000000001001,1.47500000001,1.40000000001));
#7432=CARTESIAN_POINT('',(-1.32500000000999,1.30000000001,1.40000000001));
#7433=CARTESIAN_POINT('',(-2.22000000001,1.00016653345369E-11,1.40000000001));
#7434=CARTESIAN_POINT('',(0.,0.,0.35));
#7435=CARTESIAN_POINT('',(-1.55000000001,-1.75000000001,0.35000000001));
#7436=CARTESIAN_POINT('',(1.55000000001,1.75000000001,0.35000000001));
#7437=CARTESIAN_POINT('',(-0.600000000009999,1.35000000001,0.35000000001));
#7438=CARTESIAN_POINT('',(-0.600000000009998,-0.300000000010001,0.35000000001));
#7439=CARTESIAN_POINT('',(-0.599999999999999,0.299999999999999,0.35));
#7440=CARTESIAN_POINT('',(-0.600000000009999,0.300000000009999,0.35000000001));
#7441=CARTESIAN_POINT('',(0.,0.,0.8));
#7442=CARTESIAN_POINT('',(-0.600000000009999,1.35000000001,0.80000000001));
#7443=CARTESIAN_POINT('',(-0.599999999999999,1.35,0.8));
#7444=CARTESIAN_POINT('',(-0.599999999999999,0.299999999999999,0.8));
#7445=CARTESIAN_POINT('',(-0.600000000009999,0.300000000009999,0.80000000001));
#7446=CARTESIAN_POINT('',(1.65,0.,1.35));
#7447=CARTESIAN_POINT('',(-0.599999999999998,-0.300000000000001,0.8));
#7448=CARTESIAN_POINT('',(2.22000000000001,0.75,1.4));
#7449=CARTESIAN_POINT('',(2.125,-1.,3.9));
#7450=CARTESIAN_POINT('',(-2.21999999999999,0.750000000000002,1.4));
#7451=CARTESIAN_POINT('',(-2.22000000001,1.00051347814889E-11,3.25000000001));
#7452=CARTESIAN_POINT('',(0.,0.,3.25));
#7453=CARTESIAN_POINT('',(-2.55000000000999,0.900000000010001,3.25000000001));
#7454=CARTESIAN_POINT('',(1.15000000000001,1.475,1.4));
#7455=CARTESIAN_POINT('',(-1.15,-1.475,1.4));
#7456=CARTESIAN_POINT('',(-1.32499999999999,1.3,1.4));
#7457=CARTESIAN_POINT('',(-2.9,-1.75,0.));
#7458=CARTESIAN_POINT('',(-2.90000000001,-1.75000000001,0.));
#7459=CARTESIAN_POINT('',(0.,0.,0.));
#7460=CARTESIAN_POINT('',(1.55000000001,1.75000000001,0.));
#7461=CARTESIAN_POINT('',(0.,0.,0.));
#7462=CARTESIAN_POINT('',(-1.55000000001,-1.75000000001,0.));
#7463=CARTESIAN_POINT('',(-2.54999999999999,0.900000000000001,3.9));
#7464=CARTESIAN_POINT('',(1.55,1.75,0.35));
#7465=CARTESIAN_POINT('',(-1.55,-1.75,0.35));
#7466=CARTESIAN_POINT('',(0.,0.,0.));
#7467=CARTESIAN_POINT('',(0.575000000000001,1.3,1.601));
#7468=CARTESIAN_POINT('',(0.575000000010001,1.30000000001,1.40100000001));
#7469=CARTESIAN_POINT('',(0.575000000000001,1.3,1.401));
#7470=CARTESIAN_POINT('',(-0.574999999999999,1.3,1.401));
#7471=CARTESIAN_POINT('',(-0.575000000009999,1.30000000001,1.60100000001));
#7472=CARTESIAN_POINT('',(-0.574999999999999,1.3,1.551));
#7473=CARTESIAN_POINT('',(0.575000000010001,1.30000000001,1.55100000001));
#7474=CARTESIAN_POINT('',(0.575000000000001,1.3,1.551));
#7475=CARTESIAN_POINT('',(0.575000000010001,1.30000000001,1.60100000001));
#7476=CARTESIAN_POINT('',(0.974999999999998,1.475,1.101));
#7477=CARTESIAN_POINT('',(0.975000000009998,1.47500000001,1.40100000001));
#7478=CARTESIAN_POINT('',(0.974999999999998,1.475,1.401));
#7479=CARTESIAN_POINT('',(-0.975000000000002,1.475,1.401));
#7480=CARTESIAN_POINT('',(0.975000000009998,1.47500000001,1.10100000001));
#7481=CARTESIAN_POINT('',(0.974999999999998,1.475,1.101));
#7482=CARTESIAN_POINT('',(0.975000000009998,1.47500000001,1.10100000001));
#7483=CARTESIAN_POINT('',(-0.975000000000002,1.475,1.101));
#7484=CARTESIAN_POINT('',(-0.975000000010002,1.47500000001,1.10100000001));
#7485=CARTESIAN_POINT('',(3.12818987471228E-16,1.1,1.551));
#7486=CARTESIAN_POINT('',(-0.575000000009999,1.30000000001,1.55100000001));
#7487=CARTESIAN_POINT('',(-0.575,0.9,1.551));
#7488=CARTESIAN_POINT('',(-0.57500000001,0.90000000001,1.55100000001));
#7489=CARTESIAN_POINT('',(0.575,0.9,1.551));
#7490=CARTESIAN_POINT('',(0.57500000001,0.90000000001,1.55100000001));
#7491=CARTESIAN_POINT('',(3.12818987471228E-16,1.1,1.101));
#7492=CARTESIAN_POINT('',(-0.975000000010002,1.47500000001,1.10100000001));
#7493=CARTESIAN_POINT('',(-0.975000000000004,0.725,1.101));
#7494=CARTESIAN_POINT('',(0.975000000009997,0.72500000001,1.10100000001));
#7495=CARTESIAN_POINT('',(0.974999999999997,0.725,1.101));
#7496=CARTESIAN_POINT('',(-0.975000000010004,0.72500000001,1.10100000001));
#7497=CARTESIAN_POINT('',(3.12818987471228E-16,1.1,1.401));
#7498=CARTESIAN_POINT('',(-0.975000000010002,1.47500000001,1.40100000001));
#7499=CARTESIAN_POINT('',(-0.975000000000004,0.725,1.401));
#7500=CARTESIAN_POINT('',(-0.975000000010004,0.72500000001,1.40100000001));
#7501=CARTESIAN_POINT('',(0.974999999999997,0.725,1.401));
#7502=CARTESIAN_POINT('',(0.975000000009997,0.72500000001,1.40100000001));
#7503=CARTESIAN_POINT('',(-0.575000000009999,1.30000000001,1.40100000001));
#7504=CARTESIAN_POINT('',(-0.575,0.9,1.401));
#7505=CARTESIAN_POINT('',(0.57500000001,0.90000000001,1.40100000001));
#7506=CARTESIAN_POINT('',(0.575,0.9,1.401));
#7507=CARTESIAN_POINT('',(-0.57500000001,0.90000000001,1.40100000001));
#7508=CARTESIAN_POINT('',(-0.574999999999999,1.3,1.601));
#7509=CARTESIAN_POINT('',(-0.57500000001,0.90000000001,1.60100000001));
#7510=CARTESIAN_POINT('',(0.575,0.9,1.601));
#7511=CARTESIAN_POINT('',(0.57500000001,0.90000000001,1.60100000001));
#7512=CARTESIAN_POINT('',(-0.575,0.9,1.601));
#7513=CARTESIAN_POINT('',(-0.975000000000002,1.475,1.101));
#7514=CARTESIAN_POINT('',(-0.975000000010004,0.72500000001,1.10100000001));
#7515=CARTESIAN_POINT('',(0.974999999999997,0.725,1.101));
#7516=CARTESIAN_POINT('',(0.975000000009997,0.72500000001,1.10100000001));
#7517=CARTESIAN_POINT('',(-0.975000000000004,0.725,1.101));
#7518=CARTESIAN_POINT('',(0.,0.,0.));
#7519=CARTESIAN_POINT('',(0.,-1.1,1.551));
#7520=CARTESIAN_POINT('',(-0.57500000001,-0.90000000001,1.55100000001));
#7521=CARTESIAN_POINT('',(-0.575,-0.9,1.551));
#7522=CARTESIAN_POINT('',(-0.575,-1.3,1.551));
#7523=CARTESIAN_POINT('',(-0.57500000001,-1.30000000001,1.55100000001));
#7524=CARTESIAN_POINT('',(0.575,-1.3,1.551));
#7525=CARTESIAN_POINT('',(0.57500000001,-1.30000000001,1.55100000001));
#7526=CARTESIAN_POINT('',(0.575,-0.9,1.551));
#7527=CARTESIAN_POINT('',(0.57500000001,-0.90000000001,1.55100000001));
#7528=CARTESIAN_POINT('',(0.,-1.1,1.401));
#7529=CARTESIAN_POINT('',(-0.975000000010003,-0.72500000001,1.40100000001));
#7530=CARTESIAN_POINT('',(-0.975000000000003,-0.725,1.401));
#7531=CARTESIAN_POINT('',(-0.975000000000004,-1.475,1.401));
#7532=CARTESIAN_POINT('',(-0.975000000010004,-1.47500000001,1.40100000001));
#7533=CARTESIAN_POINT('',(0.974999999999996,-1.475,1.401));
#7534=CARTESIAN_POINT('',(0.975000000009996,-1.47500000001,1.40100000001));
#7535=CARTESIAN_POINT('',(0.974999999999998,-0.725,1.401));
#7536=CARTESIAN_POINT('',(0.975000000009997,-0.72500000001,1.40100000001));
#7537=CARTESIAN_POINT('',(-0.57500000001,-0.90000000001,1.40100000001));
#7538=CARTESIAN_POINT('',(-0.575,-0.9,1.401));
#7539=CARTESIAN_POINT('',(-0.575,-1.3,1.401));
#7540=CARTESIAN_POINT('',(0.57500000001,-0.90000000001,1.40100000001));
#7541=CARTESIAN_POINT('',(0.575,-0.9,1.401));
#7542=CARTESIAN_POINT('',(0.57500000001,-1.30000000001,1.40100000001));
#7543=CARTESIAN_POINT('',(0.575,-1.3,1.401));
#7544=CARTESIAN_POINT('',(-0.57500000001,-1.30000000001,1.40100000001));
#7545=CARTESIAN_POINT('',(-0.975000000000003,-0.725,1.101));
#7546=CARTESIAN_POINT('',(-0.975000000010003,-0.72500000001,1.10100000001));
#7547=CARTESIAN_POINT('',(-0.975000000000003,-0.725,1.101));
#7548=CARTESIAN_POINT('',(-0.975000000010003,-0.72500000001,1.10100000001));
#7549=CARTESIAN_POINT('',(-0.975000000000004,-1.475,1.101));
#7550=CARTESIAN_POINT('',(-0.975000000010004,-1.47500000001,1.10100000001));
#7551=CARTESIAN_POINT('',(0.974999999999996,-1.475,1.101));
#7552=CARTESIAN_POINT('',(0.975000000009996,-1.47500000001,1.10100000001));
#7553=CARTESIAN_POINT('',(0.974999999999996,-1.475,1.101));
#7554=CARTESIAN_POINT('',(0.975000000009996,-1.47500000001,1.10100000001));
#7555=CARTESIAN_POINT('',(0.974999999999998,-0.725,1.101));
#7556=CARTESIAN_POINT('',(0.975000000009998,-0.72500000001,1.10100000001));
#7557=CARTESIAN_POINT('',(-0.575,-0.9,1.601));
#7558=CARTESIAN_POINT('',(-0.57500000001,-1.30000000001,1.60100000001));
#7559=CARTESIAN_POINT('',(-0.57500000001,-0.90000000001,1.60100000001));
#7560=CARTESIAN_POINT('',(0.974999999999997,-0.725,1.101));
#7561=CARTESIAN_POINT('',(0.975000000009997,-0.72500000001,1.10100000001));
#7562=CARTESIAN_POINT('',(0.575,-0.9,1.601));
#7563=CARTESIAN_POINT('',(0.57500000001,-0.90000000001,1.60100000001));
#7564=CARTESIAN_POINT('',(-0.575,-1.3,1.601));
#7565=CARTESIAN_POINT('',(0.57500000001,-1.30000000001,1.60100000001));
#7566=CARTESIAN_POINT('',(0.575,-1.3,1.601));
#7567=CARTESIAN_POINT('',(-0.975000000000004,-1.475,1.101));
#7568=CARTESIAN_POINT('',(-0.975000000010004,-1.47500000001,1.10100000001));
#7569=CARTESIAN_POINT('',(0.,-1.1,1.101));
#7570=CARTESIAN_POINT('',(0.,0.,0.));
#7571=CARTESIAN_POINT('',(1.17824968546072,-1.25066084622583,1.71985931473282));
#7572=CARTESIAN_POINT('',(1.17848242042533,-1.25062379705183,1.71992469715551));
#7573=CARTESIAN_POINT('',(1.17871515538993,-1.25058674787783,1.71999007957821));
#7574=CARTESIAN_POINT('',(1.22549488327577,-1.24313986390358,1.7331319465404));
#7575=CARTESIAN_POINT('',(1.2749974274159,-1.23365988224011,1.73374324194565));
#7576=CARTESIAN_POINT('',(1.32105771647185,-1.22500000026179,1.7231086891515));
#7577=CARTESIAN_POINT('',(1.19242688612286,-1.22477766343578,1.65540368722341));
#7578=CARTESIAN_POINT('',(1.19261013852555,-1.2247805025698,1.65544238917927));
#7579=CARTESIAN_POINT('',(1.19279339092824,-1.22478334170381,1.65548109113513));
#7580=CARTESIAN_POINT('',(1.22962712386949,-1.22535400764112,1.66326018426364));
#7581=CARTESIAN_POINT('',(1.26864002207712,-1.22494829428414,1.6624559386939));
#7582=CARTESIAN_POINT('',(1.30510990356726,-1.22500000000134,1.65403565108226));
#7583=CARTESIAN_POINT('',(1.19289337764516,-1.22493909456111,1.65590283022533));
#7584=CARTESIAN_POINT('',(1.17904063354893,-1.2503792320579,1.71962802842156));
#7585=CARTESIAN_POINT('',(1.1928931938186,-1.22493909194481,1.65590279129707));
#7586=CARTESIAN_POINT('',(1.17904045152182,-1.25037922370036,1.71962799217669));
#7587=CARTESIAN_POINT('',(1.30520454279668,-1.22500000001289,1.65444554672526));
#7588=CARTESIAN_POINT('',(1.29348165716147,-1.22499999709953,1.65715191532148));
#7589=CARTESIAN_POINT('',(1.28155050184855,-1.22504820838182,1.6590782441926));
#7590=CARTESIAN_POINT('',(1.25693155437796,-1.22514854268174,1.66135701947265));
#7591=CARTESIAN_POINT('',(1.24417435610551,-1.22519985699207,1.66162267928937));
#7592=CARTESIAN_POINT('',(1.21853807093928,-1.22518797105553,1.66026681702503));
#7593=CARTESIAN_POINT('',(1.20558771333077,-1.22512146158934,1.6585990167297));
#7594=CARTESIAN_POINT('',(1.19288929036475,-1.22494629144487,1.65592082840745));
#7595=CARTESIAN_POINT('',(1.30520455941661,-1.225,1.65444561874934));
#7596=CARTESIAN_POINT('',(1.30520455833481,-1.22500000001289,1.65444561901141));
#7597=CARTESIAN_POINT('',(1.32095211231456,-1.22500000027007,1.72265129724758));
#7598=CARTESIAN_POINT('',(1.32095211368194,-1.225,1.72265129691956));
#7599=CARTESIAN_POINT('',(1.32095209686484,-1.22500000001218,1.72265122404098));
#7600=CARTESIAN_POINT('',(1.30503567925396,-1.22797663210458,1.72632578724942));
#7601=CARTESIAN_POINT('',(1.28876900393556,-1.23104217221371,1.72866953057753));
#7602=CARTESIAN_POINT('',(1.25702398085299,-1.23693220722674,1.73052402359129));
#7603=CARTESIAN_POINT('',(1.24144951870962,-1.23977800891667,1.73018306791762));
#7604=CARTESIAN_POINT('',(1.21019771394834,-1.24528070401135,1.72694015690918));
#7605=CARTESIAN_POINT('',(1.1944207711489,-1.24794872965109,1.72395753124964));
#7606=CARTESIAN_POINT('',(1.17903483648253,-1.25038946993967,1.71965387745258));
#7607=CARTESIAN_POINT('',(-0.279153175067008,-0.925000000000002,-3.88876618688101));
#7608=CARTESIAN_POINT('',(2.12500000529597,-0.925000000000002,1.40000001345462));
#7609=CARTESIAN_POINT('',(2.12500000529597,-1.08350777257853,1.40000001345462));
#7610=CARTESIAN_POINT('',(1.99330123589932,-1.22500000039571,1.45230607341306));
#7611=CARTESIAN_POINT('',(1.84300410342255,-1.22500000000137,1.50265745825839));
#7612=CARTESIAN_POINT('',(2.12500000265299,-0.925000000005002,1.40000000673231));
#7613=CARTESIAN_POINT('',(1.84300410414381,-1.22500000001,1.50265745801336));
#7614=CARTESIAN_POINT('',(2.12500000001,-0.925000000010002,1.40000000001));
#7615=CARTESIAN_POINT('',(2.15063855300321,-0.925000000005002,1.46513574758124));
#7616=CARTESIAN_POINT('',(1.86867658754667,-1.225,1.56787940916512));
#7617=CARTESIAN_POINT('',(2.01894012362838,-1.22500000038981,1.51743609903586));
#7618=CARTESIAN_POINT('',(2.1506385556461,-1.08350639734265,1.46513575430359));
#7619=CARTESIAN_POINT('',(2.1506385556461,-0.925000000000002,1.46513575430359));
#7620=CARTESIAN_POINT('',(1.86867658791033,-1.225000000005,1.56787940904304));
#7621=CARTESIAN_POINT('',(-0.279153175077008,-1.22500000001,-3.88876618689101));
#7622=CARTESIAN_POINT('',(-1.76179159306797,0.575000000000001,1.52920114843255));
#7623=CARTESIAN_POINT('',(-1.76179159745875,1.225,1.52920116220917));
#7624=CARTESIAN_POINT('',(-1.76179161984081,-0.425000000006668,1.52920123242178));
#7625=CARTESIAN_POINT('',(-1.76179161984081,-0.725000000006668,1.52920123242178));
#7626=CARTESIAN_POINT('',(-1.76179159306797,-0.425000000000002,1.52920114843255));
#7627=CARTESIAN_POINT('',(-1.78304793744953,-0.425000000006668,1.59589565219144));
#7628=CARTESIAN_POINT('',(-1.78304796567771,1.225,1.5958957407755));
#7629=CARTESIAN_POINT('',(-1.78304793744953,-0.725000000006668,1.59589565219144));
#7630=CARTESIAN_POINT('',(3.63509102788828E-15,-0.725000000000001,-3.99864568838155));
#7631=CARTESIAN_POINT('',(2.60208521396521E-15,-0.725000000000001,-3.99864568838155));
#7632=CARTESIAN_POINT('',(-0.805889364290394,-0.725000000010003,1.74692152481293));
#7633=CARTESIAN_POINT('',(-0.81561258078109,-0.725000000010002,1.81624294330011));
#7634=CARTESIAN_POINT('',(-0.805889364280522,-0.725000000000001,1.74692152480291));
#7635=CARTESIAN_POINT('',(-0.81561258077122,-0.725000000000001,1.81624294329009));
#7636=CARTESIAN_POINT('',(1.0002602085214E-11,-0.725000000010001,-3.99864568839155));
#7637=CARTESIAN_POINT('',(1.0002602085214E-11,-0.725000000010001,-3.99864568839155));
#7638=CARTESIAN_POINT('',(1.19297650223211,-1.22478643879127,1.65552044161573));
#7639=CARTESIAN_POINT('',(0.996757782193244,-1.22204125191048,1.61396184534849));
#7640=CARTESIAN_POINT('',(0.798353692439297,-1.21999318117754,1.58292852396699));
#7641=CARTESIAN_POINT('',(0.399333022687984,-1.21724008715031,1.54169061179826));
#7642=CARTESIAN_POINT('',(0.198716701555914,-1.21653499930824,1.53148479649157));
#7643=CARTESIAN_POINT('',(-0.202572465660423,-1.21643036903205,1.53167034501398));
#7644=CARTESIAN_POINT('',(-0.403245631669898,-1.21703096454569,1.54206162787971));
#7645=CARTESIAN_POINT('',(-0.80249383580777,-1.21952328335091,1.58322923381475));
#7646=CARTESIAN_POINT('',(-1.00106866590427,-1.22141474116156,1.61400678269602));
#7647=CARTESIAN_POINT('',(-1.19751483104634,-1.22395157695908,1.65487029234632));
#7648=CARTESIAN_POINT('',(1.17895620407008,-1.25053428416475,1.72001641966448));
#7649=CARTESIAN_POINT('',(0.984688049894366,-1.24158701267797,1.68135781555292));
#7650=CARTESIAN_POINT('',(0.788632929744032,-1.23292705499309,1.65211765542513));
#7651=CARTESIAN_POINT('',(0.394472875928296,-1.22056180607207,1.61250204723113));
#7652=CARTESIAN_POINT('',(0.196324539338606,-1.21686733731239,1.60233190951361));
#7653=CARTESIAN_POINT('',(-0.200114897163727,-1.21651895952648,1.60251594347281));
#7654=CARTESIAN_POINT('',(-0.398352356477877,-1.21984192134145,1.61288368995652));
#7655=CARTESIAN_POINT('',(-0.792842933584328,-1.23174382750957,1.65254826788016));
#7656=CARTESIAN_POINT('',(-0.989130931265219,-1.24036728400306,1.68163957225771));
#7657=CARTESIAN_POINT('',(-1.18374457852052,-1.24954893903301,1.71947994090306));
#7658=CARTESIAN_POINT('',(-1.19743319004838,-1.22410334054693,1.65525335512228));
#7659=CARTESIAN_POINT('',(-1.18382761928973,-1.24939468835398,1.71909093159911));
#7660=CARTESIAN_POINT('',(-1.1974330486076,-1.22410333868189,1.65525332570437));
#7661=CARTESIAN_POINT('',(-1.18382736318447,-1.24939478658739,1.71909083808563));
#7662=CARTESIAN_POINT('',(1.19289319382857,-1.22493909195483,1.65590279130728));
#7663=CARTESIAN_POINT('',(0.801149609428466,-1.21938468634154,1.57296200748069));
#7664=CARTESIAN_POINT('',(-0.00111311528683914,-1.21380484852651,1.49080230368843));
#7665=CARTESIAN_POINT('',(-0.80389104498009,-1.2189420697405,1.57342255658592));
#7666=CARTESIAN_POINT('',(-1.19743304861757,-1.22410333869179,1.65525332571454));
#7667=CARTESIAN_POINT('',(1.17904056415433,-1.25037901692481,1.71962747422601));
#7668=CARTESIAN_POINT('',(0.400681283513092,-1.21466277397363,1.5646256174531));
#7669=CARTESIAN_POINT('',(-0.405162479036831,-1.21281021288441,1.56759775668596));
#7670=CARTESIAN_POINT('',(-1.18382741618203,-1.24939468808852,1.71909058946781));
#7671=CARTESIAN_POINT('',(0.61160753689138,0.764019100995469,1.77527993088521));
#7672=CARTESIAN_POINT('',(0.611870894905494,0.763966979420966,1.77545670459443));
#7673=CARTESIAN_POINT('',(0.612134252919607,0.763914857846464,1.77563347830366));
#7674=CARTESIAN_POINT('',(0.671899409575189,0.752086647204214,1.81574962384793));
#7675=CARTESIAN_POINT('',(0.744911986606334,0.737407400901852,1.82655774370297));
#7676=CARTESIAN_POINT('',(0.810056167697707,0.725,1.81748462414631));
#7677=CARTESIAN_POINT('',(0.640429194361232,0.727216586007809,1.72195509230603));
#7678=CARTESIAN_POINT('',(0.640638558617854,0.727211014684739,1.72207104982874));
#7679=CARTESIAN_POINT('',(0.640847922874477,0.727205443361669,1.72218700735145));
#7680=CARTESIAN_POINT('',(0.688360005000613,0.725941115039705,1.74850183028697));
#7681=CARTESIAN_POINT('',(0.747138683583539,0.724920434690202,1.75465070284479));
#7682=CARTESIAN_POINT('',(0.800274082908711,0.724999999999998,1.74725013655182));
#7683=CARTESIAN_POINT('',(0.800332071057449,0.725000000009124,1.74766654772745));
#7684=CARTESIAN_POINT('',(0.784202450949506,0.724998322977215,1.74991748564902));
#7685=CARTESIAN_POINT('',(0.767840168638315,0.725101298793078,1.75091651085702));
#7686=CARTESIAN_POINT('',(0.736513880547531,0.725435689941408,1.75018929063655));
#7687=CARTESIAN_POINT('',(0.721438777135016,0.725656308526272,1.74866598938167));
#7688=CARTESIAN_POINT('',(0.68381473179768,0.726327289660194,1.74149291645458));
#7689=CARTESIAN_POINT('',(0.661204999922914,0.726865136152683,1.73392410746238));
#7690=CARTESIAN_POINT('',(0.640874592698061,0.727433576378073,1.72264403905668));
#7691=CARTESIAN_POINT('',(0.800336413069557,0.725000000000001,1.74769766148849));
#7692=CARTESIAN_POINT('',(0.640874665553779,0.727433483162113,1.72264390302164));
#7693=CARTESIAN_POINT('',(0.800336413079097,0.725000000009998,1.74769766149856));
#7694=CARTESIAN_POINT('',(0.809992632101925,0.72500000001,1.81702844423021));
#7695=CARTESIAN_POINT('',(0.809992632092392,0.725000000000001,1.81702844422014));
#7696=CARTESIAN_POINT('',(0.809988239356464,0.725000001391963,1.81699695857435));
#7697=CARTESIAN_POINT('',(0.741526715855075,0.737965138941338,1.82654897611762));
#7698=CARTESIAN_POINT('',(0.670351056107762,0.752244159346826,1.81420567493642));
#7699=CARTESIAN_POINT('',(0.612583658395408,0.763624728989141,1.77546288890217));
#7700=CARTESIAN_POINT('',(0.612583752142973,0.763624607541395,1.77546271344506));
#7701=CARTESIAN_POINT('',(0.640874665563779,0.727433483172113,1.72264390303164));
#7702=CARTESIAN_POINT('',(0.61258375215297,0.763624607551395,1.77546271345506));
#7703=CARTESIAN_POINT('',(-1.19694977300513,1.22500404712068,1.65755590054082));
#7704=CARTESIAN_POINT('',(-1.23399685875475,1.22520080718314,1.66537041785421));
#7705=CARTESIAN_POINT('',(-1.27352628022566,1.22530878153839,1.66437207296861));
#7706=CARTESIAN_POINT('',(-1.31034134639792,1.22500000000921,1.6558407407063));
#7707=CARTESIAN_POINT('',(-1.31052542172878,1.22499845610156,1.65579808404499));
#7708=CARTESIAN_POINT('',(-1.31070949705964,1.22499691219392,1.65575542738368));
#7709=CARTESIAN_POINT('',(-1.3108935723905,1.22499536828627,1.65571277072237));
#7710=CARTESIAN_POINT('',(-1.19743877800505,1.2240948489191,1.6552605167634));
#7711=CARTESIAN_POINT('',(-1.23413515346286,1.22457525050772,1.662887969301));
#7712=CARTESIAN_POINT('',(-1.27329782999421,1.22499999998902,1.66184146373878));
#7713=CARTESIAN_POINT('',(-1.30977316031746,1.22499999999994,1.65338886009679));
#7714=CARTESIAN_POINT('',(-1.30995553696908,1.22499999999999,1.65334659707858));
#7715=CARTESIAN_POINT('',(-1.31013791362069,1.22500000000005,1.65330433406037));
#7716=CARTESIAN_POINT('',(-1.31032029027231,1.2250000000001,1.65326207104216));
#7717=CARTESIAN_POINT('',(-1.19750678026163,1.22396841354646,1.65494131496258));
#7718=CARTESIAN_POINT('',(-1.23415438507036,1.22448825903411,1.66254275380527));
#7719=CARTESIAN_POINT('',(-1.27326606113447,1.22495706005558,1.66148955089907));
#7720=CARTESIAN_POINT('',(-1.30969414694206,1.22499999999865,1.65304789545565));
#7721=CARTESIAN_POINT('',(-1.3098762873711,1.22500021469837,1.65300568717843));
#7722=CARTESIAN_POINT('',(-1.31005842780014,1.22500042939808,1.65296347890121));
#7723=CARTESIAN_POINT('',(-1.31024056822918,1.2250006440978,1.652921270624));
#7724=CARTESIAN_POINT('',(-1.30977315530643,1.22500000000997,1.65338883346127));
#7725=CARTESIAN_POINT('',(-1.30862764677594,1.22500000000973,1.65368329883457));
#7726=CARTESIAN_POINT('',(-1.307484148245,1.22500000001,1.65398569708264));
#7727=CARTESIAN_POINT('',(-1.29417184576425,1.22500000001,1.65730974561968));
#7728=CARTESIAN_POINT('',(-1.28175366632884,1.22500000001007,1.65946545015194));
#7729=CARTESIAN_POINT('',(-1.25706124190619,1.22500000001007,1.66194243425995));
#7730=CARTESIAN_POINT('',(-1.244724673043,1.22500000001,1.66230666152614));
#7731=CARTESIAN_POINT('',(-1.22070899819467,1.22500000001,1.66124224584977));
#7732=CARTESIAN_POINT('',(-1.20896104704674,1.22500000001,1.65988436112042));
#7733=CARTESIAN_POINT('',(-1.19741586851373,1.22500000001,1.65763650902096));
#7734=CARTESIAN_POINT('',(-1.19704521726651,1.22500000001,1.65756434303567));
#7735=CARTESIAN_POINT('',(-1.19667456601929,1.22500000001,1.65749217705037));
#7736=CARTESIAN_POINT('',(-1.19630391477207,1.22500000001,1.65742001106508));
#7737=CARTESIAN_POINT('',(-1.30977316141208,1.22500000000004,1.65338885984312));
#7738=CARTESIAN_POINT('',(-1.19748652378901,1.22448229625724,1.65621255324224));
#7739=CARTESIAN_POINT('',(-1.30977314268825,1.22499999999994,1.65338877903627));
#7740=CARTESIAN_POINT('',(-1.2730246555358,1.22499998973627,1.6619038046115));
#7741=CARTESIAN_POINT('',(-1.23462815025515,1.22457419667304,1.6629355806875));
#7742=CARTESIAN_POINT('',(-1.19767519600895,1.22410214689374,1.65532056008738));
#7743=CARTESIAN_POINT('',(-0.637509749177462,-0.722869820125393,1.71980285101826));
#7744=CARTESIAN_POINT('',(-0.660094430050257,-0.703192962517333,1.74697573760617));
#7745=CARTESIAN_POINT('',(-0.692318137307476,-0.672045212824773,1.76177590483935));
#7746=CARTESIAN_POINT('',(-0.720223695123467,-0.642981105101464,1.75828738264238));
#7747=CARTESIAN_POINT('',(-0.850940367595602,-0.906787983581249,1.71053454871143));
#7748=CARTESIAN_POINT('',(-0.872965825746044,-0.886900769164767,1.72892760477447));
#7749=CARTESIAN_POINT('',(-0.899391066893712,-0.860415196663505,1.73686607204428));
#7750=CARTESIAN_POINT('',(-0.922485292122894,-0.835277507931019,1.73298335183497));
#7751=CARTESIAN_POINT('',(-1.06269903964442,-1.08432348432992,1.68146337401425));
#7752=CARTESIAN_POINT('',(-1.08342315090976,-1.06656460845532,1.69481085194716));
#7753=CARTESIAN_POINT('',(-1.10721407107679,-1.04423907072469,1.69979992743903));
#7754=CARTESIAN_POINT('',(-1.12819356082337,-1.02282485341028,1.69559268815899));
#7755=CARTESIAN_POINT('',(-1.25279565474402,-1.28004791991247,1.64495198042151));
#7756=CARTESIAN_POINT('',(-1.2724790091961,-1.26468207333579,1.65440079993828));
#7757=CARTESIAN_POINT('',(-1.29413223345418,-1.24619191090573,1.65702405352124));
#7758=CARTESIAN_POINT('',(-1.31344253679557,-1.22830881670579,1.6525372951742));
#7759=CARTESIAN_POINT('',(-0.805884298964368,-0.725000000008782,1.7468854853705));
#7760=CARTESIAN_POINT('',(-0.789622088742632,-0.724998040780092,1.74917113113119));
#7761=CARTESIAN_POINT('',(-0.773121749887327,-0.725027513644187,1.75017377071297));
#7762=CARTESIAN_POINT('',(-0.74144907506657,-0.725139783051648,1.74944200208056));
#7763=CARTESIAN_POINT('',(-0.726163494085536,-0.725217222668375,1.74789688650877));
#7764=CARTESIAN_POINT('',(-0.686831318044341,-0.725497458098914,1.7403963625162));
#7765=CARTESIAN_POINT('',(-0.66269939578713,-0.725779781281775,1.73214052670979));
#7766=CARTESIAN_POINT('',(-0.641305810557743,-0.726140412350762,1.71963594813588));
#7767=CARTESIAN_POINT('',(-0.641305866034194,-0.726140342913222,1.71963585119404));
#7768=CARTESIAN_POINT('',(-0.641305811805613,-0.726140412320237,1.71963594886062));
#7769=CARTESIAN_POINT('',(-0.832950111466288,-0.891227290049698,1.7111068772068));
#7770=CARTESIAN_POINT('',(-1.02315013586664,-1.05128478083375,1.68666461583854));
#7771=CARTESIAN_POINT('',(-1.19743051285281,-1.2241075390218,1.65526388910742));
#7772=CARTESIAN_POINT('',(-1.19743079377776,-1.22410754573843,1.65526394610367));
#7773=CARTESIAN_POINT('',(-1.20921562214568,-1.2242584873472,1.65770621836047));
#7774=CARTESIAN_POINT('',(-1.22121628067193,-1.22440444718085,1.65924848274199));
#7775=CARTESIAN_POINT('',(-1.24591421884452,-1.22466820967731,1.66069434241748));
#7776=CARTESIAN_POINT('',(-1.25868276186222,-1.22478427743061,1.66050639981989));
#7777=CARTESIAN_POINT('',(-1.28426596986958,-1.22495044922973,1.65833837220987));
#7778=CARTESIAN_POINT('',(-1.29714444775063,-1.22499999648188,1.65631500101542));
#7779=CARTESIAN_POINT('',(-1.30977968309665,-1.22500000000787,1.65338726346233));
#7780=CARTESIAN_POINT('',(-1.30977970180014,-1.225,1.65338734420354));
#7781=CARTESIAN_POINT('',(-0.805889366297272,-0.725000000010001,1.74692153912097));
#7782=CARTESIAN_POINT('',(-0.869113561309222,-0.784616624049786,1.73805353628759));
#7783=CARTESIAN_POINT('',(-0.979884494050475,-0.889923017444539,1.72017593985629));
#7784=CARTESIAN_POINT('',(-1.08223797921831,-0.98724849928239,1.70182084431188));
#7785=CARTESIAN_POINT('',(-1.2193204502792,-1.12712650855697,1.67435002695689));
#7786=CARTESIAN_POINT('',(-1.30977970507169,-1.22500000001,1.65338735828797));
#7787=CARTESIAN_POINT('',(0.716988564265127,-0.645890333832741,1.75869119183107));
#7788=CARTESIAN_POINT('',(0.690109526323768,-0.674211236061409,1.76203605535784));
#7789=CARTESIAN_POINT('',(0.659258545131149,-0.704457960544761,1.74837801722751));
#7790=CARTESIAN_POINT('',(0.63705651899743,-0.724194024626065,1.72281824206916));
#7791=CARTESIAN_POINT('',(0.919684254867541,-0.8363485785619,1.7334485304884));
#7792=CARTESIAN_POINT('',(0.897134850290668,-0.860927972850309,1.73721545762379));
#7793=CARTESIAN_POINT('',(0.871422748723253,-0.886775000191298,1.72966485611647));
#7794=CARTESIAN_POINT('',(0.849860235135806,-0.906394180197241,1.71210227114206));
#7795=CARTESIAN_POINT('',(1.12415047447716,-1.02364393370836,1.69637309559295));
#7796=CARTESIAN_POINT('',(1.10322909083425,-1.0449352265643,1.70054307793627));
#7797=CARTESIAN_POINT('',(1.07952305993392,-1.06713622364523,1.69556448034969));
#7798=CARTESIAN_POINT('',(1.05888782472488,-1.08478827627925,1.68227886487927));
#7799=CARTESIAN_POINT('',(1.3088745562112,-1.22827627187258,1.65359703651043));
#7800=CARTESIAN_POINT('',(1.28932759104555,-1.24639470551591,1.65812207096881));
#7801=CARTESIAN_POINT('',(1.2673756300397,-1.26514298628983,1.65535074717167));
#7802=CARTESIAN_POINT('',(1.24749381892237,-1.28064776919463,1.64559612183316));
#7803=CARTESIAN_POINT('',(1.19288892245457,-1.22494628372079,1.65592075185729));
#7804=CARTESIAN_POINT('',(1.02005101984394,-1.05179202811449,1.68760181523917));
#7805=CARTESIAN_POINT('',(0.832010497031707,-0.891098519239188,1.71279922679111));
#7806=CARTESIAN_POINT('',(0.640841229987136,-0.727434333371831,1.72262567078943));
#7807=CARTESIAN_POINT('',(0.64084137081029,-0.727434167300939,1.72262561662422));
#7808=CARTESIAN_POINT('',(0.640841296602288,-0.727434262334883,1.72262575519333));
#7809=CARTESIAN_POINT('',(0.660905464464487,-0.726873412800394,1.73375758591888));
#7810=CARTESIAN_POINT('',(0.683187990107934,-0.726341869737592,1.74127573726337));
#7811=CARTESIAN_POINT('',(0.721038866402214,-0.725661728867771,1.74863873379502));
#7812=CARTESIAN_POINT('',(0.736686185136261,-0.725432327872924,1.75022381510853));
#7813=CARTESIAN_POINT('',(0.768355124184666,-0.725098432952282,1.750881514382));
#7814=CARTESIAN_POINT('',(0.784489510175932,-0.724998364992334,1.74987795539827));
#7815=CARTESIAN_POINT('',(0.800398665519553,-0.725000000009153,1.74765763679307));
#7816=CARTESIAN_POINT('',(0.80040295790407,-0.725,1.74768839289663));
#7817=CARTESIAN_POINT('',(1.30520456267677,-1.22500000001,1.6544456328364));
#7818=CARTESIAN_POINT('',(1.21274834078628,-1.12600835209232,1.67579223344878));
#7819=CARTESIAN_POINT('',(1.0831910597385,-0.993879075710442,1.70172633646001));
#7820=CARTESIAN_POINT('',(0.964385513374563,-0.880274993390375,1.72284674800709));
#7821=CARTESIAN_POINT('',(0.85921830165629,-0.780386988476329,1.73949605834848));
#7822=CARTESIAN_POINT('',(0.800402959907141,-0.725000000010001,1.74768840721661));
#7823=CARTESIAN_POINT('',(-0.683321162770745,-0.722222647188116,1.74759563625284));
#7824=CARTESIAN_POINT('',(-0.860626563325997,-0.890579049314333,1.71765922626044));
#7825=CARTESIAN_POINT('',(-1.03793196388124,-1.05893545144055,1.68772281626806));
#7826=CARTESIAN_POINT('',(-1.2152373644365,-1.22729185356676,1.65778640627566));
#7827=CARTESIAN_POINT('',(-0.479292586358123,-0.727220635398711,1.61801267107681));
#7828=CARTESIAN_POINT('',(-0.591709940189952,-0.89213008990493,1.6034541400643));
#7829=CARTESIAN_POINT('',(-0.70412729402178,-1.05703954441114,1.58889560905181));
#7830=CARTESIAN_POINT('',(-0.816544647853608,-1.22194899891737,1.5743370780393));
#7831=CARTESIAN_POINT('',(-0.240309285248068,-0.721947851110687,1.53187201823975));
#7832=CARTESIAN_POINT('',(-0.296639712553678,-0.887740560841261,1.53197665153355));
#7833=CARTESIAN_POINT('',(-0.352970139859288,-1.05353327057183,1.53208128482735));
#7834=CARTESIAN_POINT('',(-0.409300567164898,-1.21932598030241,1.53218591812115));
#7835=CARTESIAN_POINT('',(0.235664509177721,-0.723811278352887,1.53505630701113));
#7836=CARTESIAN_POINT('',(0.292182336763281,-0.889051225456828,1.53396813320863));
#7837=CARTESIAN_POINT('',(0.348700164348841,-1.05429117256077,1.53287995940613));
#7838=CARTESIAN_POINT('',(0.405217991934402,-1.21953111966471,1.53179178560363));
#7839=CARTESIAN_POINT('',(0.47264183075623,-0.731010667134287,1.62454547627186));
#7840=CARTESIAN_POINT('',(0.585925677332929,-0.894793411674878,1.60754626194755));
#7841=CARTESIAN_POINT('',(0.699209523909629,-1.05857615621547,1.59054704762326));
#7842=CARTESIAN_POINT('',(0.812493370486329,-1.22235890075606,1.57354783329895));
#7843=CARTESIAN_POINT('',(0.680564673569279,-0.723031383140614,1.74764587607708));
#7844=CARTESIAN_POINT('',(0.857279242533384,-0.891402211476045,1.71793091079718));
#7845=CARTESIAN_POINT('',(1.03399381149749,-1.05977303981148,1.68821594551729));
#7846=CARTESIAN_POINT('',(1.21070838046159,-1.22814386814691,1.6585009802374));
#7847=CARTESIAN_POINT('',(-0.641305866044195,-0.726140342923222,1.71963585120404));
#7848=CARTESIAN_POINT('',(-0.44611724114098,-0.729433694586494,1.60555382715325));
#7849=CARTESIAN_POINT('',(0.,-0.720462789842678,1.4577785873997));
#7850=CARTESIAN_POINT('',(0.44279597538531,-0.732974405235275,1.61275612412733));
#7851=CARTESIAN_POINT('',(0.640841370820296,-0.727434167310943,1.72262561663421));
#7852=CARTESIAN_POINT('',(1.23486094382307,1.30448179316247,1.71035537677809));
#7853=CARTESIAN_POINT('',(1.26389123845278,1.28184533672152,1.72446942185561));
#7854=CARTESIAN_POINT('',(1.29589773946244,1.25453357520452,1.72845021695017));
#7855=CARTESIAN_POINT('',(1.32442201359644,1.22812970942469,1.72184907371963));
#7856=CARTESIAN_POINT('',(1.04233602633279,1.11278979812693,1.74464561301931));
#7857=CARTESIAN_POINT('',(1.07251076886646,1.08695714193666,1.76395671494844));
#7858=CARTESIAN_POINT('',(1.10712661429113,1.05453727313111,1.77117346731534));
#7859=CARTESIAN_POINT('',(1.137697366478,1.02343663568481,1.76507999696899));
#7860=CARTESIAN_POINT('',(0.828581704238398,0.938742860845773,1.77146145559405));
#7861=CARTESIAN_POINT('',(0.86018838267713,0.909990761750872,1.79710290364422));
#7862=CARTESIAN_POINT('',(0.89782159926959,0.872176908552851,1.80810709098105));
#7863=CARTESIAN_POINT('',(0.930838529979395,0.836207680816554,1.8025903813733));
#7864=CARTESIAN_POINT('',(0.608672855120262,0.760454016243073,1.77553777651661));
#7865=CARTESIAN_POINT('',(0.641240258098281,0.73152746584869,1.8129998458764));
#7866=CARTESIAN_POINT('',(0.686488144669974,0.687207103558108,1.83302700671684));
#7867=CARTESIAN_POINT('',(0.72591346901575,0.645705809443296,1.82812047235382));
#7868=CARTESIAN_POINT('',(1.1528948945614,1.22500000001,1.72427763597551));
#7869=CARTESIAN_POINT('',(1.16804912702277,1.22500000001,1.72766456803089));
#7870=CARTESIAN_POINT('',(1.18346655017143,1.22500000001,1.73001347081508));
#7871=CARTESIAN_POINT('',(1.2143968413452,1.22500000001,1.73275207626772));
#7872=CARTESIAN_POINT('',(1.22997334802293,1.22500000001,1.73314820845176));
#7873=CARTESIAN_POINT('',(1.27071105186167,1.22500000001,1.73174957049683));
#7874=CARTESIAN_POINT('',(1.29596440394803,1.2250000000103,1.72841812868812));
#7875=CARTESIAN_POINT('',(1.32055648751758,1.2250000000103,1.72274254827532));
#7876=CARTESIAN_POINT('',(1.15290792890805,1.225,1.72421931602656));
#7877=CARTESIAN_POINT('',(1.32055650454167,1.22500000025452,1.72274262206978));
#7878=CARTESIAN_POINT('',(1.152896668751,1.2250205055749,1.72426968511489));
#7879=CARTESIAN_POINT('',(0.983613140484726,1.06512608853677,1.75151988709643));
#7880=CARTESIAN_POINT('',(0.800376777308713,0.915875601212888,1.77175704614263));
#7881=CARTESIAN_POINT('',(0.612583659771617,0.763624725839852,1.77546289179698));
#7882=CARTESIAN_POINT('',(1.32055642177491,1.22500008106451,1.72274265601276));
#7883=CARTESIAN_POINT('',(1.28511717492559,1.18626374434749,1.73092240578549));
#7884=CARTESIAN_POINT('',(1.21257646546469,1.10928318741816,1.74723892883344));
#7885=CARTESIAN_POINT('',(1.05869552132384,0.957535491889913,1.77734298673676));
#7886=CARTESIAN_POINT('',(0.979242987351999,0.882770565172687,1.79126573331875));
#7887=CARTESIAN_POINT('',(0.869953088565847,0.780586686450034,1.80867777525795));
#7888=CARTESIAN_POINT('',(0.809948909326149,0.725048135204125,1.81703454824971));
#7889=CARTESIAN_POINT('',(-1.32941728855352,1.22818013742492,1.72069025418679));
#7890=CARTESIAN_POINT('',(-1.30111202687602,1.2543930406182,1.72726696059411));
#7891=CARTESIAN_POINT('',(-1.2693719437814,1.28149436235214,1.72341240021623));
#7892=CARTESIAN_POINT('',(-1.2405191286742,1.30401902719177,1.70956639957086));
#7893=CARTESIAN_POINT('',(-1.14194963606362,1.02267332712252,1.76426572836967));
#7894=CARTESIAN_POINT('',(-1.11119569555793,1.0540665106357,1.77043314378465));
#7895=CARTESIAN_POINT('',(-1.07632189533269,1.08679561982694,1.7631061065539));
#7896=CARTESIAN_POINT('',(-1.04594559706609,1.11283476617943,1.7435420642166));
#7897=CARTESIAN_POINT('',(-0.93377405218798,0.835107354192291,1.80210963923074));
#7898=CARTESIAN_POINT('',(-0.899914681747687,0.87195416504297,1.80780182467331));
#7899=CARTESIAN_POINT('',(-0.861171080449096,0.910771736339465,1.79615002264917));
#7900=CARTESIAN_POINT('',(-0.828875186927522,0.939923442053655,1.76919161599104));
#7901=CARTESIAN_POINT('',(-0.729112836988519,0.642776345960463,1.82772099214774));
#7902=CARTESIAN_POINT('',(-0.688199527669461,0.685385380090441,1.83283567146386));
#7903=CARTESIAN_POINT('',(-0.640956023526287,0.731044935520993,1.81111065397823));
#7904=CARTESIAN_POINT('',(-0.60784366500436,0.759892324527784,1.77127363011151));
#7905=CARTESIAN_POINT('',(-1.32557581782813,1.225,1.72158170623657));
#7906=CARTESIAN_POINT('',(-1.27203555149977,1.225,1.73398757222866));
#7907=CARTESIAN_POINT('',(-1.2161134710297,1.225,1.73544471129663));
#7908=CARTESIAN_POINT('',(-1.16229232274788,1.225,1.7242226308291));
#7909=CARTESIAN_POINT('',(-1.32557583677492,1.225,1.72158178800563));
#7910=CARTESIAN_POINT('',(-1.16241226758741,1.22662819397768,1.72364737483565));
#7911=CARTESIAN_POINT('',(-0.815579003267886,0.725032182566878,1.81624766746691));
#7912=CARTESIAN_POINT('',(-0.880748394239834,0.785769082617171,1.80710720973538));
#7913=CARTESIAN_POINT('',(-0.960148157855982,0.860128727387001,1.79444684313551));
#7914=CARTESIAN_POINT('',(-1.04129507309102,0.93710521873109,1.78012950592785));
#7915=CARTESIAN_POINT('',(-1.06660654801348,0.961109318540242,1.77557883891911));
#7916=CARTESIAN_POINT('',(-1.14949560787873,1.04195882108144,1.75973778566815));
#7917=CARTESIAN_POINT('',(-1.23148490800753,1.12461567644757,1.74279747922241));
#7918=CARTESIAN_POINT('',(-1.29054277781153,1.186711375353,1.7297001818189));
#7919=CARTESIAN_POINT('',(-1.32557578590901,1.22500005024747,1.72158181463559));
#7920=CARTESIAN_POINT('',(-0.815608441629795,0.725000000000001,1.81624352385617));
#7921=CARTESIAN_POINT('',(-0.611774660543229,0.763093719965878,1.77123412662331));
#7922=CARTESIAN_POINT('',(-0.670670017461974,0.75220387116747,1.81274716408201));
#7923=CARTESIAN_POINT('',(-0.74482353136062,0.738392788025364,1.82615272227574));
#7924=CARTESIAN_POINT('',(-0.815603314214499,0.725000001660915,1.81620703171084));
#7925=CARTESIAN_POINT('',(-0.61177473752939,0.76309362231632,1.77123399178576));
#7926=CARTESIAN_POINT('',(-0.611774661636231,0.763093717340691,1.77123412912894));
#7927=CARTESIAN_POINT('',(-0.801798555298492,0.91782179469147,1.7692102018498));
#7928=CARTESIAN_POINT('',(-0.988811787147292,1.06739697708713,1.74982276722711));
#7929=CARTESIAN_POINT('',(-1.16102979179482,1.22796555131052,1.7227654835019));
#7930=CARTESIAN_POINT('',(-1.24050782823672,-1.3040339734513,1.70955599388321));
#7931=CARTESIAN_POINT('',(-1.26937327071224,-1.28150011310113,1.7234125932187));
#7932=CARTESIAN_POINT('',(-1.30112798738107,-1.25438481225891,1.7272632864149));
#7933=CARTESIAN_POINT('',(-1.32944635413316,-1.22815943344109,1.72068350016537));
#7934=CARTESIAN_POINT('',(-1.04593783802285,-1.11284221616815,1.74353365755889));
#7935=CARTESIAN_POINT('',(-1.07632484240351,-1.08679497330966,1.76310836184935));
#7936=CARTESIAN_POINT('',(-1.11121152390957,-1.05405235217874,1.77043003705814));
#7937=CARTESIAN_POINT('',(-1.14197711633543,-1.02264732512032,1.76426034745913));
#7938=CARTESIAN_POINT('',(-0.828863192957982,-0.939927730188991,1.76917293835984));
#7939=CARTESIAN_POINT('',(-0.861169739597878,-0.91076826445057,1.79614961433105));
#7940=CARTESIAN_POINT('',(-0.899931209093127,-0.871932479518208,1.80779914669983));
#7941=CARTESIAN_POINT('',(-0.933805897488779,-0.8350702469349,1.8021046497288));
#7942=CARTESIAN_POINT('',(-0.607842176651343,-0.759893963967887,1.77127175342822));
#7943=CARTESIAN_POINT('',(-0.640962381160522,-0.731038047520852,1.81112045346361));
#7944=CARTESIAN_POINT('',(-0.688217904695152,-0.685361509717466,1.83283334661408));
#7945=CARTESIAN_POINT('',(-0.729141089853686,-0.642739316125683,1.82771746070534));
#7946=CARTESIAN_POINT('',(-0.815607456333823,-0.725000001656829,1.81620647240538));
#7947=CARTESIAN_POINT('',(-0.744778400132223,-0.738402174573296,1.82615910372678));
#7948=CARTESIAN_POINT('',(-0.670720539511576,-0.752195601852841,1.81278229800263));
#7949=CARTESIAN_POINT('',(-0.611772987378264,-0.763095404963603,1.77123195539168));
#7950=CARTESIAN_POINT('',(-0.61177306409696,-0.763095308526234,1.77123182125253));
#7951=CARTESIAN_POINT('',(-1.32558240527116,-1.22500005018966,1.72158028069498));
#7952=CARTESIAN_POINT('',(-1.29055181977194,-1.18671447194407,1.72969812919173));
#7953=CARTESIAN_POINT('',(-1.23149773514584,-1.12462284548386,1.74279479335481));
#7954=CARTESIAN_POINT('',(-1.14950176831905,-1.04195903423718,1.75973650818469));
#7955=CARTESIAN_POINT('',(-1.06662577238437,-0.961120603384484,1.77557533317391));
#7956=CARTESIAN_POINT('',(-1.04124967440511,-0.937053937852059,1.78013778513547));
#7957=CARTESIAN_POINT('',(-0.960090707119364,-0.860066413737264,1.79445638514454));
#7958=CARTESIAN_POINT('',(-0.880715513754942,-0.785731957898393,1.80711177281391));
#7959=CARTESIAN_POINT('',(-0.815583261568725,-0.725032053495941,1.81624707020918));
#7960=CARTESIAN_POINT('',(-1.3255824560741,-1.225,1.72158025407955));
#7961=CARTESIAN_POINT('',(-1.18382348936084,-1.24940193085013,1.71910903866209));
#7962=CARTESIAN_POINT('',(-1.19911414430501,-1.2469590170688,1.72332243757123));
#7963=CARTESIAN_POINT('',(-1.21480962067585,-1.24439711030139,1.72619913409344));
#7964=CARTESIAN_POINT('',(-1.24622455861872,-1.23914318432119,1.72931309938318));
#7965=CARTESIAN_POINT('',(-1.26204960205245,-1.23643369658703,1.72957709610968));
#7966=CARTESIAN_POINT('',(-1.29383104245161,-1.2308402727537,1.72756626165431));
#7967=CARTESIAN_POINT('',(-1.30988652671199,-1.2279351832389,1.72521717982843));
#7968=CARTESIAN_POINT('',(-1.32558243714947,-1.22500000000976,1.72158017237649));
#7969=CARTESIAN_POINT('',(-1.18382336894388,-1.24940211583549,1.71910893982667));
#7970=CARTESIAN_POINT('',(-1.00537019619545,-1.08065844704021,1.74805565547918));
#7971=CARTESIAN_POINT('',(-0.810207247327587,-0.924686622553703,1.76909996266115));
#7972=CARTESIAN_POINT('',(-0.611772987748356,-0.763095404085491,1.77123195623241));
#7973=CARTESIAN_POINT('',(2.125,-1.30104260698261E-15,1.4));
#7974=CARTESIAN_POINT('',(2.12500000001,1.22500000001,1.40000000001));
#7975=CARTESIAN_POINT('',(2.12500000265561,0.925000000004999,1.40000000673128));
#7976=CARTESIAN_POINT('',(2.12500000001,0.925000000009999,1.40000000001));
#7977=CARTESIAN_POINT('',(2.1506385530032,0.925000000004999,1.46513574758124));
#7978=CARTESIAN_POINT('',(2.15063855036013,1.22500000001,1.46513574085897));
#7979=CARTESIAN_POINT('',(2.60208521396521E-15,1.225,-3.99864568838155));
#7980=CARTESIAN_POINT('',(1.0002602085214E-11,1.22500000001,-3.99864568839155));
#7981=CARTESIAN_POINT('',(1.8686765882598,1.22500000001,1.5678794089224));
#7982=CARTESIAN_POINT('',(-0.279153175077008,1.22500000001,-3.88876618689101));
#7983=CARTESIAN_POINT('',(1.84300410379002,1.225000000005,1.50265745813521));
#7984=CARTESIAN_POINT('',(1.0002602085214E-11,1.22500000001,-3.99864568839155));
#7985=CARTESIAN_POINT('',(1.3048136678325,1.225,1.65453585486631));
#7986=CARTESIAN_POINT('',(1.19338392889866,1.22500000001,1.65615989250769));
#7987=CARTESIAN_POINT('',(1.19416934201265,1.22500000001,1.65631862985562));
#7988=CARTESIAN_POINT('',(1.19495475512664,1.22500000001,1.65647736720355));
#7989=CARTESIAN_POINT('',(1.19574016824063,1.22500000001,1.65663610455148));
#7990=CARTESIAN_POINT('',(1.20611762411962,1.22500000001,1.65873345917306));
#7991=CARTESIAN_POINT('',(1.21665973339648,1.22500000001,1.6601207811875));
#7992=CARTESIAN_POINT('',(1.23778203346103,1.22500000001,1.6615594477776));
#7993=CARTESIAN_POINT('',(1.24840556710321,1.22500000001,1.66161432934928));
#7994=CARTESIAN_POINT('',(1.27438376108325,1.22500000001,1.66019671263535));
#7995=CARTESIAN_POINT('',(1.28977604758127,1.22500000001007,1.65800629369604));
#7996=CARTESIAN_POINT('',(1.30481365100889,1.22500000001007,1.65453578193727));
#7997=CARTESIAN_POINT('',(1.19338233300799,1.22498494218791,1.65616778878084));
#7998=CARTESIAN_POINT('',(1.195743375325,1.225,1.65661714833698));
#7999=CARTESIAN_POINT('',(1.01559913865999,1.225,1.62530300192178));
#8000=CARTESIAN_POINT('',(0.865228681090318,1.225,1.61481136759965));
#8001=CARTESIAN_POINT('',(0.661886392920202,1.225,1.60062378737819));
#8002=CARTESIAN_POINT('',(0.533166896010846,1.225,1.62713591080919));
#8003=CARTESIAN_POINT('',(0.533168659345446,1.22499999889211,1.62714447204591));
#8004=CARTESIAN_POINT('',(1.15290744397258,1.22499999999996,1.72422146846537));
#8005=CARTESIAN_POINT('',(0.948473818392215,1.22499999999996,1.67816347153428));
#8006=CARTESIAN_POINT('',(0.741791048250405,1.225,1.64644695800607));
#8007=CARTESIAN_POINT('',(0.533179238919,1.225,1.62703080258185));
#8008=CARTESIAN_POINT('',(2.60208521396521E-15,0.425000000000001,-3.99864568838155));
#8009=CARTESIAN_POINT('',(1.76179159306798,0.425000000000001,1.52920114843255));
#8010=CARTESIAN_POINT('',(1.76179159453624,0.425000083340001,1.52920115302539));
#8011=CARTESIAN_POINT('',(1.78304796275535,0.425000083340001,1.59589573159168));
#8012=CARTESIAN_POINT('',(1.0002602085214E-11,0.425000000010001,-3.99864568839155));
#8013=CARTESIAN_POINT('',(-1.76179166898357,0.425000000000001,1.52920138662748));
#8014=CARTESIAN_POINT('',(-1.77241977718746,0.425000000010001,1.56254843772572));
#8015=CARTESIAN_POINT('',(-1.78304788537135,0.425000000000001,1.59589548880396));
#8016=CARTESIAN_POINT('',(1.0002602085214E-11,0.425000000010001,-3.99864568839155));
#8017=CARTESIAN_POINT('',(0.637090825520712,0.724194235786742,1.72283438684456));
#8018=CARTESIAN_POINT('',(0.65929999193087,0.704467932261303,1.74838149224062));
#8019=CARTESIAN_POINT('',(0.690156704945608,0.674242642391631,1.76203044151229));
#8020=CARTESIAN_POINT('',(0.717042617384553,0.645941037541445,1.75868445995868));
#8021=CARTESIAN_POINT('',(0.849841353942197,0.906341018488715,1.71224399463552));
#8022=CARTESIAN_POINT('',(0.871389750181225,0.886730208975167,1.72972735572156));
#8023=CARTESIAN_POINT('',(0.897046361652417,0.860939422735717,1.73722416156933));
#8024=CARTESIAN_POINT('',(0.919556919105225,0.836408818970667,1.73346245703605));
#8025=CARTESIAN_POINT('',(1.05892879777275,1.08454027681315,1.68247308402973));
#8026=CARTESIAN_POINT('',(1.07950937327302,1.06692649068044,1.69564170789041));
#8027=CARTESIAN_POINT('',(1.10311699730178,1.0448194356958,1.70055789443452));
#8028=CARTESIAN_POINT('',(1.12396511537583,1.02361149424278,1.69640233253323));
#8029=CARTESIAN_POINT('',(1.24740188687895,1.28034839822161,1.6458549582066));
#8030=CARTESIAN_POINT('',(1.26719893741459,1.26491159064426,1.6554799539992));
#8031=CARTESIAN_POINT('',(1.28902509170664,1.24628612307351,1.65819068119015));
#8032=CARTESIAN_POINT('',(1.3084770643348,1.22828015131703,1.65368906769315));
#8033=CARTESIAN_POINT('',(0.640874597169402,0.727433576239064,1.72264404153564));
#8034=CARTESIAN_POINT('',(0.832156046011818,0.891183405284467,1.71292214917586));
#8035=CARTESIAN_POINT('',(1.02039343527512,1.05184462953929,1.68774467408494));
#8036=CARTESIAN_POINT('',(1.19326052602899,1.2250944329393,1.65608333450834));
#8037=CARTESIAN_POINT('',(0.800336415072156,0.725000000010001,1.74769767580854));
#8038=CARTESIAN_POINT('',(0.859128457557795,0.780403468482696,1.73950926632174));
#8039=CARTESIAN_POINT('',(0.964254333658349,0.880318752223907,1.72286782487347));
#8040=CARTESIAN_POINT('',(1.0828987056098,0.99381978871041,1.70178233637233));
#8041=CARTESIAN_POINT('',(1.21258204226567,1.12614969255969,1.67582389746977));
#8042=CARTESIAN_POINT('',(1.3048136710957,1.22500000000596,1.65453586895267));
#8043=CARTESIAN_POINT('',(-0.815667668333965,0.725000000000004,1.81666578128741));
#8044=CARTESIAN_POINT('',(-0.748371856090561,0.737801915987688,1.82610483172306));
#8045=CARTESIAN_POINT('',(-0.672333804900154,0.75203757748866,1.81439404855848));
#8046=CARTESIAN_POINT('',(-0.611230410259386,0.763386403006084,1.77129121041612));
#8047=CARTESIAN_POINT('',(-0.610865974328909,0.763454090240346,1.77103413430739));
#8048=CARTESIAN_POINT('',(-0.610501538398431,0.763521777474608,1.77077705819866));
#8049=CARTESIAN_POINT('',(-0.805820223358101,0.725000000000004,1.74645831574933));
#8050=CARTESIAN_POINT('',(-0.750983339289766,0.724914869606799,1.7541498510351));
#8051=CARTESIAN_POINT('',(-0.689760451368249,0.725147079316773,1.74744671276123));
#8052=CARTESIAN_POINT('',(-0.641216220408361,0.725897563687598,1.71912306033864));
#8053=CARTESIAN_POINT('',(-0.640926690471715,0.725902039764117,1.71895413099051));
#8054=CARTESIAN_POINT('',(-0.640637160535069,0.725906515840637,1.71878520164238));
#8055=CARTESIAN_POINT('',(-0.805885274493319,0.725000000010001,1.74692209845785));
#8056=CARTESIAN_POINT('',(-0.80912633020887,0.725000000010001,1.77002924026061));
#8057=CARTESIAN_POINT('',(-0.812367385924422,0.725000000010001,1.79313638206338));
#8058=CARTESIAN_POINT('',(-0.815608441639973,0.725000000010001,1.81624352386614));
#8059=CARTESIAN_POINT('',(-0.805885274483319,0.725000000000001,1.74692209844785));
#8060=CARTESIAN_POINT('',(-0.641308101185001,0.72614038716826,1.71963728358441));
#8061=CARTESIAN_POINT('',(-0.660771140757658,0.725812291416024,1.73101350602573));
#8062=CARTESIAN_POINT('',(-0.682498201028174,0.725545482605205,1.73887127714282));
#8063=CARTESIAN_POINT('',(-0.720831815886642,0.725246380302412,1.7472399160422));
#8064=CARTESIAN_POINT('',(-0.737548789048597,0.725156725736596,1.74920078884016));
#8065=CARTESIAN_POINT('',(-0.77146520158576,0.725030591713289,1.75027137864669));
#8066=CARTESIAN_POINT('',(-0.788805783643388,0.724997941723949,1.74928583564411));
#8067=CARTESIAN_POINT('',(-0.805880206221208,0.725000000009468,1.7468860379927));
#8068=CARTESIAN_POINT('',(-0.641308157065243,0.726140317230108,1.71963718593768));
#8069=CARTESIAN_POINT('',(-0.641308162253234,0.726140317152743,1.71963718897407));
#8070=CARTESIAN_POINT('',(-0.611774743044968,0.763093622203999,1.7712339950347));
#8071=CARTESIAN_POINT('',(2.60208521396521E-15,0.725000000000001,-3.99864568838155));
#8072=CARTESIAN_POINT('',(-1.77241977718746,0.725000000010001,1.56254843772572));
#8073=CARTESIAN_POINT('',(-1.76179159306797,0.724999750000001,1.52920114843255));
#8074=CARTESIAN_POINT('',(-1.78304796128694,0.724999750000001,1.59589572699888));
#8075=CARTESIAN_POINT('',(1.0002602085214E-11,0.725000000010001,-3.99864568839155));
#8076=CARTESIAN_POINT('',(1.0002602085214E-11,0.725000000010001,-3.99864568839155));
#8077=CARTESIAN_POINT('',(1.76179159306798,-0.575000000000002,1.52920114843255));
#8078=CARTESIAN_POINT('',(9.49275911688291E-16,0.725000000000001,-3.99864568838155));
#8079=CARTESIAN_POINT('',(1.76179161984144,0.725000000006668,1.5292012324237));
#8080=CARTESIAN_POINT('',(1.78304793745015,0.725000000006668,1.59589565219337));
#8081=CARTESIAN_POINT('',(1.76179159745876,1.225,1.52920116220917));
#8082=CARTESIAN_POINT('',(1.78304796567772,1.225,1.5958957407755));
#8083=CARTESIAN_POINT('',(2.60208521396521E-15,0.725000000000001,-3.99864568838155));
#8084=CARTESIAN_POINT('',(1.0002602085214E-11,0.725000000010001,-3.99864568839155));
#8085=CARTESIAN_POINT('',(1.0002602085214E-11,0.725000000010001,-3.99864568839155));
#8086=CARTESIAN_POINT('',(2.60208521396521E-15,-1.225,-3.99864568838155));
#8087=CARTESIAN_POINT('',(1.0002602085214E-11,-1.22500000001,-3.99864568839155));
#8088=CARTESIAN_POINT('',(1.0002602085214E-11,-1.22500000001,-3.99864568839155));
#8089=CARTESIAN_POINT('',(1.84584682493299,0.924999999999999,1.50987950150054));
#8090=CARTESIAN_POINT('',(1.84300410342223,1.225,1.50265745825842));
#8091=CARTESIAN_POINT('',(1.99329965357687,1.2250000003945,1.45230660351044));
#8092=CARTESIAN_POINT('',(2.12500000529597,1.0835074010564,1.40000001345462));
#8093=CARTESIAN_POINT('',(2.12500000529597,0.924999999999999,1.40000001345462));
#8094=CARTESIAN_POINT('',(2.1506385556461,0.924999999999999,1.46513575430359));
#8095=CARTESIAN_POINT('',(2.1506385556461,1.08350676014829,1.46513575430359));
#8096=CARTESIAN_POINT('',(2.01894166830817,1.22500000039102,1.51743558048855));
#8097=CARTESIAN_POINT('',(1.86867658754699,1.22500000000136,1.56787940916509));
#8098=CARTESIAN_POINT('',(0.652299895210362,-0.761364721545979,1.7989539271413));
#8099=CARTESIAN_POINT('',(0.653607235220942,-0.762528682094117,1.79879506659455));
#8100=CARTESIAN_POINT('',(0.654914575231521,-0.763692642642255,1.7986362060478));
#8101=CARTESIAN_POINT('',(0.83729460025139,-0.926070564356326,1.77647441932298));
#8102=CARTESIAN_POINT('',(1.01691813230687,-1.08804931275081,1.75018172874029));
#8103=CARTESIAN_POINT('',(1.19642320934587,-1.25212744956516,1.72272654246406));
#8104=CARTESIAN_POINT('',(1.19751767533494,-1.2531278554771,1.72255914459377));
#8105=CARTESIAN_POINT('',(1.19861214132401,-1.25412826138904,1.72239174672348));
#8106=CARTESIAN_POINT('',(0.444669741161744,-0.757356215131081,1.68496207459998));
#8107=CARTESIAN_POINT('',(0.445540314354222,-0.758480952194646,1.68488899883241));
#8108=CARTESIAN_POINT('',(0.446410887546699,-0.759605689258212,1.68481592306485));
#8109=CARTESIAN_POINT('',(0.567859905660479,-0.916511752052868,1.67462151288204));
#8110=CARTESIAN_POINT('',(0.685598052167658,-1.07414522103087,1.65923048647473));
#8111=CARTESIAN_POINT('',(0.802443284903013,-1.23401233409869,1.64331121399367));
#8112=CARTESIAN_POINT('',(0.803155705606219,-1.23498706484675,1.64321415210223));
#8113=CARTESIAN_POINT('',(0.803868126309426,-1.23596179559481,1.64311709021078));
#8114=CARTESIAN_POINT('',(0.218452732105655,-0.723880552804183,1.60502516715649));
#8115=CARTESIAN_POINT('',(0.218909113497457,-0.725058641570186,1.60501816716528));
#8116=CARTESIAN_POINT('',(0.219365494889259,-0.72623673033619,1.60501116717407));
#8117=CARTESIAN_POINT('',(0.283032826250548,-0.890585604294547,1.60403463577313));
#8118=CARTESIAN_POINT('',(0.342040682295885,-1.05381811252655,1.60293832944516));
#8119=CARTESIAN_POINT('',(0.400881204298276,-1.21805982992672,1.60184629975645));
#8120=CARTESIAN_POINT('',(0.401239962675324,-1.21906123321094,1.60183964150827));
#8121=CARTESIAN_POINT('',(0.401598721052373,-1.22006263649515,1.60183298326008));
#8122=CARTESIAN_POINT('',(-0.223078989613795,-0.721109613224248,1.60190739514535));
#8123=CARTESIAN_POINT('',(-0.223528728979986,-0.722293199369217,1.6019073949625));
#8124=CARTESIAN_POINT('',(-0.223978468346176,-0.723476785514186,1.60190739477964));
#8125=CARTESIAN_POINT('',(-0.286719206176012,-0.888592569461608,1.60190736927007));
#8126=CARTESIAN_POINT('',(-0.345145723821794,-1.05246337952463,1.6020294557653));
#8127=CARTESIAN_POINT('',(-0.403443974749943,-1.21733165242686,1.60214181043343));
#8128=CARTESIAN_POINT('',(-0.403799426829157,-1.21833687590212,1.60214249547457));
#8129=CARTESIAN_POINT('',(-0.40415487890837,-1.21934209937738,1.60214318051571));
#8130=CARTESIAN_POINT('',(-0.449934372413562,-0.752912060084755,1.67899372198636));
#8131=CARTESIAN_POINT('',(-0.450800704820604,-0.754041957661241,1.67893932578112));
#8132=CARTESIAN_POINT('',(-0.451667037227646,-0.755171855237729,1.67888492957587));
#8133=CARTESIAN_POINT('',(-0.572524446006696,-0.912797833638144,1.67129640540178));
#8134=CARTESIAN_POINT('',(-0.689442670020399,-1.07147467892178,1.65795401232878));
#8135=CARTESIAN_POINT('',(-0.805320440361741,-1.23250786023256,1.64428839624908));
#8136=CARTESIAN_POINT('',(-0.806026962319891,-1.23348970065157,1.64420507519618));
#8137=CARTESIAN_POINT('',(-0.80673348427804,-1.23447154107059,1.64412175414329));
#8138=CARTESIAN_POINT('',(-0.652974890195997,-0.761912864052298,1.79663062981377));
#8139=CARTESIAN_POINT('',(-0.65428899242866,-0.763074059964873,1.79647928823004));
#8140=CARTESIAN_POINT('',(-0.655603094661323,-0.764235255877448,1.79632794664632));
#8141=CARTESIAN_POINT('',(-0.838926481180778,-0.926227498044506,1.77521509030949));
#8142=CARTESIAN_POINT('',(-1.01966964622757,-1.0875055848878,1.74926855292169));
#8143=CARTESIAN_POINT('',(-1.20004287576911,-1.2511033905097,1.72188282814871));
#8144=CARTESIAN_POINT('',(-1.20114263499781,-1.25210086777939,1.72171585379431));
#8145=CARTESIAN_POINT('',(-1.2022423942265,-1.25309834504907,1.72154887943991));
#8146=CARTESIAN_POINT('',(-0.611811641157133,-0.763047374989488,1.77116501414862));
#8147=CARTESIAN_POINT('',(-0.42170004999162,-0.751819766515135,1.66944278835642));
#8148=CARTESIAN_POINT('',(0.00327606630055207,-0.697968201531614,1.53385425883368));
#8149=CARTESIAN_POINT('',(0.42116214231711,-0.756500618362328,1.67680852617496));
#8150=CARTESIAN_POINT('',(0.612592988127029,-0.763604804675106,1.7753692534237));
#8151=CARTESIAN_POINT('',(0.612558609057842,-0.763648511373574,1.77543287626759));
#8152=CARTESIAN_POINT('',(1.17904041176744,-1.25037918566295,1.71962737371094));
#8153=CARTESIAN_POINT('',(0.992970933354191,-1.0716682374022,1.75052330849883));
#8154=CARTESIAN_POINT('',(0.791735233954005,-0.909013359005393,1.77177247075531));
#8155=CARTESIAN_POINT('',(0.612592891765322,-0.763604702242677,1.77536927208265));
#8156=CARTESIAN_POINT('',(0.648142252606852,0.727049079176287,1.7263314849063));
#8157=CARTESIAN_POINT('',(0.645767346626736,0.72711629211219,1.72501337928053));
#8158=CARTESIAN_POINT('',(0.643392440646619,0.727183505048094,1.72369527365477));
#8159=CARTESIAN_POINT('',(0.542066508958766,0.730051161034869,1.6674579818579));
#8160=CARTESIAN_POINT('',(0.437283621192505,0.729918343493899,1.62060385924125));
#8161=CARTESIAN_POINT('',(0.221609421517226,0.728033029562246,1.55389860220186));
#8162=CARTESIAN_POINT('',(0.110719790467867,0.726277374828957,1.53404636639851));
#8163=CARTESIAN_POINT('',(-0.111594570050619,0.725390081107362,1.53218321760587));
#8164=CARTESIAN_POINT('',(-0.223011625151501,0.726264599399906,1.55018750110141));
#8165=CARTESIAN_POINT('',(-0.439105613311599,0.727387317815772,1.61522546088047));
#8166=CARTESIAN_POINT('',(-0.543780517817191,0.727637982091737,1.66226128244629));
#8167=CARTESIAN_POINT('',(-0.643801632387016,0.725913278811632,1.72074744212084));
#8168=CARTESIAN_POINT('',(-0.646145963940132,0.72587285458384,1.72211826217355));
#8169=CARTESIAN_POINT('',(-0.648490295493249,0.725832430356049,1.72348908222625));
#8170=CARTESIAN_POINT('',(0.647999208882552,0.727234128343175,1.72659656139808));
#8171=CARTESIAN_POINT('',(0.645624361106294,0.727300579949488,1.72527900860593));
#8172=CARTESIAN_POINT('',(0.643249513330036,0.7273670315558,1.72396145581379));
#8173=CARTESIAN_POINT('',(0.541926064923722,0.73020220523348,1.6677477507956));
#8174=CARTESIAN_POINT('',(0.43715583736413,0.730024815152426,1.62091946280577));
#8175=CARTESIAN_POINT('',(0.221531155096522,0.728063268021057,1.55424534495059));
#8176=CARTESIAN_POINT('',(0.110676700388505,0.726279110970742,1.53439951508523));
#8177=CARTESIAN_POINT('',(-0.111557409465313,0.725389487236437,1.53253704313106));
#8178=CARTESIAN_POINT('',(-0.222938399424577,0.726290000669432,1.55053594620374));
#8179=CARTESIAN_POINT('',(-0.438977815728169,0.727489438796798,1.61554273096071));
#8180=CARTESIAN_POINT('',(-0.543636239955674,0.727788354007566,1.66255058799261));
#8181=CARTESIAN_POINT('',(-0.643652371832167,0.726100762849848,1.72100731616402));
#8182=CARTESIAN_POINT('',(-0.64599658659909,0.726061208469587,1.72237744639036));
#8183=CARTESIAN_POINT('',(-0.648340801366014,0.726021654089326,1.7237475766167));
#8184=CARTESIAN_POINT('',(0.619503463292531,0.764097779699451,1.77940245909464));
#8185=CARTESIAN_POINT('',(0.617140210309044,0.764012566809901,1.77819503630855));
#8186=CARTESIAN_POINT('',(0.614776957325558,0.763927353920351,1.77698761352247));
#8187=CARTESIAN_POINT('',(0.51394820352615,0.760291725605892,1.72547263155448));
#8188=CARTESIAN_POINT('',(0.411700016203756,0.751235038171941,1.68379086052542));
#8189=CARTESIAN_POINT('',(0.205939698543271,0.73408707251542,1.62331998070547));
#8190=CARTESIAN_POINT('',(0.102092724090637,0.726624967839642,1.60475027798373));
#8191=CARTESIAN_POINT('',(-0.104154647896774,0.725271182187648,1.60302263904633));
#8192=CARTESIAN_POINT('',(-0.208351099665015,0.731350188507868,1.61994970788165));
#8193=CARTESIAN_POINT('',(-0.413519254422754,0.747832963190957,1.67874611534));
#8194=CARTESIAN_POINT('',(-0.514894641845031,0.757743948902257,1.72018315653739));
#8195=CARTESIAN_POINT('',(-0.613918171199249,0.763449465013098,1.77277683388268));
#8196=CARTESIAN_POINT('',(-0.616239120984348,0.763583192991465,1.77400954377424));
#8197=CARTESIAN_POINT('',(-0.618560070769446,0.763716920969833,1.7752422536658));
#8198=CARTESIAN_POINT('',(0.640874665563779,0.727433483172113,1.72264390303164));
#8199=CARTESIAN_POINT('',(0.44282079452921,0.732975311157162,1.6127646790301));
#8200=CARTESIAN_POINT('',(0.,0.720462643375189,1.45777408086637));
#8201=CARTESIAN_POINT('',(-0.446118971200059,0.729433781384192,1.60555437783834));
#8202=CARTESIAN_POINT('',(-0.641308157075243,0.726140317240108,1.71963718594768));
#8203=CARTESIAN_POINT('',(0.612618274792569,0.763580759864265,1.7753988305152));
#8204=CARTESIAN_POINT('',(0.421419646120843,0.756411664395548,1.67699484229821));
#8205=CARTESIAN_POINT('',(0.00473282065281889,0.697836999885687,1.53381322738583));
#8206=CARTESIAN_POINT('',(-0.421572162371576,0.751801286203555,1.66937694582402));
#8207=CARTESIAN_POINT('',(-0.611813425934629,0.763045554989084,1.77116699457697));
#8208=CARTESIAN_POINT('',(-1.76179159306797,0.575000000000001,1.52920114843255));
#8209=CARTESIAN_POINT('',(-1.76179159307797,0.575000000010001,1.52920114844255));
#8210=CARTESIAN_POINT('',(-1.78304796129694,0.575000000010001,1.59589572700888));
#8211=CARTESIAN_POINT('',(-0.64853306775599,-0.72577515118665,1.72340933540853));
#8212=CARTESIAN_POINT('',(-0.64618876810349,-0.725815835802894,1.72203835167539));
#8213=CARTESIAN_POINT('',(-0.643844468450991,-0.725856520419139,1.72066736794226));
#8214=CARTESIAN_POINT('',(-0.543824700626593,-0.727592333443907,1.66217421646599));
#8215=CARTESIAN_POINT('',(-0.439148039214079,-0.727356217111372,1.61513125881236));
#8216=CARTESIAN_POINT('',(-0.22304426213015,-0.726256497368291,1.55008453367458));
#8217=CARTESIAN_POINT('',(-0.111619777593313,-0.725389699683516,1.53207796012043));
#8218=CARTESIAN_POINT('',(0.110712338162704,-0.726275718480397,1.53393738577946));
#8219=CARTESIAN_POINT('',(0.221609492576219,-0.728022515235181,1.55378883051201));
#8220=CARTESIAN_POINT('',(0.437293188467755,-0.729885078705118,1.62049730178854));
#8221=CARTESIAN_POINT('',(0.54207756976424,-0.730004972534657,1.66735570440295));
#8222=CARTESIAN_POINT('',(0.641027739505493,-0.727195893982343,1.72227834141747));
#8223=CARTESIAN_POINT('',(-0.618456334226492,-0.763847148761044,1.77541605688071));
#8224=CARTESIAN_POINT('',(-0.616135561962031,-0.763712926433809,1.77418381479177));
#8225=CARTESIAN_POINT('',(-0.613814789697571,-0.763578704106575,1.77295157270283));
#8226=CARTESIAN_POINT('',(-0.514798820123376,-0.75785209573868,1.72037784668294));
#8227=CARTESIAN_POINT('',(-0.4134388138919,-0.747922669852509,1.67895608593173));
#8228=CARTESIAN_POINT('',(-0.208311964268567,-0.731427240862688,1.62018285471915));
#8229=CARTESIAN_POINT('',(-0.104141737417331,-0.725352699331046,1.603265477043));
#8230=CARTESIAN_POINT('',(0.102043005813237,-0.72674275450459,1.60498813928331));
#8231=CARTESIAN_POINT('',(0.205864390386639,-0.734237458219472,1.62353864583604));
#8232=CARTESIAN_POINT('',(0.411596727462431,-0.751411194992628,1.68396295160301));
#8233=CARTESIAN_POINT('',(0.513839112067366,-0.760457013585365,1.72562562323034));
#8234=CARTESIAN_POINT('',(0.612291662222964,-0.763990697191248,1.77593197819671));
#8235=CARTESIAN_POINT('',(0.640841228321596,-0.727434171297286,1.72262553758032));
#8236=CARTESIAN_POINT('',(0.612558467724994,-0.763648505984348,1.77543280427922));
#8237=CARTESIAN_POINT('',(-0.641305863552308,-0.726140342965267,1.7196358497476));
#8238=CARTESIAN_POINT('',(-0.611773061640762,-0.763095308395343,1.77123181995183));
#8239=CARTESIAN_POINT('',(-1.84584682493299,-0.925000000000002,1.50987950150054));
#8240=CARTESIAN_POINT('',(-1.84300410342223,-1.225,1.50265745825842));
#8241=CARTESIAN_POINT('',(-1.99329965357687,-1.2250000003945,1.45230660351043));
#8242=CARTESIAN_POINT('',(-2.12500000529597,-1.0835074010564,1.40000001345462));
#8243=CARTESIAN_POINT('',(-2.12500000529597,-0.925000000000002,1.40000001345462));
#8244=CARTESIAN_POINT('',(-1.84300410379002,-1.225000000005,1.50265745813521));
#8245=CARTESIAN_POINT('',(-2.12500000265561,-0.925000000005002,1.40000000673128));
#8246=CARTESIAN_POINT('',(0.279153175077013,-1.22500000001,-3.88876618689101));
#8247=CARTESIAN_POINT('',(-1.86867658825863,-1.22500000001,1.56787940891944));
#8248=CARTESIAN_POINT('',(-2.1506385556461,-0.925000000000002,1.46513575430359));
#8249=CARTESIAN_POINT('',(-2.1506385556461,-1.08350676014834,1.46513575430359));
#8250=CARTESIAN_POINT('',(-2.01894166830822,-1.22500000039102,1.51743558048854));
#8251=CARTESIAN_POINT('',(-1.86867658754699,-1.22500000000137,1.56787940916509));
#8252=CARTESIAN_POINT('',(-2.1506385530032,-0.925000000005002,1.46513574758124));
#8253=CARTESIAN_POINT('',(-2.12500000001,-0.925000000010002,1.40000000001));
#8254=CARTESIAN_POINT('',(-0.610817147737649,-0.763464972685014,1.77099965944788));
#8255=CARTESIAN_POINT('',(-0.611075690896203,-0.763416951299325,1.77118204059844));
#8256=CARTESIAN_POINT('',(-0.611334234054757,-0.763368929913635,1.771364421749));
#8257=CARTESIAN_POINT('',(-0.67233328701837,-0.752039065045199,1.81439428772871));
#8258=CARTESIAN_POINT('',(-0.748373817026307,-0.737802553216092,1.826105555339));
#8259=CARTESIAN_POINT('',(-0.815671938429647,-0.725000000000002,1.81666613216934));
#8260=CARTESIAN_POINT('',(-0.640889554394741,-0.72589973541767,1.71892711346481));
#8261=CARTESIAN_POINT('',(-0.641094955058544,-0.725896563467948,1.71904695376031));
#8262=CARTESIAN_POINT('',(-0.641300355722347,-0.725893391518226,1.71916679405581));
#8263=CARTESIAN_POINT('',(-0.689761301431175,-0.725145021574246,1.74744116253445));
#8264=CARTESIAN_POINT('',(-0.750985538430171,-0.724913873907129,1.75414406860393));
#8265=CARTESIAN_POINT('',(-0.805823554369238,-0.725000000000003,1.746452334757));
#8266=CARTESIAN_POINT('',(2.60208521396521E-15,-0.725000000000001,-3.99864568838155));
#8267=CARTESIAN_POINT('',(1.77241977718747,-0.725000000010001,1.56254843772572));
#8268=CARTESIAN_POINT('',(1.76179159306798,-0.724999750000001,1.52920114843255));
#8269=CARTESIAN_POINT('',(1.78304796128695,-0.724999750000001,1.59589572699888));
#8270=CARTESIAN_POINT('',(1.0002602085214E-11,-0.725000000010001,-3.99864568839155));
#8271=CARTESIAN_POINT('',(0.80040295791407,-0.725000000010001,1.74768839290663));
#8272=CARTESIAN_POINT('',(0.803621965213955,-0.725000000010001,1.77079861654137));
#8273=CARTESIAN_POINT('',(0.80684097251384,-0.725000000010001,1.79390884017611));
#8274=CARTESIAN_POINT('',(0.810059979813724,-0.725000000010001,1.81701906381085));
#8275=CARTESIAN_POINT('',(0.810059979803653,-0.725,1.81701906380086));
#8276=CARTESIAN_POINT('',(1.0002602085214E-11,-0.725000000010001,-3.99864568839155));
#8277=CARTESIAN_POINT('',(1.76179159306798,-0.575000000000002,1.52920114843255));
#8278=CARTESIAN_POINT('',(1.77241977718747,-0.425000000010002,1.56254843772572));
#8279=CARTESIAN_POINT('',(1.76179166898359,-0.425000000000002,1.52920138662747));
#8280=CARTESIAN_POINT('',(1.78304788537135,-0.425000000000002,1.59589548880396));
#8281=CARTESIAN_POINT('',(1.76179159307798,-0.575000000010002,1.52920114844255));
#8282=CARTESIAN_POINT('',(1.78304796129695,-0.575000000010002,1.59589572700888));
#8283=CARTESIAN_POINT('',(2.60208521396521E-15,-0.425000000000002,-3.99864568838155));
#8284=CARTESIAN_POINT('',(1.0002602085214E-11,-0.425000000010002,-3.99864568839155));
#8285=CARTESIAN_POINT('',(1.0002602085214E-11,-0.425000000010002,-3.99864568839155));
#8286=CARTESIAN_POINT('',(2.60208521396521E-15,-1.225,-3.99864568838155));
#8287=CARTESIAN_POINT('',(1.0002602085214E-11,-1.22500000001,-3.99864568839155));
#8288=CARTESIAN_POINT('',(1.0002602085214E-11,-1.22500000001,-3.99864568839155));
#8289=CARTESIAN_POINT('',(-1.30977970181014,-1.22500000001,1.65338734421354));
#8290=CARTESIAN_POINT('',(-1.31504728656813,-1.22500000001,1.67611831417221));
#8291=CARTESIAN_POINT('',(-1.32031487132611,-1.22500000001,1.69884928413088));
#8292=CARTESIAN_POINT('',(-1.3255824560841,-1.22500000001,1.72158025408954));
#8293=CARTESIAN_POINT('',(-2.125,-1.30104260698261E-15,1.4));
#8294=CARTESIAN_POINT('',(-2.12500000001,1.22500000001,1.40000000001));
#8295=CARTESIAN_POINT('',(-2.12500000265561,0.925000000004999,1.40000000673128));
#8296=CARTESIAN_POINT('',(-2.15063855036012,1.22500000001,1.46513574085897));
#8297=CARTESIAN_POINT('',(-2.1506385530032,0.925000000004999,1.46513574758124));
#8298=CARTESIAN_POINT('',(-2.12500000001,0.925000000009999,1.40000000001));
#8299=CARTESIAN_POINT('',(-1.32637164345775,-1.22487035407363,1.72184910845597));
#8300=CARTESIAN_POINT('',(-1.32614169676284,-1.22491356946888,1.72190239538921));
#8301=CARTESIAN_POINT('',(-1.32591175006794,-1.22495678486413,1.72195568232245));
#8302=CARTESIAN_POINT('',(-1.27969246439111,-1.23364307930942,1.73266635590326));
#8303=CARTESIAN_POINT('',(-1.23025893058922,-1.24209610037888,1.73236087323229));
#8304=CARTESIAN_POINT('',(-1.1835094996095,-1.2495909778146,1.71942792231705));
#8305=CARTESIAN_POINT('',(-1.18327691537577,-1.24962826576204,1.71936357927767));
#8306=CARTESIAN_POINT('',(-1.18304433114204,-1.24966555370948,1.71929923623829));
#8307=CARTESIAN_POINT('',(-1.3102303030118,-1.22500078051162,1.65284761324675));
#8308=CARTESIAN_POINT('',(-1.31004819026435,-1.22500052034054,1.65288981533124));
#8309=CARTESIAN_POINT('',(-1.30986607751689,-1.22500026016946,1.65293201741573));
#8310=CARTESIAN_POINT('',(-1.27326141527744,-1.22494796578305,1.66141463639723));
#8311=CARTESIAN_POINT('',(-1.23415680094635,-1.2244792349625,1.66246624994727));
#8312=CARTESIAN_POINT('',(-1.19733240911228,-1.22394747541704,1.65482861737955));
#8313=CARTESIAN_POINT('',(-1.19714920318275,-1.22394482984716,1.65479061920757));
#8314=CARTESIAN_POINT('',(-1.19696599725323,-1.22394218427728,1.65475262103559));
#8315=CARTESIAN_POINT('',(0.810123421023423,-0.725000000000001,1.81747452744034));
#8316=CARTESIAN_POINT('',(0.744948610574067,-0.73741425217692,1.82655268236949));
#8317=CARTESIAN_POINT('',(0.671900120685445,-0.752102721073944,1.81574276668524));
#8318=CARTESIAN_POINT('',(0.612372665833845,-0.763886413850647,1.77577971840646));
#8319=CARTESIAN_POINT('',(0.800340673266798,-0.725,1.74724123271383));
#8320=CARTESIAN_POINT('',(0.747172715042588,-0.724920454696205,1.75464696137952));
#8321=CARTESIAN_POINT('',(0.688355421668222,-0.725941349974967,1.7484986942798));
#8322=CARTESIAN_POINT('',(0.641023642879839,-0.72720060065674,1.72228494794781));
#8323=CARTESIAN_POINT('',(0.612558499000162,-0.763648603134413,1.77543306729852));
#8324=CARTESIAN_POINT('',(0.670311348925139,-0.752268407453687,1.81417234815565));
#8325=CARTESIAN_POINT('',(0.741598452353313,-0.737965530266692,1.82654002301758));
#8326=CARTESIAN_POINT('',(0.810055637259874,-0.725000001365962,1.81698794015619));
#8327=CARTESIAN_POINT('',(-1.21188631813399,1.22428398611124,1.65826351089992));
#8328=CARTESIAN_POINT('',(-1.20707047105726,1.22422094037731,1.65726251278151));
#8329=CARTESIAN_POINT('',(-1.20225462398054,1.22415789464339,1.65626151466311));
#8330=CARTESIAN_POINT('',(-1.00095007039227,1.22152255487423,1.61441934730237));
#8331=CARTESIAN_POINT('',(-0.802383226869645,1.21961739449958,1.58376263167305));
#8332=CARTESIAN_POINT('',(-0.403188008798456,1.21713259593243,1.54288269262688));
#8333=CARTESIAN_POINT('',(-0.202559634249889,1.21655295773991,1.53265946921005));
#8334=CARTESIAN_POINT('',(0.19866390287685,1.21671045839757,1.53271109957547));
#8335=CARTESIAN_POINT('',(0.399259065455017,1.21744759724774,1.54298595335772));
#8336=CARTESIAN_POINT('',(0.798321435644612,1.22022990685079,1.58409832310736));
#8337=CARTESIAN_POINT('',(0.996788643256049,1.22227507760365,1.61493583907473));
#8338=CARTESIAN_POINT('',(1.19794004128421,1.22503570636346,1.65709200038974));
#8339=CARTESIAN_POINT('',(1.20273558068242,1.22510152098922,1.65809702215168));
#8340=CARTESIAN_POINT('',(1.20753112008062,1.22516733561497,1.65910204391363));
#8341=CARTESIAN_POINT('',(-1.19806418237772,1.25021859069997,1.72228599034461));
#8342=CARTESIAN_POINT('',(-1.19329349470514,1.24999309102929,1.72135896111836));
#8343=CARTESIAN_POINT('',(-1.18852280703256,1.24976759135861,1.7204319318921));
#8344=CARTESIAN_POINT('',(-0.989105936659066,1.24034160464924,1.6816816971813));
#8345=CARTESIAN_POINT('',(-0.792829038690452,1.23172058373269,1.65270223522483));
#8346=CARTESIAN_POINT('',(-0.398378021416086,1.21984835337819,1.61330944409341));
#8347=CARTESIAN_POINT('',(-0.200169218400019,1.2165516449684,1.60310295049444));
#8348=CARTESIAN_POINT('',(0.196255270672574,1.21693294462697,1.60315360901334));
#8349=CARTESIAN_POINT('',(0.394417510266209,1.22063287998722,1.61339707015178));
#8350=CARTESIAN_POINT('',(0.788707587162097,1.23295702471951,1.65292351064125));
#8351=CARTESIAN_POINT('',(0.984878580514276,1.24157181461259,1.68200155285994));
#8352=CARTESIAN_POINT('',(1.18408714900074,1.25065177245593,1.72123381313863));
#8353=CARTESIAN_POINT('',(1.18883637047274,1.25086824271663,1.72216912779064));
#8354=CARTESIAN_POINT('',(1.19358559194474,1.25108471297733,1.72310444244264));
#8355=CARTESIAN_POINT('',(-0.57052703363721,1.225,1.63011032967568));
#8356=CARTESIAN_POINT('',(-0.777427718016769,1.225,1.59015018471226));
#8357=CARTESIAN_POINT('',(-0.990043603783104,1.225,1.62236856561754));
#8358=CARTESIAN_POINT('',(-1.19725122686468,1.225,1.65759654733935));
#8359=CARTESIAN_POINT('',(-0.570527006848562,1.22499999282926,1.63011019097244));
#8360=CARTESIAN_POINT('',(-0.570531042254305,1.22499597730834,1.63006919884737));
#8361=CARTESIAN_POINT('',(-0.203652411229333,1.21444104371182,1.59498634877354));
#8362=CARTESIAN_POINT('',(0.166112549842257,1.21452426988649,1.59384415051492));
#8363=CARTESIAN_POINT('',(0.533179133913435,1.22499020617632,1.62703170767661));
#8364=CARTESIAN_POINT('',(-1.19743877691589,1.22409484891562,1.65526051654501));
#8365=CARTESIAN_POINT('',(-0.803832404122895,1.21894202694155,1.57344744559729));
#8366=CARTESIAN_POINT('',(-0.00122587354462447,1.21399846206095,1.49168879915561));
#8367=CARTESIAN_POINT('',(0.801061319161299,1.21958888956971,1.57391642419731));
#8368=CARTESIAN_POINT('',(1.1931445018981,1.22496989174386,1.65608697862812));
#8369=CARTESIAN_POINT('',(1.20099873624331,1.22507768430918,1.65773302421026));
#8370=CARTESIAN_POINT('',(1.20885297058852,1.22518547687451,1.6593790697924));
#8371=CARTESIAN_POINT('',(1.21670720493373,1.22529326943983,1.66102511537454));
#8372=CARTESIAN_POINT('',(2.60208521396521E-15,1.225,-3.99864568838155));
#8373=CARTESIAN_POINT('',(1.0002602085214E-11,1.22500000001,-3.99864568839155));
#8374=CARTESIAN_POINT('',(-1.84300410414264,1.22500000001,1.5026574580104));
#8375=CARTESIAN_POINT('',(0.279153175077014,1.22500000001,-3.88876618689101));
#8376=CARTESIAN_POINT('',(-1.86867658825863,1.22500000001,1.56787940891944));
#8377=CARTESIAN_POINT('',(1.0002602085214E-11,1.22500000001,-3.99864568839155));
#8378=CARTESIAN_POINT('',(-0.570531079061219,1.225,1.63006881240173));
#8379=CARTESIAN_POINT('',(-0.769657232598746,1.225,1.64966552704839));
#8380=CARTESIAN_POINT('',(-0.96703093876625,1.225,1.6802766291317));
#8381=CARTESIAN_POINT('',(-1.1622834504212,1.225,1.72421974828605));
#8382=CARTESIAN_POINT('',(-0.652953800040681,0.761931731853713,1.79660197134614));
#8383=CARTESIAN_POINT('',(-0.654259736744055,0.763085797298532,1.79645159456367));
#8384=CARTESIAN_POINT('',(-0.655565673447429,0.764239862743352,1.7963012177812));
#8385=CARTESIAN_POINT('',(-0.838860882357177,0.926219127325818,1.77519503117457));
#8386=CARTESIAN_POINT('',(-1.01958238888825,1.08749240055143,1.7492506417424));
#8387=CARTESIAN_POINT('',(-1.19993322040542,1.2510863733689,1.72186743692559));
#8388=CARTESIAN_POINT('',(-1.20103307106032,1.25208403407623,1.72170044331931));
#8389=CARTESIAN_POINT('',(-1.20213292171522,1.25308169478357,1.72153344971303));
#8390=CARTESIAN_POINT('',(-0.449893206917652,0.752923496150046,1.6789714594691));
#8391=CARTESIAN_POINT('',(-0.450754049196044,0.754046408994446,1.67891755816378));
#8392=CARTESIAN_POINT('',(-0.451614891474436,0.755169321838845,1.67886365685847));
#8393=CARTESIAN_POINT('',(-0.572438714595848,0.912776152146928,1.67129832004455));
#8394=CARTESIAN_POINT('',(-0.689331672189782,1.07143556859154,1.65796906623568));
#8395=CARTESIAN_POINT('',(-0.805178133169449,1.23245619026736,1.64431177196505));
#8396=CARTESIAN_POINT('',(-0.805884610677226,1.23343815766231,1.6442284843865));
#8397=CARTESIAN_POINT('',(-0.806591088185003,1.23442012505726,1.64414519680794));
#8398=CARTESIAN_POINT('',(-0.223022873789239,0.721065053463165,1.601886467587));
#8399=CARTESIAN_POINT('',(-0.223470123524065,0.722241586871081,1.60188761467172));
#8400=CARTESIAN_POINT('',(-0.223917373258891,0.723418120278998,1.60188876175644));
#8401=CARTESIAN_POINT('',(-0.286691268324335,0.888550883786037,1.60204976123893));
#8402=CARTESIAN_POINT('',(-0.345136232407108,1.05245044820144,1.60232548107116));
#8403=CARTESIAN_POINT('',(-0.403450226303506,1.21734848443458,1.60259339404369));
#8404=CARTESIAN_POINT('',(-0.403805848087099,1.21835409783606,1.60259502788289));
#8405=CARTESIAN_POINT('',(-0.404161469870691,1.21935971123754,1.60259666172209));
#8406=CARTESIAN_POINT('',(0.21854182942358,0.723770665257823,1.60503741259852));
#8407=CARTESIAN_POINT('',(0.218994919444389,0.724942096256923,1.60503259559094));
#8408=CARTESIAN_POINT('',(0.219448009465199,0.726113527256023,1.60502777858335));
#8409=CARTESIAN_POINT('',(0.28304161994006,0.890530140364992,1.60435168577633));
#8410=CARTESIAN_POINT('',(0.341985919957907,1.05383224343413,1.60356033802725));
#8411=CARTESIAN_POINT('',(0.400762648710467,1.21814355691471,1.60277406045539));
#8412=CARTESIAN_POINT('',(0.401121092434109,1.21914559224894,1.60276926542398));
#8413=CARTESIAN_POINT('',(0.401479536157752,1.22014762758318,1.60276447039257));
#8414=CARTESIAN_POINT('',(0.444742287619936,0.75729552642482,1.68503523319111));
#8415=CARTESIAN_POINT('',(0.44560732927312,0.758413617135932,1.6849649357427));
#8416=CARTESIAN_POINT('',(0.446472370926305,0.759531707847044,1.68489463829428));
#8417=CARTESIAN_POINT('',(0.567885598785316,0.916461725928186,1.67502801500439));
#8418=CARTESIAN_POINT('',(0.685577890901799,1.07414573369468,1.65992072573379));
#8419=CARTESIAN_POINT('',(0.802363144794561,1.23407528472064,1.64429536854832));
#8420=CARTESIAN_POINT('',(0.803075347432583,1.23505059833551,1.64420007894422));
#8421=CARTESIAN_POINT('',(0.803787550070606,1.23602591195039,1.64410478934013));
#8422=CARTESIAN_POINT('',(0.652406547840258,0.761380678145765,1.79900093879101));
#8423=CARTESIAN_POINT('',(0.653706407740312,0.76253726571989,1.79884368408972));
#8424=CARTESIAN_POINT('',(0.655006267640368,0.763693853294015,1.79868642938843));
#8425=CARTESIAN_POINT('',(0.837448564666299,0.926027112229163,1.77661489004738));
#8426=CARTESIAN_POINT('',(1.01714251343283,1.08796030599008,1.75036382661727));
#8427=CARTESIAN_POINT('',(1.19669990832214,1.25201049272623,1.72293769144938));
#8428=CARTESIAN_POINT('',(1.19779492028687,1.25301093560637,1.72277043603685));
#8429=CARTESIAN_POINT('',(1.1988899322516,1.2540113784865,1.72260318062432));
#8430=CARTESIAN_POINT('',(2.60208521396521E-15,1.225,-3.99864568838155));
#8431=CARTESIAN_POINT('',(-1.86867658754666,1.225,1.56787940916512));
#8432=CARTESIAN_POINT('',(-2.01894012351185,1.22500000038981,1.51743609907498));
#8433=CARTESIAN_POINT('',(-2.15063855564609,1.08350639721973,1.46513575430359));
#8434=CARTESIAN_POINT('',(-2.15063855564609,0.924999999999999,1.46513575430359));
#8435=CARTESIAN_POINT('',(0.81001489793198,-0.725049666054077,1.81702535764489));
#8436=CARTESIAN_POINT('',(0.86975786876083,-0.780309371177897,1.80870427207538));
#8437=CARTESIAN_POINT('',(0.978717051064536,-0.88212032901797,1.79135729912325));
#8438=CARTESIAN_POINT('',(1.05910207182529,-0.957750066603434,1.77727051166586));
#8439=CARTESIAN_POINT('',(1.21274269759106,-1.10917713087007,1.7472022700911));
#8440=CARTESIAN_POINT('',(1.28544428879787,-1.18623946264333,1.73084947610604));
#8441=CARTESIAN_POINT('',(1.3209520267992,-1.22500008372261,1.72265133181912));
#8442=CARTESIAN_POINT('',(1.32482506237483,-1.22812488733653,1.72175574436124));
#8443=CARTESIAN_POINT('',(1.29616165455151,-1.25469351567938,1.72839119426195));
#8444=CARTESIAN_POINT('',(1.26397082571645,-1.28218518782198,1.72432131948326));
#8445=CARTESIAN_POINT('',(1.23481640427723,-1.30492119373844,1.71001726757608));
#8446=CARTESIAN_POINT('',(1.1378856157367,-1.02346844842426,1.76505027606084));
#8447=CARTESIAN_POINT('',(1.10720759891951,-1.0546911333617,1.77116485795652));
#8448=CARTESIAN_POINT('',(1.07244759063487,-1.08724850549042,1.76385635598518));
#8449=CARTESIAN_POINT('',(1.04219280091331,-1.1131370579843,1.74437382144775));
#8450=CARTESIAN_POINT('',(0.930967784881654,-0.836147099852017,1.80257623686449));
#8451=CARTESIAN_POINT('',(0.897894112807255,-0.872187660472487,1.80810057002661));
#8452=CARTESIAN_POINT('',(0.860179724778444,-0.9100837461265,1.79701724204276));
#8453=CARTESIAN_POINT('',(0.828552489883174,-0.938847991247005,1.77125975936085));
#8454=CARTESIAN_POINT('',(0.725858688905898,-0.645654933937597,1.82812729690424));
#8455=CARTESIAN_POINT('',(0.686443668654419,-0.687184290115729,1.83303216396236));
#8456=CARTESIAN_POINT('',(0.641204449124601,-0.73153577501053,1.8129914005022));
#8457=CARTESIAN_POINT('',(0.608647701394156,-0.760476473771803,1.77551096423917));
#8458=CARTESIAN_POINT('',(0.681060603969206,0.723011465644666,1.7479395159766));
#8459=CARTESIAN_POINT('',(0.857962608900108,0.891442896721719,1.71821725445603));
#8460=CARTESIAN_POINT('',(1.03486461383102,1.05987432779879,1.68849499293544));
#8461=CARTESIAN_POINT('',(1.21176661876191,1.22830575887582,1.65877273141488));
#8462=CARTESIAN_POINT('',(0.473099951680825,0.731017129982308,1.62472956241137));
#8463=CARTESIAN_POINT('',(0.586432994633029,0.894909683504859,1.60801156355176));
#8464=CARTESIAN_POINT('',(0.699766037585212,1.05880223702743,1.59129356469213));
#8465=CARTESIAN_POINT('',(0.813099080537438,1.22269479054996,1.57457556583256));
#8466=CARTESIAN_POINT('',(0.236036031701223,0.723815520695548,1.53512042632554));
#8467=CARTESIAN_POINT('',(0.292609111601839,0.889163575520782,1.53432945982688));
#8468=CARTESIAN_POINT('',(0.349182191502445,1.054511630346,1.53353849332822));
#8469=CARTESIAN_POINT('',(0.405755271403073,1.21985968517125,1.53274752682956));
#8470=CARTESIAN_POINT('',(-0.240133558482353,0.72194234514553,1.53180322817246));
#8471=CARTESIAN_POINT('',(-0.296422198688138,0.887810618835076,1.53207331687224));
#8472=CARTESIAN_POINT('',(-0.35271083889391,1.05367889252464,1.53234340557203));
#8473=CARTESIAN_POINT('',(-0.408999479099708,1.21954716621417,1.53261349427179));
#8474=CARTESIAN_POINT('',(-0.479229060196697,0.727221992200769,1.61796834637156));
#8475=CARTESIAN_POINT('',(-0.591622919626457,0.892171346844459,1.60341499413012));
#8476=CARTESIAN_POINT('',(-0.70401677905621,1.05712070148813,1.58886164188869));
#8477=CARTESIAN_POINT('',(-0.816410638485974,1.22207005613184,1.57430828964723));
#8478=CARTESIAN_POINT('',(-0.683339113318299,0.722221283843998,1.74760775271337));
#8479=CARTESIAN_POINT('',(-0.860686926383333,0.890617948642439,1.71766209790229));
#8480=CARTESIAN_POINT('',(-1.03803473944837,1.05901461344088,1.6877164430912));
#8481=CARTESIAN_POINT('',(-1.2153825525134,1.22741127823932,1.65777078828014));
#8482=CARTESIAN_POINT('',(-0.641309945874975,0.726140361462705,1.71963565374422));
#8483=CARTESIAN_POINT('',(-0.73831498479039,0.81032913952426,1.71486646069869));
#8484=CARTESIAN_POINT('',(-0.934092059399694,0.976175644894623,1.6978817789379));
#8485=CARTESIAN_POINT('',(-1.09071399373586,1.12081523711029,1.67343277190902));
#8486=CARTESIAN_POINT('',(-1.19757062772839,1.22422283382953,1.65523787364512));
#8487=CARTESIAN_POINT('',(-0.720227713836052,0.642984452371804,1.75828687989151));
#8488=CARTESIAN_POINT('',(-0.692321528245219,0.672047253868114,1.76177549964906));
#8489=CARTESIAN_POINT('',(-0.660097251153043,0.703193566726231,1.74697607350379));
#8490=CARTESIAN_POINT('',(-0.637511962163271,0.72286980029567,1.71980398036199));
#8491=CARTESIAN_POINT('',(-0.922480286264031,0.835285457388223,1.73298383472305));
#8492=CARTESIAN_POINT('',(-0.899390432740223,0.860419265495434,1.73686600140044));
#8493=CARTESIAN_POINT('',(-0.872971029452038,0.88690044560349,1.72893289060927));
#8494=CARTESIAN_POINT('',(-0.850947048328153,0.906787629392413,1.71054745327574));
#8495=CARTESIAN_POINT('',(-1.12819043539193,1.02282602541016,1.69559318694567));
#8496=CARTESIAN_POINT('',(-1.10721335525436,1.04423781110433,1.6997999858189));
#8497=CARTESIAN_POINT('',(-1.0834256056192,1.06656073517009,1.6948129953691));
#8498=CARTESIAN_POINT('',(-1.06270330997491,1.08431875790648,1.68146927107653));
#8499=CARTESIAN_POINT('',(-1.31343594849366,1.2283087768171,1.65253882641816));
#8500=CARTESIAN_POINT('',(-1.29412948822512,1.24618808066504,1.65702466803998));
#8501=CARTESIAN_POINT('',(-1.27248124776535,1.26467409103702,1.65440363467141));
#8502=CARTESIAN_POINT('',(-1.2528013121107,1.28003772030656,1.64495955093923));
#8503=CARTESIAN_POINT('',(-1.30977316468357,1.22500000001,1.65338887392756));
#8504=CARTESIAN_POINT('',(-1.21929186039039,1.12710774116494,1.67435654193495));
#8505=CARTESIAN_POINT('',(-1.08217791317724,0.987197189715944,1.70183112013696));
#8506=CARTESIAN_POINT('',(-0.979976415654356,0.890016466209487,1.72015994518909));
#8507=CARTESIAN_POINT('',(-0.869152464196333,0.784658105674047,1.73804812557881));
#8508=CARTESIAN_POINT('',(-0.805885276499808,0.725000000010001,1.74692211276594));
#8509=CARTESIAN_POINT('',(2.60208521396521E-15,1.225,-3.99864568838155));
#8510=CARTESIAN_POINT('',(-2.12500000529597,0.924999999999999,1.40000001345462));
#8511=CARTESIAN_POINT('',(-2.12500000529597,1.08350777257873,1.40000001345462));
#8512=CARTESIAN_POINT('',(-1.99330123589951,1.22500000039571,1.45230607341299));
#8513=CARTESIAN_POINT('',(-1.84300410342255,1.22500000000136,1.50265745825839));
#8514=CARTESIAN_POINT('',(0.279153175067014,0.924999999999999,-3.88876618688101));
#8515=CARTESIAN_POINT('',(0.,0.,0.));
#8516=CARTESIAN_POINT('',(-1.45999999999999,0.815000000000012,3.3));
#8517=CARTESIAN_POINT('',(-1.46000000000999,0.815000000010012,3.00000000001));
#8518=CARTESIAN_POINT('',(-1.45999999999999,0.815000000000012,3.));
#8519=CARTESIAN_POINT('',(1.45999999999999,0.815000000000009,3.));
#8520=CARTESIAN_POINT('',(1.46000000000999,0.815000000010009,3.30000000001));
#8521=CARTESIAN_POINT('',(1.45999999999999,0.815000000000009,3.3));
#8522=CARTESIAN_POINT('',(-1.00046629367034E-11,0.815000000010002,3.30000000001));
#8523=CARTESIAN_POINT('',(-1.45999999999999,0.815000000000012,3.3));
#8524=CARTESIAN_POINT('',(-1.46000000000999,0.815000000010012,3.30000000001));
#8525=CARTESIAN_POINT('',(-1.56,-0.715000000000005,3.3));
#8526=CARTESIAN_POINT('',(-1.56000000001,-0.715000000010005,3.00000000001));
#8527=CARTESIAN_POINT('',(-1.56,-0.715000000000005,3.));
#8528=CARTESIAN_POINT('',(-1.55999999999999,0.715000000000012,3.));
#8529=CARTESIAN_POINT('',(-1.56000000000999,0.715000000010012,3.30000000001));
#8530=CARTESIAN_POINT('',(-1.55999999999999,0.715000000000012,3.3));
#8531=CARTESIAN_POINT('',(-1.56000000001,-0.715000000010005,3.30000000001));
#8532=CARTESIAN_POINT('',(-1.56,-0.715000000000005,3.3));
#8533=CARTESIAN_POINT('',(-1.56000000001,-0.715000000010005,3.30000000001));
#8534=CARTESIAN_POINT('',(-1.46,-0.715000000000005,3.3));
#8535=CARTESIAN_POINT('',(-1.46000000001,-0.715000000010005,3.00000000001));
#8536=CARTESIAN_POINT('',(-1.46,-0.815000000000005,3.));
#8537=CARTESIAN_POINT('',(-1.46000000001,-0.715000000010005,3.30000000001));
#8538=CARTESIAN_POINT('',(-1.46,-0.815000000000005,3.3));
#8539=CARTESIAN_POINT('',(-1.46000000001,-0.815000000010005,3.30000000001));
#8540=CARTESIAN_POINT('',(1.46,-0.715000000000009,3.3));
#8541=CARTESIAN_POINT('',(1.46000000001,-0.715000000010009,3.00000000001));
#8542=CARTESIAN_POINT('',(1.56,-0.715000000000009,3.));
#8543=CARTESIAN_POINT('',(1.46,-0.815000000000009,3.));
#8544=CARTESIAN_POINT('',(1.46000000001,-0.815000000010009,3.30000000001));
#8545=CARTESIAN_POINT('',(1.46,-0.815000000000009,3.3));
#8546=CARTESIAN_POINT('',(1.46000000001,-0.715000000010009,3.30000000001));
#8547=CARTESIAN_POINT('',(1.56,-0.715000000000009,3.3));
#8548=CARTESIAN_POINT('',(1.56000000001,-0.715000000010009,3.30000000001));
#8549=CARTESIAN_POINT('',(1.45999999999999,-0.815000000000009,3.3));
#8550=CARTESIAN_POINT('',(1.46000000000999,-0.815000000010009,3.00000000001));
#8551=CARTESIAN_POINT('',(1.46000000000999,-0.815000000010009,3.30000000001));
#8552=CARTESIAN_POINT('',(2.85,-1.74999999999999,3.3));
#8553=CARTESIAN_POINT('',(2.80000000001,-1.75000000001,1.95000000001));
#8554=CARTESIAN_POINT('',(2.8,-1.74999999999999,3.));
#8555=CARTESIAN_POINT('',(2.8,-1.74999999999999,3.3));
#8556=CARTESIAN_POINT('',(2.85000000001,-1.75000000000999,3.30000000001));
#8557=CARTESIAN_POINT('',(-2.8,-1.75,3.3));
#8558=CARTESIAN_POINT('',(-2.80000000001,-1.75000000000999,1.95000000001));
#8559=CARTESIAN_POINT('',(-2.8,-1.75,3.));
#8560=CARTESIAN_POINT('',(2.85000000001,-1.75000000000999,3.00000000001));
#8561=CARTESIAN_POINT('',(1.56,0.715000000000009,3.3));
#8562=CARTESIAN_POINT('',(1.56000000001,0.715000000010009,3.00000000001));
#8563=CARTESIAN_POINT('',(1.56,0.715000000000009,3.));
#8564=CARTESIAN_POINT('',(1.56000000001,0.715000000010009,3.30000000001));
#8565=CARTESIAN_POINT('',(1.56,0.715000000000009,3.3));
#8566=CARTESIAN_POINT('',(1.56000000001,0.715000000010009,3.30000000001));
#8567=CARTESIAN_POINT('',(-1.45999999999999,0.715000000000012,3.3));
#8568=CARTESIAN_POINT('',(-1.46000000000999,0.715000000010012,3.00000000001));
#8569=CARTESIAN_POINT('',(-1.46000000000999,0.715000000010012,3.30000000001));
#8570=CARTESIAN_POINT('',(0.,1.75,3.3));
#8571=CARTESIAN_POINT('',(-2.85000000001,1.75000000001001,3.30000000001));
#8572=CARTESIAN_POINT('',(-2.8,1.75000000000001,3.3));
#8573=CARTESIAN_POINT('',(2.8,1.75,3.3));
#8574=CARTESIAN_POINT('',(2.80000000001,1.75000000001,1.95000000001));
#8575=CARTESIAN_POINT('',(2.8,1.75,3.));
#8576=CARTESIAN_POINT('',(0.,1.75000000001,3.00000000001));
#8577=CARTESIAN_POINT('',(-2.8,1.75,3.));
#8578=CARTESIAN_POINT('',(-2.80000000001,1.75000000001,1.95000000001));
#8579=CARTESIAN_POINT('',(-2.85,1.55000000000001,3.));
#8580=CARTESIAN_POINT('',(2.80000000001,1.50000000001,3.00000000001));
#8581=CARTESIAN_POINT('',(3.,1.65,3.));
#8582=CARTESIAN_POINT('',(3.00000000001,1.55000000001,3.00000000001));
#8583=CARTESIAN_POINT('',(3.,-1.65,3.));
#8584=CARTESIAN_POINT('',(2.80000000001,-1.50000000001,3.00000000001));
#8585=CARTESIAN_POINT('',(-2.80000000001,-1.50000000001,3.00000000001));
#8586=CARTESIAN_POINT('',(-3.,-1.65,3.));
#8587=CARTESIAN_POINT('',(-3.00000000001,1.55000000001001,3.00000000001));
#8588=CARTESIAN_POINT('',(-3.,1.65,3.));
#8589=CARTESIAN_POINT('',(-2.80000000001,1.50000000001,3.00000000001));
#8590=CARTESIAN_POINT('',(1.46000000001,0.715000000010009,3.00000000001));
#8591=CARTESIAN_POINT('',(1.46,0.715000000000009,3.3));
#8592=CARTESIAN_POINT('',(1.46000000001,0.715000000010009,3.30000000001));
#8593=CARTESIAN_POINT('',(-2.85,1.55000000000001,3.3));
#8594=CARTESIAN_POINT('',(3.00000000001,1.65000000001,3.30000000001));
#8595=CARTESIAN_POINT('',(3.,1.65,3.3));
#8596=CARTESIAN_POINT('',(3.,-1.65,3.3));
#8597=CARTESIAN_POINT('',(2.80000000001,1.50000000001,3.30000000001));
#8598=CARTESIAN_POINT('',(-2.80000000001,1.50000000001,3.30000000001));
#8599=CARTESIAN_POINT('',(-3.,1.65,3.3));
#8600=CARTESIAN_POINT('',(-3.00000000001,-1.65000000001,3.30000000001));
#8601=CARTESIAN_POINT('',(-3.,-1.65,3.3));
#8602=CARTESIAN_POINT('',(-2.80000000001,-1.50000000001,3.30000000001));
#8603=CARTESIAN_POINT('',(2.80000000001,-1.50000000001,3.30000000001));
#8604=CARTESIAN_POINT('',(-2.8,-1.5,1.95));
#8605=CARTESIAN_POINT('',(-3.00000000001,-1.65000000001,1.95000000001));
#8606=CARTESIAN_POINT('',(-3.,-1.65,1.95));
#8607=CARTESIAN_POINT('',(-3.00000000001,1.65000000001,1.95000000001));
#8608=CARTESIAN_POINT('',(-2.8,1.5,1.95));
#8609=CARTESIAN_POINT('',(2.8,1.5,1.95));
#8610=CARTESIAN_POINT('',(3.00000000001,1.65000000001,1.95000000001));
#8611=CARTESIAN_POINT('',(2.8,-1.5,1.95));
#8612=CARTESIAN_POINT('',(3.00000000001,-1.65000000001,1.95000000001));
#8613=CARTESIAN_POINT('',(3.,1.65,1.95));
#8614=CARTESIAN_POINT('',(0.,0.,0.));
#8615=CARTESIAN_POINT('',(-2.08749999999999,0.934999999999998,3.5));
#8616=CARTESIAN_POINT('',(-2.08750000000999,0.935000000009998,3.50000000001));
#8617=CARTESIAN_POINT('',(-1.98749999999999,0.934999999999998,3.5));
#8618=CARTESIAN_POINT('',(-2.08749999999999,1.035,3.5));
#8619=CARTESIAN_POINT('',(-2.08750000000999,0.935000000009998,3.50000000001));
#8620=CARTESIAN_POINT('',(-2.08749999999999,0.934999999999998,3.6));
#8621=CARTESIAN_POINT('',(-2.08750000000999,0.935000000009998,3.50000000001));
#8622=CARTESIAN_POINT('',(-2.08749999999999,-0.935000000000002,3.5));
#8623=CARTESIAN_POINT('',(-2.08750000000999,-0.935000000010002,3.50000000001));
#8624=CARTESIAN_POINT('',(-1.98749999999999,-0.935000000000002,3.5));
#8625=CARTESIAN_POINT('',(-2.08749999999999,-0.935000000000002,3.6));
#8626=CARTESIAN_POINT('',(-2.08750000000999,-0.935000000010002,3.50000000001));
#8627=CARTESIAN_POINT('',(-2.08749999999999,-1.035,3.5));
#8628=CARTESIAN_POINT('',(-2.08750000000999,-0.935000000010002,3.50000000001));
#8629=CARTESIAN_POINT('',(-2.68749999999999,0.935,3.5));
#8630=CARTESIAN_POINT('',(-2.68750000000999,0.93500000001,3.50000000001));
#8631=CARTESIAN_POINT('',(-2.68749999999999,0.935,3.6));
#8632=CARTESIAN_POINT('',(-2.78749999999999,0.935,3.5));
#8633=CARTESIAN_POINT('',(-2.68750000000999,0.93500000001,3.50000000001));
#8634=CARTESIAN_POINT('',(-2.68749999999999,1.035,3.5));
#8635=CARTESIAN_POINT('',(-2.68750000000999,0.93500000001,3.50000000001));
#8636=CARTESIAN_POINT('',(-2.7875,-1.035,3.3));
#8637=CARTESIAN_POINT('',(-1.98750000000999,1.03500000001,3.30000000001));
#8638=CARTESIAN_POINT('',(-1.98749999999999,0.934999999999998,3.3));
#8639=CARTESIAN_POINT('',(-1.98749999999999,-0.935000000000001,3.3));
#8640=CARTESIAN_POINT('',(-2.78750000001,-0.935000000010002,3.30000000001));
#8641=CARTESIAN_POINT('',(-2.7875,-0.935000000000002,3.3));
#8642=CARTESIAN_POINT('',(-2.78750000001,-1.03500000001,3.30000000001));
#8643=CARTESIAN_POINT('',(-2.78749999999999,0.935000000000001,3.3));
#8644=CARTESIAN_POINT('',(-2.68750000000999,0.93500000001,3.30000000001));
#8645=CARTESIAN_POINT('',(-2.68749999999999,1.035,3.3));
#8646=CARTESIAN_POINT('',(-2.78750000000999,1.03500000001,3.30000000001));
#8647=CARTESIAN_POINT('',(-2.08749999999999,1.035,3.3));
#8648=CARTESIAN_POINT('',(-2.08750000000999,0.935000000009998,3.30000000001));
#8649=CARTESIAN_POINT('',(-2.7875,-1.035,3.6));
#8650=CARTESIAN_POINT('',(-2.68750000001,-1.03500000001,3.60000000001));
#8651=CARTESIAN_POINT('',(-2.6875,-0.935000000000002,3.6));
#8652=CARTESIAN_POINT('',(-1.98750000000999,-0.935000000010002,3.60000000001));
#8653=CARTESIAN_POINT('',(-2.08750000000999,1.03500000001,3.60000000001));
#8654=CARTESIAN_POINT('',(-2.78750000000999,0.93500000001,3.60000000001));
#8655=CARTESIAN_POINT('',(-1.98749999999999,1.035,3.6));
#8656=CARTESIAN_POINT('',(-1.98750000000999,-1.03500000001,3.50000000001));
#8657=CARTESIAN_POINT('',(-1.98750000000999,-0.935000000010002,3.60000000001));
#8658=CARTESIAN_POINT('',(-1.98750000000999,0.935000000009998,3.60000000001));
#8659=CARTESIAN_POINT('',(-1.98749999999999,-1.035,3.6));
#8660=CARTESIAN_POINT('',(-2.78750000001,-1.03500000001,3.60000000001));
#8661=CARTESIAN_POINT('',(-2.7875,-1.035,3.5));
#8662=CARTESIAN_POINT('',(-2.7875,-1.035,3.4));
#8663=CARTESIAN_POINT('',(-1.98750000000999,-1.03500000001,3.40000000001));
#8664=CARTESIAN_POINT('',(-2.08749999999999,-1.035,3.4));
#8665=CARTESIAN_POINT('',(-2.08750000000999,-1.03500000001,3.60000000001));
#8666=CARTESIAN_POINT('',(-2.78750000001,-1.03500000001,3.50000000001));
#8667=CARTESIAN_POINT('',(-2.7875,-0.935000000000002,3.4));
#8668=CARTESIAN_POINT('',(-2.78750000001,-0.935000000010002,3.40000000001));
#8669=CARTESIAN_POINT('',(-2.08750000000999,-0.935000000010002,3.40000000001));
#8670=CARTESIAN_POINT('',(-2.08749999999999,1.035,3.5));
#8671=CARTESIAN_POINT('',(-1.98749999999999,-0.935000000000002,3.5));
#8672=CARTESIAN_POINT('',(-2.68750000001,-0.935000000010002,3.50000000001));
#8673=CARTESIAN_POINT('',(-2.68749999999999,0.935,3.6));
#8674=CARTESIAN_POINT('',(-2.68750000000999,1.03500000001,3.60000000001));
#8675=CARTESIAN_POINT('',(-2.78750000000999,0.935000000010001,3.60000000001));
#8676=CARTESIAN_POINT('',(-2.08749999999999,-0.935000000000002,3.6));
#8677=CARTESIAN_POINT('',(-2.78749999999999,1.035,3.6));
#8678=CARTESIAN_POINT('',(-1.98750000000999,1.03500000001,3.50000000001));
#8679=CARTESIAN_POINT('',(-2.08750000000999,1.03500000001,3.60000000001));
#8680=CARTESIAN_POINT('',(-2.7875,-1.035,3.6));
#8681=CARTESIAN_POINT('',(-2.78750000000999,1.03500000001,3.50000000001));
#8682=CARTESIAN_POINT('',(-2.78749999999999,0.935,3.5));
#8683=CARTESIAN_POINT('',(-2.6875,-1.035,3.5));
#8684=CARTESIAN_POINT('',(-2.08749999999999,0.934999999999998,3.6));
#8685=CARTESIAN_POINT('',(0.,0.,0.));
#8686=CARTESIAN_POINT('',(2.08749999999999,1.035,3.5));
#8687=CARTESIAN_POINT('',(2.08750000000999,-0.93500000001,3.50000000001));
#8688=CARTESIAN_POINT('',(1.98749999999999,-0.935,3.5));
#8689=CARTESIAN_POINT('',(2.08749999999999,-0.935,3.6));
#8690=CARTESIAN_POINT('',(2.08750000000999,-1.03500000001,3.60000000001));
#8691=CARTESIAN_POINT('',(2.08749999999999,0.934999999999998,3.6));
#8692=CARTESIAN_POINT('',(2.08750000000999,0.935000000009998,3.50000000001));
#8693=CARTESIAN_POINT('',(1.98749999999999,0.934999999999998,3.5));
#8694=CARTESIAN_POINT('',(1.98750000000999,1.03500000001,3.50000000001));
#8695=CARTESIAN_POINT('',(2.3875,-1.035,3.6));
#8696=CARTESIAN_POINT('',(2.38750000001,-1.03500000001,3.30000000001));
#8697=CARTESIAN_POINT('',(2.08749999999999,-1.035,3.3));
#8698=CARTESIAN_POINT('',(2.6875,-1.035,3.3));
#8699=CARTESIAN_POINT('',(2.68750000001,-1.03500000001,3.60000000001));
#8700=CARTESIAN_POINT('',(2.6875,-1.035,3.5));
#8701=CARTESIAN_POINT('',(1.98750000000999,-1.03500000001,3.50000000001));
#8702=CARTESIAN_POINT('',(2.08749999999999,-1.035,3.5));
#8703=CARTESIAN_POINT('',(2.08750000000999,-1.03500000001,3.60000000001));
#8704=CARTESIAN_POINT('',(2.7875,-1.035,3.6));
#8705=CARTESIAN_POINT('',(2.78750000001,-1.03500000001,3.30000000001));
#8706=CARTESIAN_POINT('',(2.7875,-0.935,3.3));
#8707=CARTESIAN_POINT('',(2.78749999999999,0.935,3.3));
#8708=CARTESIAN_POINT('',(2.78750000000999,0.93500000001,3.60000000001));
#8709=CARTESIAN_POINT('',(2.78749999999999,0.935,3.5));
#8710=CARTESIAN_POINT('',(2.78750000001,-1.03500000001,3.50000000001));
#8711=CARTESIAN_POINT('',(2.7875,-0.935,3.5));
#8712=CARTESIAN_POINT('',(2.78750000001,-0.93500000001,3.60000000001));
#8713=CARTESIAN_POINT('',(2.08749999999999,-0.935,3.5));
#8714=CARTESIAN_POINT('',(2.08750000000999,-0.93500000001,3.50000000001));
#8715=CARTESIAN_POINT('',(2.08750000000999,-0.93500000001,3.50000000001));
#8716=CARTESIAN_POINT('',(1.98749999999999,1.035,3.6));
#8717=CARTESIAN_POINT('',(1.98750000000999,0.935000000009998,3.60000000001));
#8718=CARTESIAN_POINT('',(1.98749999999999,0.934999999999998,3.3));
#8719=CARTESIAN_POINT('',(1.98750000000999,1.03500000001,3.30000000001));
#8720=CARTESIAN_POINT('',(1.98749999999999,-0.935,3.3));
#8721=CARTESIAN_POINT('',(1.98750000000999,-0.93500000001,3.60000000001));
#8722=CARTESIAN_POINT('',(2.08749999999999,-0.935,3.6));
#8723=CARTESIAN_POINT('',(2.08750000000999,-0.93500000001,3.30000000001));
#8724=CARTESIAN_POINT('',(2.6875,-0.935,3.5));
#8725=CARTESIAN_POINT('',(2.68750000001,-0.93500000001,3.50000000001));
#8726=CARTESIAN_POINT('',(2.6875,-0.935,3.6));
#8727=CARTESIAN_POINT('',(2.68750000001,-0.93500000001,3.50000000001));
#8728=CARTESIAN_POINT('',(2.68750000001,-0.93500000001,3.50000000001));
#8729=CARTESIAN_POINT('',(2.78749999999999,0.935,3.5));
#8730=CARTESIAN_POINT('',(2.68750000000999,0.93500000001,3.50000000001));
#8731=CARTESIAN_POINT('',(2.68749999999999,0.935,3.6));
#8732=CARTESIAN_POINT('',(2.68749999999999,1.035,3.5));
#8733=CARTESIAN_POINT('',(2.78750000000999,1.03500000001,3.50000000001));
#8734=CARTESIAN_POINT('',(2.08749999999999,1.035,3.5));
#8735=CARTESIAN_POINT('',(2.08750000000999,0.935000000009998,3.50000000001));
#8736=CARTESIAN_POINT('',(1.98750000000999,0.935000000009998,3.60000000001));
#8737=CARTESIAN_POINT('',(2.78749999999999,1.035,3.6));
#8738=CARTESIAN_POINT('',(2.78750000001,-0.93500000001,3.60000000001));
#8739=CARTESIAN_POINT('',(2.68750000000999,1.03500000001,3.60000000001));
#8740=CARTESIAN_POINT('',(2.68749999999999,0.935,3.6));
#8741=CARTESIAN_POINT('',(2.68750000000999,0.93500000001,3.30000000001));
#8742=CARTESIAN_POINT('',(2.68749999999999,1.035,3.3));
#8743=CARTESIAN_POINT('',(2.68750000000999,1.03500000001,3.60000000001));
#8744=CARTESIAN_POINT('',(2.68750000000999,0.93500000001,3.50000000001));
#8745=CARTESIAN_POINT('',(2.68749999999999,0.935,3.5));
#8746=CARTESIAN_POINT('',(2.68750000000999,0.93500000001,3.50000000001));
#8747=CARTESIAN_POINT('',(2.68749999999999,1.035,3.5));
#8748=CARTESIAN_POINT('',(2.08749999999999,0.934999999999998,3.6));
#8749=CARTESIAN_POINT('',(2.08750000000999,0.935000000009998,3.50000000001));
#8750=CARTESIAN_POINT('',(2.08750000000999,1.03500000001,3.60000000001));
#8751=CARTESIAN_POINT('',(2.08749999999999,1.035,3.3));
#8752=CARTESIAN_POINT('',(2.08750000000999,0.935000000009998,3.30000000001));
#8753=CARTESIAN_POINT('',(2.08749999999999,0.934999999999998,3.5));
#8754=CARTESIAN_POINT('',(2.78749999999999,-0.935,3.5));
#8755=CARTESIAN_POINT('',(2.6875,-0.935,3.6));
#8756=CARTESIAN_POINT('',(2.68750000001,-0.93500000001,3.30000000001));
#8757=CARTESIAN_POINT('',(2.78749999999999,1.035,3.6));
#8758=CARTESIAN_POINT('',(2.78750000000999,1.03500000001,3.30000000001));
#8759=CARTESIAN_POINT('',(2.78749999999999,1.035,3.3));
#8760=CARTESIAN_POINT('',(0.,0.,0.));
#8761=CARTESIAN_POINT('',(5.,0.5,-1.99999999999999));
#8762=CARTESIAN_POINT('',(-3.35420784239595,0.321766864849326,-3.06939881097404));
#8763=CARTESIAN_POINT('',(-3.76434659090909,0.5,-1.99999999999999));
#8764=CARTESIAN_POINT('',(-3.4,0.341666666666667,-2.94999999999999));
#8765=CARTESIAN_POINT('',(5.00000000001,0.50000000001,-2.00000000000999));
#8766=CARTESIAN_POINT('',(-3.43193673965434,0.5,-1.99999999999999));
#8767=CARTESIAN_POINT('',(-3.52356442858376,0.541232460023737,-1.75260523992757));
#8768=CARTESIAN_POINT('',(-3.11556280981907,0.35763173157413,-2.85420961055521));
#8769=CARTESIAN_POINT('',(-3.35000000001,0.34316030009148,-2.94103819952111));
#8770=CARTESIAN_POINT('',(-3.1,0.34316030008148,-2.94103819951111));
#8771=CARTESIAN_POINT('',(-3.10000000001,0.320372183873061,-3.07776689683162));
#8772=CARTESIAN_POINT('',(-3.1,0.25,-3.49999999999999));
#8773=CARTESIAN_POINT('',(5.00000000001,0.25000000001,-3.50000000000999));
#8774=CARTESIAN_POINT('',(-3.4,0.25,-3.49999999999999));
#8775=CARTESIAN_POINT('',(-3.40000000001,0.22972972973973,-3.62162162163161));
#8776=CARTESIAN_POINT('',(-3.,-0.5,1.27));
#8777=CARTESIAN_POINT('',(-3.00000000001,0.50000000001,1.27000000001));
#8778=CARTESIAN_POINT('',(-3.,0.5,1.27));
#8779=CARTESIAN_POINT('',(-3.05,0.5,1.27));
#8780=CARTESIAN_POINT('',(-3.00000000001,-0.50000000001,1.27000000001));
#8781=CARTESIAN_POINT('',(-3.,-0.5,1.27));
#8782=CARTESIAN_POINT('',(-3.00000000001,-0.50000000001,1.27000000001));
#8783=CARTESIAN_POINT('',(-3.05,-0.5,1.27));
#8784=CARTESIAN_POINT('',(-3.05000000001,-0.50000000001,1.27000000001));
#8785=CARTESIAN_POINT('',(-3.1,-0.5,-2.94103819951111));
#8786=CARTESIAN_POINT('',(-3.10000000001,-0.50000000001,-3.50000000000999));
#8787=CARTESIAN_POINT('',(-3.1,-0.25,-3.49999999999999));
#8788=CARTESIAN_POINT('',(-3.10000000001,-0.50000000001,-2.94103819952111));
#8789=CARTESIAN_POINT('',(-3.1,-0.343160300081479,-2.94103819951111));
#8790=CARTESIAN_POINT('',(-3.10000000001,-0.347399210900087,-2.91560473466946));
#8791=CARTESIAN_POINT('',(-3.65,-0.5,-1.6));
#8792=CARTESIAN_POINT('',(5.00000000001,-0.500000000009997,-2.00000000000999));
#8793=CARTESIAN_POINT('',(-3.43193673965434,-0.499999999999997,-1.99999999999999));
#8794=CARTESIAN_POINT('',(-3.7643465909091,-0.499999999999997,-1.99999999999999));
#8795=CARTESIAN_POINT('',(-3.58008488781249,-0.50000000001,-1.60000000001));
#8796=CARTESIAN_POINT('',(-3.58008488780249,-0.5,-1.6));
#8797=CARTESIAN_POINT('',(-3.06268502727444,-0.50000000001,-0.0382882894710368));
#8798=CARTESIAN_POINT('',(-3.06268502726442,-0.5,-0.0382882894609684));
#8799=CARTESIAN_POINT('',(-3.30000000001,-0.50000000001,0.0403348859842006));
#8800=CARTESIAN_POINT('',(-3.05,-0.5,0.0403348859742004));
#8801=CARTESIAN_POINT('',(-3.05000000001,-0.50000000001,1.27000000001));
#8802=CARTESIAN_POINT('',(-3.00000000001,-0.50000000001,1.56580398916498));
#8803=CARTESIAN_POINT('',(-3.00000000000096,-0.5,1.56580398915514));
#8804=CARTESIAN_POINT('',(-3.05000000001,-0.50000000001,1.27000000001));
#8805=CARTESIAN_POINT('',(-3.35,-0.5,1.27));
#8806=CARTESIAN_POINT('',(-3.35000000001,-0.50000000001,0.));
#8807=CARTESIAN_POINT('',(-3.35,-0.5,2.16840434497101E-16));
#8808=CARTESIAN_POINT('',(-3.88572766706125,-0.50000000001,-1.51673856243789));
#8809=CARTESIAN_POINT('',(-3.88572766705106,-0.5,-1.51673856242735));
#8810=CARTESIAN_POINT('',(-3.65000000001,-0.50000000001,-1.60000000001));
#8811=CARTESIAN_POINT('',(-3.88342175066313,-0.5,-1.6895225464191));
#8812=CARTESIAN_POINT('',(-3.40000000001,-0.50000000001,-2.95000000000999));
#8813=CARTESIAN_POINT('',(-3.65,0.5,-1.6));
#8814=CARTESIAN_POINT('',(-3.58008488781249,0.50000000001,-1.60000000001));
#8815=CARTESIAN_POINT('',(-3.58008488780249,0.5,-1.6));
#8816=CARTESIAN_POINT('',(-3.40000000001,0.50000000001,-2.95000000000999));
#8817=CARTESIAN_POINT('',(-3.88342175066313,0.5,-1.6895225464191));
#8818=CARTESIAN_POINT('',(-3.65000000001,0.50000000001,-1.60000000001));
#8819=CARTESIAN_POINT('',(-3.88572766705106,0.5,-1.51673856242735));
#8820=CARTESIAN_POINT('',(-3.88572766706125,0.50000000001,-1.51673856243789));
#8821=CARTESIAN_POINT('',(-3.35,0.5,2.16840434497101E-16));
#8822=CARTESIAN_POINT('',(-3.35000000001,0.50000000001,0.));
#8823=CARTESIAN_POINT('',(-3.35,0.5,1.27));
#8824=CARTESIAN_POINT('',(-3.05000000001,0.50000000001,1.27000000001));
#8825=CARTESIAN_POINT('',(-3.00000000000096,0.5,1.56580398915514));
#8826=CARTESIAN_POINT('',(-3.00000000001,0.50000000001,1.56580398916498));
#8827=CARTESIAN_POINT('',(-3.05000000001,0.50000000001,1.27000000001));
#8828=CARTESIAN_POINT('',(-3.05,0.5,0.0403348859742004));
#8829=CARTESIAN_POINT('',(-3.30000000001,0.50000000001,0.0403348859842006));
#8830=CARTESIAN_POINT('',(-3.06268502726442,0.5,-0.0382882894609684));
#8831=CARTESIAN_POINT('',(-3.06268502727444,0.50000000001,-0.0382882894710368));
#8832=CARTESIAN_POINT('',(-3.65,-0.5,-1.6));
#8833=CARTESIAN_POINT('',(-3.88342175067313,-0.50000000001,-1.6895225464291));
#8834=CARTESIAN_POINT('',(-3.88572766706106,-0.50000000001,-1.51673856243735));
#8835=CARTESIAN_POINT('',(-3.4,-0.5,-2.94999999999999));
#8836=CARTESIAN_POINT('',(-3.40000000001,-0.50000000001,-2.95000000000999));
#8837=CARTESIAN_POINT('',(-3.4,-0.341666666666666,-2.94999999999999));
#8838=CARTESIAN_POINT('',(-3.40861436629383,-0.345410193753096,-2.92753883755141));
#8839=CARTESIAN_POINT('',(-3.35,-0.5,-2.94103819951111));
#8840=CARTESIAN_POINT('',(-3.11556280982907,-0.50000000001,-2.85420961056521));
#8841=CARTESIAN_POINT('',(-3.11556280981907,-0.357631731574129,-2.85420961055521));
#8842=CARTESIAN_POINT('',(-3.35000000001,-0.343160300091479,-2.94103819952111));
#8843=CARTESIAN_POINT('',(-3.05,-0.5,1.27));
#8844=CARTESIAN_POINT('',(-3.35000000001,-0.50000000001,1.27000000001));
#8845=CARTESIAN_POINT('',(-3.00000000001096,-0.50000000001,1.56580398916514));
#8846=CARTESIAN_POINT('',(-3.35,-0.5,0.));
#8847=CARTESIAN_POINT('',(-3.35000000001,-0.50000000001,1.00002168404345E-11));
#8848=CARTESIAN_POINT('',(-3.88572766705125,-0.5,-1.51673856242789));
#8849=CARTESIAN_POINT('',(5.,-0.25,-3.49999999999999));
#8850=CARTESIAN_POINT('',(5.00000000001,-0.25000000001,-3.50000000000999));
#8851=CARTESIAN_POINT('',(-3.4,-0.25,-3.49999999999999));
#8852=CARTESIAN_POINT('',(-3.57655235911069,-0.565077028760853,-1.60953782750485));
#8853=CARTESIAN_POINT('',(-3.40000000001,-0.256756756766757,-3.45945945946945));
#8854=CARTESIAN_POINT('',(-3.58008488780249,-0.5,-1.6));
#8855=CARTESIAN_POINT('',(-3.58008488781249,-0.50000000001,-1.60000000001));
#8856=CARTESIAN_POINT('',(-3.,-0.5,1.56580398915498));
#8857=CARTESIAN_POINT('',(-3.4,-0.5,-3.49999999999999));
#8858=CARTESIAN_POINT('',(-3.40000000001,-0.50000000001,-3.50000000000999));
#8859=CARTESIAN_POINT('',(-3.25,-0.5,-3.49999999999999));
#8860=CARTESIAN_POINT('',(-3.05,-0.5,1.27));
#8861=CARTESIAN_POINT('',(-3.05000000001,-0.50000000001,0.0403348859842004));
#8862=CARTESIAN_POINT('',(-3.06268502726444,-0.5,-0.0382882894610368));
#8863=CARTESIAN_POINT('',(-3.06268502727442,-0.50000000001,-0.0382882894709684));
#8864=CARTESIAN_POINT('',(-3.3,-0.5,0.0403348859742006));
#8865=CARTESIAN_POINT('',(0.,0.,0.));
#8866=CARTESIAN_POINT('',(3.05,-0.5,0.0403348859742003));
#8867=CARTESIAN_POINT('',(3.05000000001,0.50000000001,0.0403348859842003));
#8868=CARTESIAN_POINT('',(3.05,0.5,0.0403348859742006));
#8869=CARTESIAN_POINT('',(3.05,0.5,1.27));
#8870=CARTESIAN_POINT('',(3.05000000001,-0.50000000001,0.0403348859842006));
#8871=CARTESIAN_POINT('',(3.05,-0.5,0.0403348859742006));
#8872=CARTESIAN_POINT('',(3.05000000001,-0.50000000001,0.0403348859842003));
#8873=CARTESIAN_POINT('',(3.05,-0.5,1.27));
#8874=CARTESIAN_POINT('',(3.05000000001,-0.50000000001,1.27000000001));
#8875=CARTESIAN_POINT('',(7.,0.25,-3.49999999999999));
#8876=CARTESIAN_POINT('',(3.10000000001,0.22972972973973,-3.62162162163161));
#8877=CARTESIAN_POINT('',(3.1,0.25,-3.49999999999999));
#8878=CARTESIAN_POINT('',(3.1,0.34316030008148,-2.94103819951111));
#8879=CARTESIAN_POINT('',(3.35000000001,0.34316030009148,-2.94103819952111));
#8880=CARTESIAN_POINT('',(3.11556280981885,0.357631731574028,-2.85420961055583));
#8881=CARTESIAN_POINT('',(3.07011867921873,0.337181872809475,-2.97690876321315));
#8882=CARTESIAN_POINT('',(3.43193673965434,0.5,-2.));
#8883=CARTESIAN_POINT('',(7.00000000001,0.50000000001,-2.00000000000999));
#8884=CARTESIAN_POINT('',(3.76434659090909,0.5,-1.99999999999999));
#8885=CARTESIAN_POINT('',(3.82619989360891,0.526879459944342,-1.83872324040394));
#8886=CARTESIAN_POINT('',(3.4,0.341666666666667,-2.94999999999999));
#8887=CARTESIAN_POINT('',(3.40000000001,0.318918918928919,-3.08648648649648));
#8888=CARTESIAN_POINT('',(3.4,0.25,-3.49999999999999));
#8889=CARTESIAN_POINT('',(7.00000000001,0.25000000001,-3.50000000000999));
#8890=CARTESIAN_POINT('',(3.65,-0.5,-1.6));
#8891=CARTESIAN_POINT('',(3.65000000001,0.50000000001,-1.60000000001));
#8892=CARTESIAN_POINT('',(3.88572766705125,0.5,-1.51673856242789));
#8893=CARTESIAN_POINT('',(3.88342175066313,0.5,-1.6895225464191));
#8894=CARTESIAN_POINT('',(3.88572766706125,-0.50000000001,-1.51673856243789));
#8895=CARTESIAN_POINT('',(3.88572766705125,-0.5,-1.51673856242789));
#8896=CARTESIAN_POINT('',(3.65000000001,-0.50000000001,-1.60000000001));
#8897=CARTESIAN_POINT('',(3.88342175066313,-0.5,-1.6895225464191));
#8898=CARTESIAN_POINT('',(3.88342175067313,-0.50000000001,-1.6895225464291));
#8899=CARTESIAN_POINT('',(3.11556280981907,-0.5,-2.85420961055521));
#8900=CARTESIAN_POINT('',(3.11556280982885,-0.50000000001,-2.85420961056583));
#8901=CARTESIAN_POINT('',(3.11556280981885,-0.357631731574026,-2.85420961055583));
#8902=CARTESIAN_POINT('',(3.12310660974566,-0.361026441546594,-2.83384135079042));
#8903=CARTESIAN_POINT('',(3.43193673965435,-0.499999999999997,-1.99999999999999));
#8904=CARTESIAN_POINT('',(3.11556280982907,-0.50000000001,-2.85420961056521));
#8905=CARTESIAN_POINT('',(3.58008488780249,-0.5,-1.6));
#8906=CARTESIAN_POINT('',(3.58008488781249,-0.50000000001,-1.60000000001));
#8907=CARTESIAN_POINT('',(3.58008488780249,0.5,-1.6));
#8908=CARTESIAN_POINT('',(3.11556280982907,0.50000000001,-2.85420961056521));
#8909=CARTESIAN_POINT('',(3.35,0.5,-2.94103819951111));
#8910=CARTESIAN_POINT('',(3.58008488781249,0.50000000001,-1.60000000001));
#8911=CARTESIAN_POINT('',(3.06268502726444,0.5,-0.0382882894610372));
#8912=CARTESIAN_POINT('',(3.30000000001,0.50000000001,0.0403348859842006));
#8913=CARTESIAN_POINT('',(3.05000000001,0.50000000001,1.27000000001));
#8914=CARTESIAN_POINT('',(3.,0.5,1.27));
#8915=CARTESIAN_POINT('',(3.00000000001,0.50000000001,1.27000000001));
#8916=CARTESIAN_POINT('',(3.,0.5,1.56580398915498));
#8917=CARTESIAN_POINT('',(3.05000000001,0.50000000001,1.27000000001));
#8918=CARTESIAN_POINT('',(3.35,0.5,1.26999999999917));
#8919=CARTESIAN_POINT('',(3.35000000001,0.50000000001,1.27000000001));
#8920=CARTESIAN_POINT('',(3.35,0.5,0.));
#8921=CARTESIAN_POINT('',(3.35000000001,0.50000000001,0.));
#8922=CARTESIAN_POINT('',(3.88342175067313,0.50000000001,-1.6895225464291));
#8923=CARTESIAN_POINT('',(3.3,-0.5,0.0403348859742006));
#8924=CARTESIAN_POINT('',(3.06268502727444,-0.50000000001,-0.0382882894710372));
#8925=CARTESIAN_POINT('',(3.06268502726444,-0.5,-0.0382882894610372));
#8926=CARTESIAN_POINT('',(3.30000000001,-0.50000000001,0.0403348859842006));
#8927=CARTESIAN_POINT('',(3.,-0.5,1.27));
#8928=CARTESIAN_POINT('',(3.00000000001,-0.50000000001,1.27000000001));
#8929=CARTESIAN_POINT('',(3.,-0.5,1.27));
#8930=CARTESIAN_POINT('',(3.00000000001,-0.50000000001,1.27000000001));
#8931=CARTESIAN_POINT('',(3.,-0.5,1.56580398915498));
#8932=CARTESIAN_POINT('',(3.00000000001,-0.50000000001,1.56580398916498));
#8933=CARTESIAN_POINT('',(3.35,-0.5,1.27));
#8934=CARTESIAN_POINT('',(3.35000000001,-0.50000000001,1.27000000000917));
#8935=CARTESIAN_POINT('',(3.35,-0.5,1.26999999999917));
#8936=CARTESIAN_POINT('',(3.35000000001,-0.50000000001,1.27000000001));
#8937=CARTESIAN_POINT('',(3.35,-0.5,0.));
#8938=CARTESIAN_POINT('',(3.35000000001,-0.50000000001,0.));
#8939=CARTESIAN_POINT('',(3.58008488780249,-0.5,-1.6));
#8940=CARTESIAN_POINT('',(3.58008488781249,-0.50000000001,-1.60000000001));
#8941=CARTESIAN_POINT('',(3.05,-0.5,1.27));
#8942=CARTESIAN_POINT('',(3.05000000001,-0.50000000001,1.27000000001));
#8943=CARTESIAN_POINT('',(3.05,-0.5,1.27));
#8944=CARTESIAN_POINT('',(3.05000000001,-0.50000000001,1.27000000001));
#8945=CARTESIAN_POINT('',(3.25,-0.5,-3.49999999999999));
#8946=CARTESIAN_POINT('',(3.40000000001,-0.50000000001,-3.50000000000999));
#8947=CARTESIAN_POINT('',(3.4,-0.25,-3.49999999999999));
#8948=CARTESIAN_POINT('',(7.00000000001,-0.25000000001,-3.50000000000999));
#8949=CARTESIAN_POINT('',(3.1,-0.25,-3.49999999999999));
#8950=CARTESIAN_POINT('',(3.10000000001,-0.50000000001,-3.50000000000999));
#8951=CARTESIAN_POINT('',(3.4,-0.5,-2.94999999999999));
#8952=CARTESIAN_POINT('',(3.40000000001,-0.50000000001,-2.95000000000999));
#8953=CARTESIAN_POINT('',(3.4,-0.341666666666666,-2.94999999999999));
#8954=CARTESIAN_POINT('',(3.40000000001,-0.345945945955945,-2.92432432433432));
#8955=CARTESIAN_POINT('',(3.88342175066313,-0.5,-1.6895225464191));
#8956=CARTESIAN_POINT('',(3.88342175067313,-0.50000000001,-1.6895225464291));
#8957=CARTESIAN_POINT('',(3.7643465909091,-0.5,-1.99999999999997));
#8958=CARTESIAN_POINT('',(3.8806064175068,-0.550522788848109,-1.69686326698132));
#8959=CARTESIAN_POINT('',(7.,-0.499999999999997,-1.99999999999999));
#8960=CARTESIAN_POINT('',(3.10000000001,-0.256756756766757,-3.45945945946945));
#8961=CARTESIAN_POINT('',(3.1,-0.343160300081479,-2.94103819951111));
#8962=CARTESIAN_POINT('',(7.00000000001,-0.500000000009997,-2.00000000000999));
#8963=CARTESIAN_POINT('',(3.35000000001,-0.343160300091479,-2.94103819952111));
#8964=CARTESIAN_POINT('',(3.35,-0.5,0.));
#8965=CARTESIAN_POINT('',(3.35000000001,-0.50000000001,0.));
#8966=CARTESIAN_POINT('',(3.35,-0.5,-2.94103819951111));
#8967=CARTESIAN_POINT('',(3.35,-0.5,-2.94103819951111));
#8968=CARTESIAN_POINT('',(3.10000000001,-0.50000000001,-2.94103819952111));
#8969=CARTESIAN_POINT('',(3.1,-0.5,-3.49999999999999));
#8970=CARTESIAN_POINT('',(0.,0.,0.));
#8971=(
GEOMETRIC_REPRESENTATION_CONTEXT(3)
GLOBAL_UNCERTAINTY_ASSIGNED_CONTEXT((#8982))
GLOBAL_UNIT_ASSIGNED_CONTEXT((#8995,#8994,#8993))
REPRESENTATION_CONTEXT('PTS636SP43LFS','TOP_LEVEL_ASSEMBLY_PART')
);
#8972=(
GEOMETRIC_REPRESENTATION_CONTEXT(3)
GLOBAL_UNCERTAINTY_ASSIGNED_CONTEXT((#8983))
GLOBAL_UNIT_ASSIGNED_CONTEXT((#8995,#8994,#8993))
REPRESENTATION_CONTEXT('PTS636SP43LFS_PART1','COMPONENT_PART')
);
#8973=(
GEOMETRIC_REPRESENTATION_CONTEXT(3)
GLOBAL_UNCERTAINTY_ASSIGNED_CONTEXT((#8984))
GLOBAL_UNIT_ASSIGNED_CONTEXT((#8995,#8994,#8993))
REPRESENTATION_CONTEXT('PTS636SP43LFS_PART2','COMPONENT_PART')
);
#8974=(
GEOMETRIC_REPRESENTATION_CONTEXT(3)
GLOBAL_UNCERTAINTY_ASSIGNED_CONTEXT((#8985))
GLOBAL_UNIT_ASSIGNED_CONTEXT((#8995,#8994,#8993))
REPRESENTATION_CONTEXT('PTS636SP43LFS_PART3','COMPONENT_PART')
);
#8975=(
GEOMETRIC_REPRESENTATION_CONTEXT(3)
GLOBAL_UNCERTAINTY_ASSIGNED_CONTEXT((#8986))
GLOBAL_UNIT_ASSIGNED_CONTEXT((#8995,#8994,#8993))
REPRESENTATION_CONTEXT('PTS636SP43LFS_PART4','COMPONENT_PART')
);
#8976=(
GEOMETRIC_REPRESENTATION_CONTEXT(3)
GLOBAL_UNCERTAINTY_ASSIGNED_CONTEXT((#8987))
GLOBAL_UNIT_ASSIGNED_CONTEXT((#8995,#8994,#8993))
REPRESENTATION_CONTEXT('PTS636SP43LFS_PART5','COMPONENT_PART')
);
#8977=(
GEOMETRIC_REPRESENTATION_CONTEXT(3)
GLOBAL_UNCERTAINTY_ASSIGNED_CONTEXT((#8988))
GLOBAL_UNIT_ASSIGNED_CONTEXT((#8995,#8994,#8993))
REPRESENTATION_CONTEXT('PTS636SP43LFS_PART6','COMPONENT_PART')
);
#8978=(
GEOMETRIC_REPRESENTATION_CONTEXT(3)
GLOBAL_UNCERTAINTY_ASSIGNED_CONTEXT((#8989))
GLOBAL_UNIT_ASSIGNED_CONTEXT((#8995,#8994,#8993))
REPRESENTATION_CONTEXT('PTS636SP43LFS_PART7','COMPONENT_PART')
);
#8979=(
GEOMETRIC_REPRESENTATION_CONTEXT(3)
GLOBAL_UNCERTAINTY_ASSIGNED_CONTEXT((#8990))
GLOBAL_UNIT_ASSIGNED_CONTEXT((#8995,#8994,#8993))
REPRESENTATION_CONTEXT('PTS636SP43LFS_PART8','COMPONENT_PART')
);
#8980=(
GEOMETRIC_REPRESENTATION_CONTEXT(3)
GLOBAL_UNCERTAINTY_ASSIGNED_CONTEXT((#8991))
GLOBAL_UNIT_ASSIGNED_CONTEXT((#8995,#8994,#8993))
REPRESENTATION_CONTEXT('PTS636SP43LFS_PART9','COMPONENT_PART')
);
#8981=(
GEOMETRIC_REPRESENTATION_CONTEXT(3)
GLOBAL_UNCERTAINTY_ASSIGNED_CONTEXT((#8992))
GLOBAL_UNIT_ASSIGNED_CONTEXT((#8995,#8994,#8993))
REPRESENTATION_CONTEXT('PTS636SP43LFS_PART10','COMPONENT_PART')
);
#8982=UNCERTAINTY_MEASURE_WITH_UNIT(LENGTH_MEASURE(0.005),#8995,
'DISTANCE_ACCURACY_VALUE','Maximum Tolerance applied to model');
#8983=UNCERTAINTY_MEASURE_WITH_UNIT(LENGTH_MEASURE(0.005),#8995,
'DISTANCE_ACCURACY_VALUE','Maximum Tolerance applied to model');
#8984=UNCERTAINTY_MEASURE_WITH_UNIT(LENGTH_MEASURE(0.005),#8995,
'DISTANCE_ACCURACY_VALUE','Maximum Tolerance applied to model');
#8985=UNCERTAINTY_MEASURE_WITH_UNIT(LENGTH_MEASURE(0.005),#8995,
'DISTANCE_ACCURACY_VALUE','Maximum Tolerance applied to model');
#8986=UNCERTAINTY_MEASURE_WITH_UNIT(LENGTH_MEASURE(0.005),#8995,
'DISTANCE_ACCURACY_VALUE','Maximum Tolerance applied to model');
#8987=UNCERTAINTY_MEASURE_WITH_UNIT(LENGTH_MEASURE(0.005),#8995,
'DISTANCE_ACCURACY_VALUE','Maximum Tolerance applied to model');
#8988=UNCERTAINTY_MEASURE_WITH_UNIT(LENGTH_MEASURE(0.005),#8995,
'DISTANCE_ACCURACY_VALUE','Maximum Tolerance applied to model');
#8989=UNCERTAINTY_MEASURE_WITH_UNIT(LENGTH_MEASURE(0.005),#8995,
'DISTANCE_ACCURACY_VALUE','Maximum Tolerance applied to model');
#8990=UNCERTAINTY_MEASURE_WITH_UNIT(LENGTH_MEASURE(0.005),#8995,
'DISTANCE_ACCURACY_VALUE','Maximum Tolerance applied to model');
#8991=UNCERTAINTY_MEASURE_WITH_UNIT(LENGTH_MEASURE(0.005),#8995,
'DISTANCE_ACCURACY_VALUE','Maximum Tolerance applied to model');
#8992=UNCERTAINTY_MEASURE_WITH_UNIT(LENGTH_MEASURE(0.005),#8995,
'DISTANCE_ACCURACY_VALUE','Maximum Tolerance applied to model');
#8993=(
NAMED_UNIT(*)
SI_UNIT($,.STERADIAN.)
SOLID_ANGLE_UNIT()
);
#8994=(
NAMED_UNIT(*)
PLANE_ANGLE_UNIT()
SI_UNIT($,.RADIAN.)
);
#8995=(
LENGTH_UNIT()
NAMED_UNIT(*)
SI_UNIT(.MILLI.,.METRE.)
);
#8996=PRODUCT_DEFINITION_SHAPE('','',#9017);
#8997=PRODUCT_DEFINITION_SHAPE('','',#9018);
#8998=PRODUCT_DEFINITION_SHAPE(' ','NAUO PRDDFN',#28);
#8999=PRODUCT_DEFINITION_SHAPE('','',#9019);
#9000=PRODUCT_DEFINITION_SHAPE(' ','NAUO PRDDFN',#29);
#9001=PRODUCT_DEFINITION_SHAPE('','',#9020);
#9002=PRODUCT_DEFINITION_SHAPE(' ','NAUO PRDDFN',#30);
#9003=PRODUCT_DEFINITION_SHAPE('','',#9021);
#9004=PRODUCT_DEFINITION_SHAPE(' ','NAUO PRDDFN',#31);
#9005=PRODUCT_DEFINITION_SHAPE('','',#9022);
#9006=PRODUCT_DEFINITION_SHAPE(' ','NAUO PRDDFN',#32);
#9007=PRODUCT_DEFINITION_SHAPE('','',#9023);
#9008=PRODUCT_DEFINITION_SHAPE(' ','NAUO PRDDFN',#33);
#9009=PRODUCT_DEFINITION_SHAPE('','',#9024);
#9010=PRODUCT_DEFINITION_SHAPE(' ','NAUO PRDDFN',#34);
#9011=PRODUCT_DEFINITION_SHAPE('','',#9025);
#9012=PRODUCT_DEFINITION_SHAPE(' ','NAUO PRDDFN',#35);
#9013=PRODUCT_DEFINITION_SHAPE('','',#9026);
#9014=PRODUCT_DEFINITION_SHAPE(' ','NAUO PRDDFN',#36);
#9015=PRODUCT_DEFINITION_SHAPE('','',#9027);
#9016=PRODUCT_DEFINITION_SHAPE(' ','NAUO PRDDFN',#37);
#9017=PRODUCT_DEFINITION('','',#9039,#9028);
#9018=PRODUCT_DEFINITION('','',#9040,#9029);
#9019=PRODUCT_DEFINITION('','',#9041,#9030);
#9020=PRODUCT_DEFINITION('','',#9042,#9031);
#9021=PRODUCT_DEFINITION('','',#9043,#9032);
#9022=PRODUCT_DEFINITION('','',#9044,#9033);
#9023=PRODUCT_DEFINITION('','',#9045,#9034);
#9024=PRODUCT_DEFINITION('','',#9046,#9035);
#9025=PRODUCT_DEFINITION('','',#9047,#9036);
#9026=PRODUCT_DEFINITION('','',#9048,#9037);
#9027=PRODUCT_DEFINITION('','',#9049,#9038);
#9028=PRODUCT_DEFINITION_CONTEXT('',#9095,'design');
#9029=PRODUCT_DEFINITION_CONTEXT('',#9095,'design');
#9030=PRODUCT_DEFINITION_CONTEXT('',#9095,'design');
#9031=PRODUCT_DEFINITION_CONTEXT('',#9095,'design');
#9032=PRODUCT_DEFINITION_CONTEXT('',#9095,'design');
#9033=PRODUCT_DEFINITION_CONTEXT('',#9095,'design');
#9034=PRODUCT_DEFINITION_CONTEXT('',#9095,'design');
#9035=PRODUCT_DEFINITION_CONTEXT('',#9095,'design');
#9036=PRODUCT_DEFINITION_CONTEXT('',#9095,'design');
#9037=PRODUCT_DEFINITION_CONTEXT('',#9095,'design');
#9038=PRODUCT_DEFINITION_CONTEXT('',#9095,'design');
#9039=PRODUCT_DEFINITION_FORMATION_WITH_SPECIFIED_SOURCE('','',#9061,
 .NOT_KNOWN.);
#9040=PRODUCT_DEFINITION_FORMATION_WITH_SPECIFIED_SOURCE('','',#9062,
 .NOT_KNOWN.);
#9041=PRODUCT_DEFINITION_FORMATION_WITH_SPECIFIED_SOURCE('','',#9063,
 .NOT_KNOWN.);
#9042=PRODUCT_DEFINITION_FORMATION_WITH_SPECIFIED_SOURCE('','',#9064,
 .NOT_KNOWN.);
#9043=PRODUCT_DEFINITION_FORMATION_WITH_SPECIFIED_SOURCE('','',#9065,
 .NOT_KNOWN.);
#9044=PRODUCT_DEFINITION_FORMATION_WITH_SPECIFIED_SOURCE('','',#9066,
 .NOT_KNOWN.);
#9045=PRODUCT_DEFINITION_FORMATION_WITH_SPECIFIED_SOURCE('','',#9067,
 .NOT_KNOWN.);
#9046=PRODUCT_DEFINITION_FORMATION_WITH_SPECIFIED_SOURCE('','',#9068,
 .NOT_KNOWN.);
#9047=PRODUCT_DEFINITION_FORMATION_WITH_SPECIFIED_SOURCE('','',#9069,
 .NOT_KNOWN.);
#9048=PRODUCT_DEFINITION_FORMATION_WITH_SPECIFIED_SOURCE('','',#9070,
 .NOT_KNOWN.);
#9049=PRODUCT_DEFINITION_FORMATION_WITH_SPECIFIED_SOURCE('','',#9071,
 .NOT_KNOWN.);
#9050=PRODUCT_RELATED_PRODUCT_CATEGORY('','',(#9061));
#9051=PRODUCT_RELATED_PRODUCT_CATEGORY('','',(#9062));
#9052=PRODUCT_RELATED_PRODUCT_CATEGORY('','',(#9063));
#9053=PRODUCT_RELATED_PRODUCT_CATEGORY('','',(#9064));
#9054=PRODUCT_RELATED_PRODUCT_CATEGORY('','',(#9065));
#9055=PRODUCT_RELATED_PRODUCT_CATEGORY('','',(#9066));
#9056=PRODUCT_RELATED_PRODUCT_CATEGORY('','',(#9067));
#9057=PRODUCT_RELATED_PRODUCT_CATEGORY('','',(#9068));
#9058=PRODUCT_RELATED_PRODUCT_CATEGORY('','',(#9069));
#9059=PRODUCT_RELATED_PRODUCT_CATEGORY('','',(#9070));
#9060=PRODUCT_RELATED_PRODUCT_CATEGORY('','',(#9071));
#9061=PRODUCT('PTS636SP43LFS','PTS636SP43LFS','PTS636SP43LFS',(#9083));
#9062=PRODUCT('PTS636SP43LFS_PART1','PTS636SP43LFS_PART1',
'PTS636SP43LFS_PART1',(#9084));
#9063=PRODUCT('PTS636SP43LFS_PART2','PTS636SP43LFS_PART2',
'PTS636SP43LFS_PART2',(#9085));
#9064=PRODUCT('PTS636SP43LFS_PART3','PTS636SP43LFS_PART3',
'PTS636SP43LFS_PART3',(#9086));
#9065=PRODUCT('PTS636SP43LFS_PART4','PTS636SP43LFS_PART4',
'PTS636SP43LFS_PART4',(#9087));
#9066=PRODUCT('PTS636SP43LFS_PART5','PTS636SP43LFS_PART5',
'PTS636SP43LFS_PART5',(#9088));
#9067=PRODUCT('PTS636SP43LFS_PART6','PTS636SP43LFS_PART6',
'PTS636SP43LFS_PART6',(#9089));
#9068=PRODUCT('PTS636SP43LFS_PART7','PTS636SP43LFS_PART7',
'PTS636SP43LFS_PART7',(#9090));
#9069=PRODUCT('PTS636SP43LFS_PART8','PTS636SP43LFS_PART8',
'PTS636SP43LFS_PART8',(#9091));
#9070=PRODUCT('PTS636SP43LFS_PART9','PTS636SP43LFS_PART9',
'PTS636SP43LFS_PART9',(#9092));
#9071=PRODUCT('PTS636SP43LFS_PART10','PTS636SP43LFS_PART10',
'PTS636SP43LFS_PART10',(#9093));
#9072=PRODUCT_CATEGORY('','');
#9073=PRODUCT_CATEGORY('','');
#9074=PRODUCT_CATEGORY('','');
#9075=PRODUCT_CATEGORY('','');
#9076=PRODUCT_CATEGORY('','');
#9077=PRODUCT_CATEGORY('','');
#9078=PRODUCT_CATEGORY('','');
#9079=PRODUCT_CATEGORY('','');
#9080=PRODUCT_CATEGORY('','');
#9081=PRODUCT_CATEGORY('','');
#9082=PRODUCT_CATEGORY('','');
#9083=PRODUCT_CONTEXT('',#9095,'mechanical');
#9084=PRODUCT_CONTEXT('',#9095,'mechanical');
#9085=PRODUCT_CONTEXT('',#9095,'mechanical');
#9086=PRODUCT_CONTEXT('',#9095,'mechanical');
#9087=PRODUCT_CONTEXT('',#9095,'mechanical');
#9088=PRODUCT_CONTEXT('',#9095,'mechanical');
#9089=PRODUCT_CONTEXT('',#9095,'mechanical');
#9090=PRODUCT_CONTEXT('',#9095,'mechanical');
#9091=PRODUCT_CONTEXT('',#9095,'mechanical');
#9092=PRODUCT_CONTEXT('',#9095,'mechanical');
#9093=PRODUCT_CONTEXT('',#9095,'mechanical');
#9094=APPLICATION_PROTOCOL_DEFINITION('international standard',
'automotive_design',2010,#9095);
#9095=APPLICATION_CONTEXT(
'core data for automotive mechanical design processes');
ENDSEC;
END-ISO-10303-21;
